mag_id	species	superkingdom	phylum	class	data_type	source	access	note
NC_009135	NC_009135	Eukaryota	Unknown		unsupervised	Ensembl/Other	Unknown	Named organism, source unclear
NC_007426	NC_007426	Eukaryota	Unknown		unsupervised	Ensembl/Other	Unknown	Named organism, source unclear
NC_002516	NC_002516	Eukaryota	Unknown		unsupervised	Ensembl/Other	Unknown	Named organism, source unclear
NC_009376	NC_009376	Eukaryota	Unknown		unsupervised	Ensembl/Other	Unknown	Named organism, source unclear
CP000680	CP000680	Eukaryota	Unknown		unsupervised	Ensembl/Other	Unknown	Named organism, source unclear
CP000820	CP000820	Eukaryota	Unknown		unsupervised	Ensembl/Other	Unknown	Named organism, source unclear
CP069362	CP069362	Eukaryota	Unknown		unsupervised	Ensembl/Other	Unknown	Named organism, source unclear
NC_011726	NC_011726	Eukaryota	Unknown		unsupervised	Ensembl/Other	Unknown	Named organism, source unclear
CP069353	CP069353	Eukaryota	Unknown		unsupervised	Ensembl/Other	Unknown	Named organism, source unclear
CP069361	CP069361	Eukaryota	Unknown		unsupervised	Ensembl/Other	Unknown	Named organism, source unclear
NC_009718	NC_009718	Eukaryota	Unknown		unsupervised	Ensembl/Other	Unknown	Named organism, source unclear
NC_002978	NC_002978	Eukaryota	Unknown		unsupervised	Ensembl/Other	Unknown	Named organism, source unclear
NC_011766	NC_011766	Eukaryota	Unknown		unsupervised	Ensembl/Other	Unknown	Named organism, source unclear
NC_002754	NC_002754	Eukaryota	Unknown		unsupervised	Ensembl/Other	Unknown	Named organism, source unclear
NC_000854	NC_000854	Eukaryota	Unknown		unsupervised	Ensembl/Other	Unknown	Named organism, source unclear
NC_006396	NC_006396	Eukaryota	Unknown		unsupervised	Ensembl/Other	Unknown	Named organism, source unclear
NC_000913	NC_000913	Eukaryota	Unknown		unsupervised	Ensembl/Other	Unknown	Named organism, source unclear
NC_000909	NC_000909	Eukaryota	Unknown		unsupervised	Ensembl/Other	Unknown	Named organism, source unclear
CP069367	CP069367	Eukaryota	Unknown		unsupervised	Ensembl/Other	Unknown	Named organism, source unclear
CP063944	CP063944	Eukaryota	Unknown		unsupervised	Ensembl/Other	Unknown	Named organism, source unclear
NC_001137	NC_001137	Eukaryota	Unknown		unsupervised	Ensembl/Other	Unknown	Named organism, source unclear
NC_001136	NC_001136	Eukaryota	Unknown		unsupervised	Ensembl/Other	Unknown	Named organism, source unclear
NC_000916	NC_000916	Eukaryota	Unknown		unsupervised	Ensembl/Other	Unknown	Named organism, source unclear
NC_000964	NC_000964	Eukaryota	Unknown		unsupervised	Ensembl/Other	Unknown	Named organism, source unclear
CP069365	CP069365	Eukaryota	Unknown		unsupervised	Ensembl/Other	Unknown	Named organism, source unclear
CP069363	CP069363	Eukaryota	Unknown		unsupervised	Ensembl/Other	Unknown	Named organism, source unclear
NC_003552	NC_003552	Eukaryota	Unknown		unsupervised	Ensembl/Other	Unknown	Named organism, source unclear
CP069366	CP069366	Eukaryota	Unknown		unsupervised	Ensembl/Other	Unknown	Named organism, source unclear
CP071081	CP071081	Eukaryota	Unknown		unsupervised	Ensembl/Other	Unknown	Named organism, source unclear
NC_013156	NC_013156	Eukaryota	Unknown		unsupervised	Ensembl/Other	Unknown	Named organism, source unclear
CP069364	CP069364	Eukaryota	Unknown		unsupervised	Ensembl/Other	Unknown	Named organism, source unclear
NC_000917	NC_000917	Eukaryota	Unknown		unsupervised	Ensembl/Other	Unknown	Named organism, source unclear
NC_000868	NC_000868	Eukaryota	Unknown		unsupervised	Ensembl/Other	Unknown	Named organism, source unclear
Giardia_lamblia.GL2.dna.toplevel	Giardia_lamblia.GL2.dna.toplevel	Eukaryota	Unknown		unsupervised	Ensembl/Other	Unknown	Named organism, source unclear
Giardia_intestinalis_gca_000498715.ASM49871v1.dna.toplevel	Giardia duodenalis	Eukaryota	Fornicata		unsupervised	Ensembl/Other	Unknown	Named organism, source unclear
Blastocystis_hominis_gca_000151665.ASM15166v1.dna.toplevel	Blastocystis hominis	Eukaryota	Unknown	Bigyra	unsupervised	Ensembl/Other	Unknown	Named organism, source unclear
Phytomonas_sp_isolate_em1_gca_000582765.AKH_PRJEB1535_v1.dna.toplevel	Phytomonas sp	Eukaryota	Euglenozoa	Kinetoplastea	unsupervised	Ensembl/Other	Unknown	Named organism, source unclear
Plasmodium_vinckei_vinckei_gca_000709005.Plas_vinc_vinckei_V1.dna.toplevel	Plasmodium vinckei	Eukaryota	Apicomplexa	Aconoidasida	unsupervised	Ensembl/Other	Unknown	Named organism, source unclear
Giardia_intestinalis_assemblage_b_gca_001543975.G_duodenalis_AssB_BAH15c1.dna.toplevel	Giardia duodenalis	Eukaryota	Fornicata		unsupervised	Ensembl/Other	Unknown	Named organism, source unclear
Plasmodium_berghei.PBANKA01.dna.toplevel	Plasmodium_berghei.PBANKA01.dna.toplevel	Eukaryota	Unknown		unsupervised	Ensembl/Other	Unknown	Named organism, source unclear
Plasmodium_chabaudi.PCHAS01.dna.toplevel	Plasmodium_chabaudi.PCHAS01.dna.toplevel	Eukaryota	Unknown		unsupervised	Ensembl/Other	Unknown	Named organism, source unclear
Phytomonas_sp_isolate_hart1_gca_000982615.AKI_PRJEB1539_v1.dna.toplevel	Phytomonas sp	Eukaryota	Euglenozoa	Kinetoplastea	unsupervised	Ensembl/Other	Unknown	Named organism, source unclear
Spironucleus_salmonicida_gca_000497125.SSK3.0.dna.toplevel	Spironucleus salmonicida	Eukaryota	Fornicata		unsupervised	Ensembl/Other	Unknown	Named organism, source unclear
Giardia_lamblia_p15_gca_000182665.ASM18266v1.dna.toplevel	Giardia duodenalis	Eukaryota	Fornicata		unsupervised	Ensembl/Other	Unknown	Named organism, source unclear
Babesia_bigemina_gca_000981445.Bbig001.dna.toplevel	Babesia bigemina	Eukaryota	Apicomplexa	Aconoidasida	unsupervised	Ensembl/Other	Unknown	Named organism, source unclear
Entamoeba_histolytica_gca_001662325.Ehistolytica_2016.dna.toplevel	Entamoeba histolytica	Eukaryota	Evosea		unsupervised	Ensembl/Other	Unknown	Named organism, source unclear
Gregarina_niphandrodes_gca_000223845.GNI3.dna.toplevel	Gregarina niphandrodes	Eukaryota	Apicomplexa	Conoidasida	unsupervised	Ensembl/Other	Unknown	Named organism, source unclear
2025206003_7	2025206003_7	Bacteria	Unknown		unsupervised	IMG/JGI	Restricted	Requires institutional IMG/JGI access
2049941000_57	2049941000_57	Bacteria	Unknown		unsupervised	IMG/JGI	Restricted	Requires institutional IMG/JGI access
3300029826_12	3300029826_12	Bacteria	Unknown		unsupervised	IMG/JGI	Restricted	Requires institutional IMG/JGI access
3300029656_23	3300029656_23	Bacteria	Unknown		unsupervised	IMG/JGI	Restricted	Requires institutional IMG/JGI access
3300012862_12	3300012862_12	Bacteria	Unknown		unsupervised	IMG/JGI	Restricted	Requires institutional IMG/JGI access
3300027323_29	3300027323_29	Bacteria	Unknown		unsupervised	IMG/JGI	Restricted	Requires institutional IMG/JGI access
3300029482_16	3300029482_16	Bacteria	Unknown		unsupervised	IMG/JGI	Restricted	Requires institutional IMG/JGI access
3300011963_2	3300011963_2	Bacteria	Unknown		unsupervised	IMG/JGI	Restricted	Requires institutional IMG/JGI access
3300029821_20	3300029821_20	Bacteria	Unknown		unsupervised	IMG/JGI	Restricted	Requires institutional IMG/JGI access
3300006298_12	3300006298_12	Bacteria	Unknown		unsupervised	IMG/JGI	Restricted	Requires institutional IMG/JGI access
3300029530_13	3300029530_13	Bacteria	Unknown		unsupervised	IMG/JGI	Restricted	Requires institutional IMG/JGI access
3300011146_5	3300011146_5	Bacteria	Unknown		unsupervised	IMG/JGI	Restricted	Requires institutional IMG/JGI access
3300013406_1	3300013406_1	Bacteria	Unknown		unsupervised	IMG/JGI	Restricted	Requires institutional IMG/JGI access
3300011974_21	3300011974_21	Bacteria	Unknown		unsupervised	IMG/JGI	Restricted	Requires institutional IMG/JGI access
3300022377_8	3300022377_8	Bacteria	Unknown		unsupervised	IMG/JGI	Restricted	Requires institutional IMG/JGI access
3300029790_33	3300029790_33	Bacteria	Unknown		unsupervised	IMG/JGI	Restricted	Requires institutional IMG/JGI access
3300029229_21	3300029229_21	Bacteria	Unknown		unsupervised	IMG/JGI	Restricted	Requires institutional IMG/JGI access
3300020139_8	3300020139_8	Bacteria	Unknown		unsupervised	IMG/JGI	Restricted	Requires institutional IMG/JGI access
3300029310_21	3300029310_21	Bacteria	Unknown		unsupervised	IMG/JGI	Restricted	Requires institutional IMG/JGI access
3300027566_22	3300027566_22	Bacteria	Unknown		unsupervised	IMG/JGI	Restricted	Requires institutional IMG/JGI access
3300007648_15	3300007648_15	Bacteria	Unknown		unsupervised	IMG/JGI	Restricted	Requires institutional IMG/JGI access
3300005962_4	3300005962_4	Bacteria	Unknown		unsupervised	IMG/JGI	Restricted	Requires institutional IMG/JGI access
3300029784_7	3300029784_7	Bacteria	Unknown		unsupervised	IMG/JGI	Restricted	Requires institutional IMG/JGI access
3300029475_7	3300029475_7	Bacteria	Unknown		unsupervised	IMG/JGI	Restricted	Requires institutional IMG/JGI access
3300027976_75	3300027976_75	Bacteria	Unknown		unsupervised	IMG/JGI	Restricted	Requires institutional IMG/JGI access
3300017398_25	3300017398_25	Bacteria	Unknown		unsupervised	IMG/JGI	Restricted	Requires institutional IMG/JGI access
3300028981_3	3300028981_3	Bacteria	Unknown		unsupervised	IMG/JGI	Restricted	Requires institutional IMG/JGI access
3300029717_22	3300029717_22	Bacteria	Unknown		unsupervised	IMG/JGI	Restricted	Requires institutional IMG/JGI access
3300002481_10	3300002481_10	Bacteria	Unknown		unsupervised	IMG/JGI	Restricted	Requires institutional IMG/JGI access
3300028048_115	3300028048_115	Bacteria	Unknown		unsupervised	IMG/JGI	Restricted	Requires institutional IMG/JGI access
3300021604_25	3300021604_25	Bacteria	Unknown		unsupervised	IMG/JGI	Restricted	Requires institutional IMG/JGI access
3300029706_7	3300029706_7	Bacteria	Unknown		unsupervised	IMG/JGI	Restricted	Requires institutional IMG/JGI access
3300013997_2	3300013997_2	Bacteria	Unknown		unsupervised	IMG/JGI	Restricted	Requires institutional IMG/JGI access
3300008556_12	3300008556_12	Bacteria	Unknown		unsupervised	IMG/JGI	Restricted	Requires institutional IMG/JGI access
3300012811_2	3300012811_2	Bacteria	Unknown		unsupervised	IMG/JGI	Restricted	Requires institutional IMG/JGI access
3300017419_20	3300017419_20	Bacteria	Unknown		unsupervised	IMG/JGI	Restricted	Requires institutional IMG/JGI access
3300029356_9	3300029356_9	Bacteria	Unknown		unsupervised	IMG/JGI	Restricted	Requires institutional IMG/JGI access
3300029237_9	3300029237_9	Bacteria	Unknown		unsupervised	IMG/JGI	Restricted	Requires institutional IMG/JGI access
3300025109_5	3300025109_5	Bacteria	Unknown		unsupervised	IMG/JGI	Restricted	Requires institutional IMG/JGI access
3300026964_2	3300026964_2	Bacteria	Unknown		unsupervised	IMG/JGI	Restricted	Requires institutional IMG/JGI access
3300011497_2	3300011497_2	Bacteria	Unknown		unsupervised	IMG/JGI	Restricted	Requires institutional IMG/JGI access
3300025105_26	3300025105_26	Bacteria	Unknown		unsupervised	IMG/JGI	Restricted	Requires institutional IMG/JGI access
3300007991_29	3300007991_29	Bacteria	Unknown		unsupervised	IMG/JGI	Restricted	Requires institutional IMG/JGI access
3300012609_2	3300012609_2	Bacteria	Unknown		unsupervised	IMG/JGI	Restricted	Requires institutional IMG/JGI access
3300029881_15	3300029881_15	Bacteria	Unknown		unsupervised	IMG/JGI	Restricted	Requires institutional IMG/JGI access
3300029790_24	3300029790_24	Bacteria	Unknown		unsupervised	IMG/JGI	Restricted	Requires institutional IMG/JGI access
3300025689_28	3300025689_28	Bacteria	Unknown		unsupervised	IMG/JGI	Restricted	Requires institutional IMG/JGI access
3300014570_11	3300014570_11	Bacteria	Unknown		unsupervised	IMG/JGI	Restricted	Requires institutional IMG/JGI access
3300012850_6	3300012850_6	Bacteria	Unknown		unsupervised	IMG/JGI	Restricted	Requires institutional IMG/JGI access
3300029214_15	3300029214_15	Bacteria	Unknown		unsupervised	IMG/JGI	Restricted	Requires institutional IMG/JGI access
3300012464_1	3300012464_1	Bacteria	Unknown		unsupervised	IMG/JGI	Restricted	Requires institutional IMG/JGI access
3300007722_66	3300007722_66	Bacteria	Unknown		unsupervised	IMG/JGI	Restricted	Requires institutional IMG/JGI access
3300029717_37	3300029717_37	Bacteria	Unknown		unsupervised	IMG/JGI	Restricted	Requires institutional IMG/JGI access
3300022929_37	3300022929_37	Bacteria	Unknown		unsupervised	IMG/JGI	Restricted	Requires institutional IMG/JGI access
3300013669_1	3300013669_1	Bacteria	Unknown		unsupervised	IMG/JGI	Restricted	Requires institutional IMG/JGI access
3300029713_28	3300029713_28	Bacteria	Unknown		unsupervised	IMG/JGI	Restricted	Requires institutional IMG/JGI access
3300029327_12	3300029327_12	Bacteria	Unknown		unsupervised	IMG/JGI	Restricted	Requires institutional IMG/JGI access
3300025349_8	3300025349_8	Bacteria	Unknown		unsupervised	IMG/JGI	Restricted	Requires institutional IMG/JGI access
3300029333_17	3300029333_17	Bacteria	Unknown		unsupervised	IMG/JGI	Restricted	Requires institutional IMG/JGI access
3300026287_13	3300026287_13	Bacteria	Unknown		unsupervised	IMG/JGI	Restricted	Requires institutional IMG/JGI access
3300029343_17	3300029343_17	Bacteria	Unknown		unsupervised	IMG/JGI	Restricted	Requires institutional IMG/JGI access
3300006476_17	3300006476_17	Bacteria	Unknown		unsupervised	IMG/JGI	Restricted	Requires institutional IMG/JGI access
3300013667_2	3300013667_2	Bacteria	Unknown		unsupervised	IMG/JGI	Restricted	Requires institutional IMG/JGI access
3300025272_12	3300025272_12	Bacteria	Unknown		unsupervised	IMG/JGI	Restricted	Requires institutional IMG/JGI access
3300028971_7	3300028971_7	Bacteria	Unknown		unsupervised	IMG/JGI	Restricted	Requires institutional IMG/JGI access
3300026561_12	3300026561_12	Bacteria	Unknown		unsupervised	IMG/JGI	Restricted	Requires institutional IMG/JGI access
3300029176_4	3300029176_4	Bacteria	Unknown		unsupervised	IMG/JGI	Restricted	Requires institutional IMG/JGI access
3300025546_9	3300025546_9	Bacteria	Unknown		unsupervised	IMG/JGI	Restricted	Requires institutional IMG/JGI access
3300011383_2	3300011383_2	Bacteria	Unknown		unsupervised	IMG/JGI	Restricted	Requires institutional IMG/JGI access
3300025775_18	3300025775_18	Bacteria	Unknown		unsupervised	IMG/JGI	Restricted	Requires institutional IMG/JGI access
3300025689_39	3300025689_39	Bacteria	Unknown		unsupervised	IMG/JGI	Restricted	Requires institutional IMG/JGI access
3300021279_6	3300021279_6	Bacteria	Unknown		unsupervised	IMG/JGI	Restricted	Requires institutional IMG/JGI access
3300008142_14	3300008142_14	Bacteria	Unknown		unsupervised	IMG/JGI	Restricted	Requires institutional IMG/JGI access
3300008461_3	3300008461_3	Bacteria	Unknown		unsupervised	IMG/JGI	Restricted	Requires institutional IMG/JGI access
3300029730_19	3300029730_19	Bacteria	Unknown		unsupervised	IMG/JGI	Restricted	Requires institutional IMG/JGI access
3300029204_24	3300029204_24	Bacteria	Unknown		unsupervised	IMG/JGI	Restricted	Requires institutional IMG/JGI access
3300029572_16	3300029572_16	Bacteria	Unknown		unsupervised	IMG/JGI	Restricted	Requires institutional IMG/JGI access
3300009772_19	3300009772_19	Bacteria	Unknown		unsupervised	IMG/JGI	Restricted	Requires institutional IMG/JGI access
3300005326_59	3300005326_59	Bacteria	Unknown		unsupervised	IMG/JGI	Restricted	Requires institutional IMG/JGI access
3300020144_14	3300020144_14	Bacteria	Unknown		unsupervised	IMG/JGI	Restricted	Requires institutional IMG/JGI access
3300012170_6	3300012170_6	Bacteria	Unknown		unsupervised	IMG/JGI	Restricted	Requires institutional IMG/JGI access
3300026086_7	3300026086_7	Bacteria	Unknown		unsupervised	IMG/JGI	Restricted	Requires institutional IMG/JGI access
3300029041_7	3300029041_7	Bacteria	Unknown		unsupervised	IMG/JGI	Restricted	Requires institutional IMG/JGI access
3300008405_8	3300008405_8	Bacteria	Unknown		unsupervised	IMG/JGI	Restricted	Requires institutional IMG/JGI access
3300029854_6	3300029854_6	Bacteria	Unknown		unsupervised	IMG/JGI	Restricted	Requires institutional IMG/JGI access
3300011357_1	3300011357_1	Bacteria	Unknown		unsupervised	IMG/JGI	Restricted	Requires institutional IMG/JGI access
3300025770_22	3300025770_22	Bacteria	Unknown		unsupervised	IMG/JGI	Restricted	Requires institutional IMG/JGI access
3300027847_79	3300027847_79	Bacteria	Unknown		unsupervised	IMG/JGI	Restricted	Requires institutional IMG/JGI access
3300025961_25	3300025961_25	Bacteria	Unknown		unsupervised	IMG/JGI	Restricted	Requires institutional IMG/JGI access
3300018015_23	3300018015_23	Bacteria	Unknown		unsupervised	IMG/JGI	Restricted	Requires institutional IMG/JGI access
3300029251_19	3300029251_19	Bacteria	Unknown		unsupervised	IMG/JGI	Restricted	Requires institutional IMG/JGI access
3300013123_81	3300013123_81	Bacteria	Unknown		unsupervised	IMG/JGI	Restricted	Requires institutional IMG/JGI access
3300024261_29	3300024261_29	Bacteria	Unknown		unsupervised	IMG/JGI	Restricted	Requires institutional IMG/JGI access
3300021089_17	3300021089_17	Bacteria	Unknown		unsupervised	IMG/JGI	Restricted	Requires institutional IMG/JGI access
3300029214_7	3300029214_7	Bacteria	Unknown		unsupervised	IMG/JGI	Restricted	Requires institutional IMG/JGI access
3300010265_22	3300010265_22	Bacteria	Unknown		unsupervised	IMG/JGI	Restricted	Requires institutional IMG/JGI access
3300020221_78	3300020221_78	Bacteria	Unknown		unsupervised	IMG/JGI	Restricted	Requires institutional IMG/JGI access
3300027983_58	3300027983_58	Bacteria	Unknown		unsupervised	IMG/JGI	Restricted	Requires institutional IMG/JGI access
3300000216_12	3300000216_12	Bacteria	Unknown		unsupervised	IMG/JGI	Restricted	Requires institutional IMG/JGI access
3300029394_24	3300029394_24	Bacteria	Unknown		unsupervised	IMG/JGI	Restricted	Requires institutional IMG/JGI access
3300017406_10	3300017406_10	Bacteria	Unknown		unsupervised	IMG/JGI	Restricted	Requires institutional IMG/JGI access
3300012849_10	3300012849_10	Bacteria	Unknown		unsupervised	IMG/JGI	Restricted	Requires institutional IMG/JGI access
3300007884_1	3300007884_1	Bacteria	Unknown		unsupervised	IMG/JGI	Restricted	Requires institutional IMG/JGI access
3300025608_6	3300025608_6	Bacteria	Unknown		unsupervised	IMG/JGI	Restricted	Requires institutional IMG/JGI access
3300009702_53	3300009702_53	Bacteria	Unknown		unsupervised	IMG/JGI	Restricted	Requires institutional IMG/JGI access
3300007272_15	3300007272_15	Bacteria	Unknown		unsupervised	IMG/JGI	Restricted	Requires institutional IMG/JGI access
3300011501_1	3300011501_1	Bacteria	Unknown		unsupervised	IMG/JGI	Restricted	Requires institutional IMG/JGI access
3300015370_25	3300015370_25	Bacteria	Unknown		unsupervised	IMG/JGI	Restricted	Requires institutional IMG/JGI access
3300014551_7	3300014551_7	Bacteria	Unknown		unsupervised	IMG/JGI	Restricted	Requires institutional IMG/JGI access
3300008638_33	3300008638_33	Bacteria	Unknown		unsupervised	IMG/JGI	Restricted	Requires institutional IMG/JGI access
3300029437_31	3300029437_31	Bacteria	Unknown		unsupervised	IMG/JGI	Restricted	Requires institutional IMG/JGI access
3300029769_16	3300029769_16	Bacteria	Unknown		unsupervised	IMG/JGI	Restricted	Requires institutional IMG/JGI access
3300011556_1	3300011556_1	Bacteria	Unknown		unsupervised	IMG/JGI	Restricted	Requires institutional IMG/JGI access
3300025522_6	3300025522_6	Bacteria	Unknown		unsupervised	IMG/JGI	Restricted	Requires institutional IMG/JGI access
3300011825_7	3300011825_7	Bacteria	Unknown		unsupervised	IMG/JGI	Restricted	Requires institutional IMG/JGI access
3300027859_12	3300027859_12	Bacteria	Unknown		unsupervised	IMG/JGI	Restricted	Requires institutional IMG/JGI access
3300025206_3	3300025206_3	Bacteria	Unknown		unsupervised	IMG/JGI	Restricted	Requires institutional IMG/JGI access
3300029232_16	3300029232_16	Bacteria	Unknown		unsupervised	IMG/JGI	Restricted	Requires institutional IMG/JGI access
3300014787_14	3300014787_14	Bacteria	Unknown		unsupervised	IMG/JGI	Restricted	Requires institutional IMG/JGI access
3300014824_19	3300014824_19	Bacteria	Unknown		unsupervised	IMG/JGI	Restricted	Requires institutional IMG/JGI access
3300029137_6	3300029137_6	Bacteria	Unknown		unsupervised	IMG/JGI	Restricted	Requires institutional IMG/JGI access
3300012291_1	3300012291_1	Bacteria	Unknown		unsupervised	IMG/JGI	Restricted	Requires institutional IMG/JGI access
3300029707_22	3300029707_22	Bacteria	Unknown		unsupervised	IMG/JGI	Restricted	Requires institutional IMG/JGI access
3300018065_43	3300018065_43	Bacteria	Unknown		unsupervised	IMG/JGI	Restricted	Requires institutional IMG/JGI access
3300010261_19	3300010261_19	Bacteria	Unknown		unsupervised	IMG/JGI	Restricted	Requires institutional IMG/JGI access
3300025682_24	3300025682_24	Bacteria	Unknown		unsupervised	IMG/JGI	Restricted	Requires institutional IMG/JGI access
3300025740_34	3300025740_34	Bacteria	Unknown		unsupervised	IMG/JGI	Restricted	Requires institutional IMG/JGI access
3300007787_4	3300007787_4	Bacteria	Unknown		unsupervised	IMG/JGI	Restricted	Requires institutional IMG/JGI access
3300029386_16	3300029386_16	Bacteria	Unknown		unsupervised	IMG/JGI	Restricted	Requires institutional IMG/JGI access
3300029474_18	3300029474_18	Bacteria	Unknown		unsupervised	IMG/JGI	Restricted	Requires institutional IMG/JGI access
3300007949_2	3300007949_2	Bacteria	Unknown		unsupervised	IMG/JGI	Restricted	Requires institutional IMG/JGI access
3300026875_1	3300026875_1	Bacteria	Unknown		unsupervised	IMG/JGI	Restricted	Requires institutional IMG/JGI access
3300025770_37	3300025770_37	Bacteria	Unknown		unsupervised	IMG/JGI	Restricted	Requires institutional IMG/JGI access
3300012809_6	3300012809_6	Bacteria	Unknown		unsupervised	IMG/JGI	Restricted	Requires institutional IMG/JGI access
3300029204_11	3300029204_11	Bacteria	Unknown		unsupervised	IMG/JGI	Restricted	Requires institutional IMG/JGI access
3300028284_9	3300028284_9	Bacteria	Unknown		unsupervised	IMG/JGI	Restricted	Requires institutional IMG/JGI access
3300013126_27	3300013126_27	Bacteria	Unknown		unsupervised	IMG/JGI	Restricted	Requires institutional IMG/JGI access
3300008142_28	3300008142_28	Bacteria	Unknown		unsupervised	IMG/JGI	Restricted	Requires institutional IMG/JGI access
3300029764_9	3300029764_9	Bacteria	Unknown		unsupervised	IMG/JGI	Restricted	Requires institutional IMG/JGI access
3300014956_11	3300014956_11	Bacteria	Unknown		unsupervised	IMG/JGI	Restricted	Requires institutional IMG/JGI access
3300027820_12	3300027820_12	Bacteria	Unknown		unsupervised	IMG/JGI	Restricted	Requires institutional IMG/JGI access
3300029743_10	3300029743_10	Bacteria	Unknown		unsupervised	IMG/JGI	Restricted	Requires institutional IMG/JGI access
3300029593_18	3300029593_18	Bacteria	Unknown		unsupervised	IMG/JGI	Restricted	Requires institutional IMG/JGI access
3300014560_11	3300014560_11	Bacteria	Unknown		unsupervised	IMG/JGI	Restricted	Requires institutional IMG/JGI access
3300011578_1	3300011578_1	Bacteria	Unknown		unsupervised	IMG/JGI	Restricted	Requires institutional IMG/JGI access
3300029741_7	3300029741_7	Bacteria	Unknown		unsupervised	IMG/JGI	Restricted	Requires institutional IMG/JGI access
3300029611_10	3300029611_10	Bacteria	Unknown		unsupervised	IMG/JGI	Restricted	Requires institutional IMG/JGI access
3300026289_26	3300026289_26	Bacteria	Unknown		unsupervised	IMG/JGI	Restricted	Requires institutional IMG/JGI access
3300029722_15	3300029722_15	Bacteria	Unknown		unsupervised	IMG/JGI	Restricted	Requires institutional IMG/JGI access
3300025094_29	3300025094_29	Bacteria	Unknown		unsupervised	IMG/JGI	Restricted	Requires institutional IMG/JGI access
3300025618_8	3300025618_8	Bacteria	Unknown		unsupervised	IMG/JGI	Restricted	Requires institutional IMG/JGI access
3300025094_22	3300025094_22	Bacteria	Unknown		unsupervised	IMG/JGI	Restricted	Requires institutional IMG/JGI access
3300008664_21	3300008664_21	Bacteria	Unknown		unsupervised	IMG/JGI	Restricted	Requires institutional IMG/JGI access
3300029359_21	3300029359_21	Bacteria	Unknown		unsupervised	IMG/JGI	Restricted	Requires institutional IMG/JGI access
3300012840_9	3300012840_9	Bacteria	Unknown		unsupervised	IMG/JGI	Restricted	Requires institutional IMG/JGI access
3300025682_32	3300025682_32	Bacteria	Unknown		unsupervised	IMG/JGI	Restricted	Requires institutional IMG/JGI access
3300025737_51	3300025737_51	Bacteria	Unknown		unsupervised	IMG/JGI	Restricted	Requires institutional IMG/JGI access
3300025927_21	3300025927_21	Bacteria	Unknown		unsupervised	IMG/JGI	Restricted	Requires institutional IMG/JGI access
3300025729_23	3300025729_23	Bacteria	Unknown		unsupervised	IMG/JGI	Restricted	Requires institutional IMG/JGI access
3300012108_2	3300012108_2	Bacteria	Unknown		unsupervised	IMG/JGI	Restricted	Requires institutional IMG/JGI access
3300028399_12	3300028399_12	Bacteria	Unknown		unsupervised	IMG/JGI	Restricted	Requires institutional IMG/JGI access
3300011924_1	3300011924_1	Bacteria	Unknown		unsupervised	IMG/JGI	Restricted	Requires institutional IMG/JGI access
3300017467_7	3300017467_7	Bacteria	Unknown		unsupervised	IMG/JGI	Restricted	Requires institutional IMG/JGI access
3300010153_7	3300010153_7	Bacteria	Unknown		unsupervised	IMG/JGI	Restricted	Requires institutional IMG/JGI access
3300029612_21	3300029612_21	Bacteria	Unknown		unsupervised	IMG/JGI	Restricted	Requires institutional IMG/JGI access
3300029559_16	3300029559_16	Bacteria	Unknown		unsupervised	IMG/JGI	Restricted	Requires institutional IMG/JGI access
3300029520_13	3300029520_13	Bacteria	Unknown		unsupervised	IMG/JGI	Restricted	Requires institutional IMG/JGI access
3300020196_52	3300020196_52	Bacteria	Unknown		unsupervised	IMG/JGI	Restricted	Requires institutional IMG/JGI access
3300029100_8	3300029100_8	Bacteria	Unknown		unsupervised	IMG/JGI	Restricted	Requires institutional IMG/JGI access
3300025882_5	3300025882_5	Bacteria	Unknown		unsupervised	IMG/JGI	Restricted	Requires institutional IMG/JGI access
3300012973_25	3300012973_25	Bacteria	Unknown		unsupervised	IMG/JGI	Restricted	Requires institutional IMG/JGI access
3300017402_8	3300017402_8	Bacteria	Unknown		unsupervised	IMG/JGI	Restricted	Requires institutional IMG/JGI access
3300029708_12	3300029708_12	Bacteria	Unknown		unsupervised	IMG/JGI	Restricted	Requires institutional IMG/JGI access
3300027276_30	3300027276_30	Bacteria	Unknown		unsupervised	IMG/JGI	Restricted	Requires institutional IMG/JGI access
3300012273_7	3300012273_7	Bacteria	Unknown		unsupervised	IMG/JGI	Restricted	Requires institutional IMG/JGI access
3300029875_15	3300029875_15	Bacteria	Unknown		unsupervised	IMG/JGI	Restricted	Requires institutional IMG/JGI access
3300010283_13	3300010283_13	Bacteria	Unknown		unsupervised	IMG/JGI	Restricted	Requires institutional IMG/JGI access
3300010270_36	3300010270_36	Bacteria	Unknown		unsupervised	IMG/JGI	Restricted	Requires institutional IMG/JGI access
3300011787_3	3300011787_3	Bacteria	Unknown		unsupervised	IMG/JGI	Restricted	Requires institutional IMG/JGI access
3300012075_11	3300012075_11	Bacteria	Unknown		unsupervised	IMG/JGI	Restricted	Requires institutional IMG/JGI access
3300010270_44	3300010270_44	Bacteria	Unknown		unsupervised	IMG/JGI	Restricted	Requires institutional IMG/JGI access
3300012837_9	3300012837_9	Bacteria	Unknown		unsupervised	IMG/JGI	Restricted	Requires institutional IMG/JGI access
3300005298_21	3300005298_21	Bacteria	Unknown		unsupervised	IMG/JGI	Restricted	Requires institutional IMG/JGI access
3300014571_9	3300014571_9	Bacteria	Unknown		unsupervised	IMG/JGI	Restricted	Requires institutional IMG/JGI access
3300010280_19	3300010280_19	Bacteria	Unknown		unsupervised	IMG/JGI	Restricted	Requires institutional IMG/JGI access
3300029512_12	3300029512_12	Bacteria	Unknown		unsupervised	IMG/JGI	Restricted	Requires institutional IMG/JGI access
3300020109_64	3300020109_64	Bacteria	Unknown		unsupervised	IMG/JGI	Restricted	Requires institutional IMG/JGI access
3300010260_12	3300010260_12	Bacteria	Unknown		unsupervised	IMG/JGI	Restricted	Requires institutional IMG/JGI access
3300027690_65	3300027690_65	Bacteria	Unknown		unsupervised	IMG/JGI	Restricted	Requires institutional IMG/JGI access
3300027690_16	3300027690_16	Bacteria	Unknown		unsupervised	IMG/JGI	Restricted	Requires institutional IMG/JGI access
3300027373_6	3300027373_6	Bacteria	Unknown		unsupervised	IMG/JGI	Restricted	Requires institutional IMG/JGI access
3300022661_125	3300022661_125	Bacteria	Unknown		unsupervised	IMG/JGI	Restricted	Requires institutional IMG/JGI access
3300011834_6	3300011834_6	Bacteria	Unknown		unsupervised	IMG/JGI	Restricted	Requires institutional IMG/JGI access
3300027896_119	3300027896_119	Bacteria	Unknown		unsupervised	IMG/JGI	Restricted	Requires institutional IMG/JGI access
3300028483_6	3300028483_6	Bacteria	Unknown		unsupervised	IMG/JGI	Restricted	Requires institutional IMG/JGI access
3300025458_21	3300025458_21	Bacteria	Unknown		unsupervised	IMG/JGI	Restricted	Requires institutional IMG/JGI access
3300003114_3	3300003114_3	Bacteria	Unknown		unsupervised	IMG/JGI	Restricted	Requires institutional IMG/JGI access
3300002544_1	3300002544_1	Bacteria	Unknown		unsupervised	IMG/JGI	Restricted	Requires institutional IMG/JGI access
3300029013_3	3300029013_3	Bacteria	Unknown		unsupervised	IMG/JGI	Restricted	Requires institutional IMG/JGI access
3300027283_27	3300027283_27	Bacteria	Unknown		unsupervised	IMG/JGI	Restricted	Requires institutional IMG/JGI access
3300020690_1	3300020690_1	Bacteria	Unknown		unsupervised	IMG/JGI	Restricted	Requires institutional IMG/JGI access
3300010274_21	3300010274_21	Bacteria	Unknown		unsupervised	IMG/JGI	Restricted	Requires institutional IMG/JGI access
3300014954_17	3300014954_17	Bacteria	Unknown		unsupervised	IMG/JGI	Restricted	Requires institutional IMG/JGI access
3300024301_42	3300024301_42	Bacteria	Unknown		unsupervised	IMG/JGI	Restricted	Requires institutional IMG/JGI access
3300014755_14	3300014755_14	Bacteria	Unknown		unsupervised	IMG/JGI	Restricted	Requires institutional IMG/JGI access
3300029126_6	3300029126_6	Bacteria	Unknown		unsupervised	IMG/JGI	Restricted	Requires institutional IMG/JGI access
3300017419_31	3300017419_31	Bacteria	Unknown		unsupervised	IMG/JGI	Restricted	Requires institutional IMG/JGI access
3300006226_65	3300006226_65	Bacteria	Unknown		unsupervised	IMG/JGI	Restricted	Requires institutional IMG/JGI access
3300012832_7	3300012832_7	Bacteria	Unknown		unsupervised	IMG/JGI	Restricted	Requires institutional IMG/JGI access
3300027839_100	3300027839_100	Bacteria	Unknown		unsupervised	IMG/JGI	Restricted	Requires institutional IMG/JGI access
3300029700_23	3300029700_23	Bacteria	Unknown		unsupervised	IMG/JGI	Restricted	Requires institutional IMG/JGI access
3300029791_15	3300029791_15	Bacteria	Unknown		unsupervised	IMG/JGI	Restricted	Requires institutional IMG/JGI access
3300029819_17	3300029819_17	Bacteria	Unknown		unsupervised	IMG/JGI	Restricted	Requires institutional IMG/JGI access
3300027262_11	3300027262_11	Bacteria	Unknown		unsupervised	IMG/JGI	Restricted	Requires institutional IMG/JGI access
3300014555_5	3300014555_5	Bacteria	Unknown		unsupervised	IMG/JGI	Restricted	Requires institutional IMG/JGI access
3300011834_8	3300011834_8	Bacteria	Unknown		unsupervised	IMG/JGI	Restricted	Requires institutional IMG/JGI access
3300005529_26	3300005529_26	Bacteria	Unknown		unsupervised	IMG/JGI	Restricted	Requires institutional IMG/JGI access
3300025618_40	3300025618_40	Bacteria	Unknown		unsupervised	IMG/JGI	Restricted	Requires institutional IMG/JGI access
3300014655_7	3300014655_7	Bacteria	Unknown		unsupervised	IMG/JGI	Restricted	Requires institutional IMG/JGI access
3300025597_18	3300025597_18	Bacteria	Unknown		unsupervised	IMG/JGI	Restricted	Requires institutional IMG/JGI access
3300027867_8	3300027867_8	Bacteria	Unknown		unsupervised	IMG/JGI	Restricted	Requires institutional IMG/JGI access
3300029856_28	3300029856_28	Bacteria	Unknown		unsupervised	IMG/JGI	Restricted	Requires institutional IMG/JGI access
3300029893_10	3300029893_10	Bacteria	Unknown		unsupervised	IMG/JGI	Restricted	Requires institutional IMG/JGI access
3300025516_16	3300025516_16	Bacteria	Unknown		unsupervised	IMG/JGI	Restricted	Requires institutional IMG/JGI access
3300012889_40	3300012889_40	Bacteria	Unknown		unsupervised	IMG/JGI	Restricted	Requires institutional IMG/JGI access
3300026288_35	3300026288_35	Bacteria	Unknown		unsupervised	IMG/JGI	Restricted	Requires institutional IMG/JGI access
3300024490_1	3300024490_1	Bacteria	Unknown		unsupervised	IMG/JGI	Restricted	Requires institutional IMG/JGI access
3300006200_1	3300006200_1	Bacteria	Unknown		unsupervised	IMG/JGI	Restricted	Requires institutional IMG/JGI access
3300025052_11	3300025052_11	Bacteria	Unknown		unsupervised	IMG/JGI	Restricted	Requires institutional IMG/JGI access
3300027819_61	3300027819_61	Bacteria	Unknown		unsupervised	IMG/JGI	Restricted	Requires institutional IMG/JGI access
3300029780_12	3300029780_12	Bacteria	Unknown		unsupervised	IMG/JGI	Restricted	Requires institutional IMG/JGI access
3300013753_8	3300013753_8	Bacteria	Unknown		unsupervised	IMG/JGI	Restricted	Requires institutional IMG/JGI access
3300029256_12	3300029256_12	Bacteria	Unknown		unsupervised	IMG/JGI	Restricted	Requires institutional IMG/JGI access
3300011459_1	3300011459_1	Bacteria	Unknown		unsupervised	IMG/JGI	Restricted	Requires institutional IMG/JGI access
3300013126_109	3300013126_109	Bacteria	Unknown		unsupervised	IMG/JGI	Restricted	Requires institutional IMG/JGI access
3300027796_43	3300027796_43	Bacteria	Unknown		unsupervised	IMG/JGI	Restricted	Requires institutional IMG/JGI access
3300026127_1	3300026127_1	Bacteria	Unknown		unsupervised	IMG/JGI	Restricted	Requires institutional IMG/JGI access
3300026851_4	3300026851_4	Bacteria	Unknown		unsupervised	IMG/JGI	Restricted	Requires institutional IMG/JGI access
3300008361_2	3300008361_2	Bacteria	Unknown		unsupervised	IMG/JGI	Restricted	Requires institutional IMG/JGI access
3300029588_15	3300029588_15	Bacteria	Unknown		unsupervised	IMG/JGI	Restricted	Requires institutional IMG/JGI access
3300025618_26	3300025618_26	Bacteria	Unknown		unsupervised	IMG/JGI	Restricted	Requires institutional IMG/JGI access
3300025730_36	3300025730_36	Bacteria	Unknown		unsupervised	IMG/JGI	Restricted	Requires institutional IMG/JGI access
3300011491_1	3300011491_1	Bacteria	Unknown		unsupervised	IMG/JGI	Restricted	Requires institutional IMG/JGI access
3300025230_9	3300025230_9	Bacteria	Unknown		unsupervised	IMG/JGI	Restricted	Requires institutional IMG/JGI access
3300025237_2	3300025237_2	Bacteria	Unknown		unsupervised	IMG/JGI	Restricted	Requires institutional IMG/JGI access
3300027028_10	3300027028_10	Bacteria	Unknown		unsupervised	IMG/JGI	Restricted	Requires institutional IMG/JGI access
3300012825_4	3300012825_4	Bacteria	Unknown		unsupervised	IMG/JGI	Restricted	Requires institutional IMG/JGI access
3300011665_4	3300011665_4	Bacteria	Unknown		unsupervised	IMG/JGI	Restricted	Requires institutional IMG/JGI access
3300006257_9	3300006257_9	Bacteria	Unknown		unsupervised	IMG/JGI	Restricted	Requires institutional IMG/JGI access
3300029696_20	3300029696_20	Bacteria	Unknown		unsupervised	IMG/JGI	Restricted	Requires institutional IMG/JGI access
3300025724_22	3300025724_22	Bacteria	Unknown		unsupervised	IMG/JGI	Restricted	Requires institutional IMG/JGI access
3300011226_3	3300011226_3	Bacteria	Unknown		unsupervised	IMG/JGI	Restricted	Requires institutional IMG/JGI access
3300025662_24	3300025662_24	Bacteria	Unknown		unsupervised	IMG/JGI	Restricted	Requires institutional IMG/JGI access
3300011747_3	3300011747_3	Bacteria	Unknown		unsupervised	IMG/JGI	Restricted	Requires institutional IMG/JGI access
3300008482_15	3300008482_15	Bacteria	Unknown		unsupervised	IMG/JGI	Restricted	Requires institutional IMG/JGI access
3300013660_1	3300013660_1	Bacteria	Unknown		unsupervised	IMG/JGI	Restricted	Requires institutional IMG/JGI access
3300025656_18	3300025656_18	Bacteria	Unknown		unsupervised	IMG/JGI	Restricted	Requires institutional IMG/JGI access
3300026095_31	3300026095_31	Bacteria	Unknown		unsupervised	IMG/JGI	Restricted	Requires institutional IMG/JGI access
3300029461_8	3300029461_8	Bacteria	Unknown		unsupervised	IMG/JGI	Restricted	Requires institutional IMG/JGI access
3300029880_14	3300029880_14	Bacteria	Unknown		unsupervised	IMG/JGI	Restricted	Requires institutional IMG/JGI access
3300013283_2	3300013283_2	Bacteria	Unknown		unsupervised	IMG/JGI	Restricted	Requires institutional IMG/JGI access
3300025295_12	3300025295_12	Bacteria	Unknown		unsupervised	IMG/JGI	Restricted	Requires institutional IMG/JGI access
3300027607_33	3300027607_33	Bacteria	Unknown		unsupervised	IMG/JGI	Restricted	Requires institutional IMG/JGI access
3300024975_8	3300024975_8	Bacteria	Unknown		unsupervised	IMG/JGI	Restricted	Requires institutional IMG/JGI access
3300014549_6	3300014549_6	Bacteria	Unknown		unsupervised	IMG/JGI	Restricted	Requires institutional IMG/JGI access
3300022753_100	3300022753_100	Bacteria	Unknown		unsupervised	IMG/JGI	Restricted	Requires institutional IMG/JGI access
3300027797_30	3300027797_30	Bacteria	Unknown		unsupervised	IMG/JGI	Restricted	Requires institutional IMG/JGI access
3300029589_28	3300029589_28	Bacteria	Unknown		unsupervised	IMG/JGI	Restricted	Requires institutional IMG/JGI access
3300024930_3	3300024930_3	Bacteria	Unknown		unsupervised	IMG/JGI	Restricted	Requires institutional IMG/JGI access
3300029610_30	3300029610_30	Bacteria	Unknown		unsupervised	IMG/JGI	Restricted	Requires institutional IMG/JGI access
3300007317_17	3300007317_17	Bacteria	Unknown		unsupervised	IMG/JGI	Restricted	Requires institutional IMG/JGI access
3300027967_14	3300027967_14	Bacteria	Unknown		unsupervised	IMG/JGI	Restricted	Requires institutional IMG/JGI access
3300027815_37	3300027815_37	Bacteria	Unknown		unsupervised	IMG/JGI	Restricted	Requires institutional IMG/JGI access
3300003130_3	3300003130_3	Bacteria	Unknown		unsupervised	IMG/JGI	Restricted	Requires institutional IMG/JGI access
3300029426_5	3300029426_5	Bacteria	Unknown		unsupervised	IMG/JGI	Restricted	Requires institutional IMG/JGI access
3300029425_15	3300029425_15	Bacteria	Unknown		unsupervised	IMG/JGI	Restricted	Requires institutional IMG/JGI access
3300008748_10	3300008748_10	Bacteria	Unknown		unsupervised	IMG/JGI	Restricted	Requires institutional IMG/JGI access
3300027515_10	3300027515_10	Bacteria	Unknown		unsupervised	IMG/JGI	Restricted	Requires institutional IMG/JGI access
3300029432_24	3300029432_24	Bacteria	Unknown		unsupervised	IMG/JGI	Restricted	Requires institutional IMG/JGI access
3300029315_8	3300029315_8	Bacteria	Unknown		unsupervised	IMG/JGI	Restricted	Requires institutional IMG/JGI access
3300008520_38	3300008520_38	Bacteria	Unknown		unsupervised	IMG/JGI	Restricted	Requires institutional IMG/JGI access
3300005529_32	3300005529_32	Bacteria	Unknown		unsupervised	IMG/JGI	Restricted	Requires institutional IMG/JGI access
3300012808_8	3300012808_8	Bacteria	Unknown		unsupervised	IMG/JGI	Restricted	Requires institutional IMG/JGI access
3300021093_72	3300021093_72	Bacteria	Unknown		unsupervised	IMG/JGI	Restricted	Requires institutional IMG/JGI access
3300029119_10	3300029119_10	Bacteria	Unknown		unsupervised	IMG/JGI	Restricted	Requires institutional IMG/JGI access
3300029566_27	3300029566_27	Bacteria	Unknown		unsupervised	IMG/JGI	Restricted	Requires institutional IMG/JGI access
3300029703_13	3300029703_13	Bacteria	Unknown		unsupervised	IMG/JGI	Restricted	Requires institutional IMG/JGI access
3300029773_13	3300029773_13	Bacteria	Unknown		unsupervised	IMG/JGI	Restricted	Requires institutional IMG/JGI access
3300025696_13	3300025696_13	Bacteria	Unknown		unsupervised	IMG/JGI	Restricted	Requires institutional IMG/JGI access
Antonospora	Antonospora	Eukaryota	Unknown		unsupervised	Ensembl/Other	Unknown	Named organism, source unclear
3300003109_2	3300003109_2	Bacteria	Unknown		unsupervised	IMG/JGI	Restricted	Requires institutional IMG/JGI access
3300020341_4	3300020341_4	Bacteria	Unknown		unsupervised	IMG/JGI	Restricted	Requires institutional IMG/JGI access
3300025029_2	3300025029_2	Bacteria	Unknown		unsupervised	IMG/JGI	Restricted	Requires institutional IMG/JGI access
3300005958_4	3300005958_4	Bacteria	Unknown		unsupervised	IMG/JGI	Restricted	Requires institutional IMG/JGI access
3300009709_21	3300009709_21	Bacteria	Unknown		unsupervised	IMG/JGI	Restricted	Requires institutional IMG/JGI access
3300029377_34	3300029377_34	Bacteria	Unknown		unsupervised	IMG/JGI	Restricted	Requires institutional IMG/JGI access
3300025248_4	3300025248_4	Bacteria	Unknown		unsupervised	IMG/JGI	Restricted	Requires institutional IMG/JGI access
3300029378_23	3300029378_23	Bacteria	Unknown		unsupervised	IMG/JGI	Restricted	Requires institutional IMG/JGI access
3300021343_17	3300021343_17	Bacteria	Unknown		unsupervised	IMG/JGI	Restricted	Requires institutional IMG/JGI access
3300028570_38	3300028570_38	Bacteria	Unknown		unsupervised	IMG/JGI	Restricted	Requires institutional IMG/JGI access
3300026969_3	3300026969_3	Bacteria	Unknown		unsupervised	IMG/JGI	Restricted	Requires institutional IMG/JGI access
3300011970_5	3300011970_5	Bacteria	Unknown		unsupervised	IMG/JGI	Restricted	Requires institutional IMG/JGI access
3300011618_1	3300011618_1	Bacteria	Unknown		unsupervised	IMG/JGI	Restricted	Requires institutional IMG/JGI access
3300029544_10	3300029544_10	Bacteria	Unknown		unsupervised	IMG/JGI	Restricted	Requires institutional IMG/JGI access
3300027645_7	3300027645_7	Bacteria	Unknown		unsupervised	IMG/JGI	Restricted	Requires institutional IMG/JGI access
3300029060_18	3300029060_18	Bacteria	Unknown		unsupervised	IMG/JGI	Restricted	Requires institutional IMG/JGI access
3300024923_3	3300024923_3	Bacteria	Unknown		unsupervised	IMG/JGI	Restricted	Requires institutional IMG/JGI access
3300029742_31	3300029742_31	Bacteria	Unknown		unsupervised	IMG/JGI	Restricted	Requires institutional IMG/JGI access
3300005253_7	3300005253_7	Bacteria	Unknown		unsupervised	IMG/JGI	Restricted	Requires institutional IMG/JGI access
3300027353_7	3300027353_7	Bacteria	Unknown		unsupervised	IMG/JGI	Restricted	Requires institutional IMG/JGI access
3300029217_6	3300029217_6	Bacteria	Unknown		unsupervised	IMG/JGI	Restricted	Requires institutional IMG/JGI access
3300017816_10	3300017816_10	Bacteria	Unknown		unsupervised	IMG/JGI	Restricted	Requires institutional IMG/JGI access
3300005286_24	3300005286_24	Bacteria	Unknown		unsupervised	IMG/JGI	Restricted	Requires institutional IMG/JGI access
3300014545_5	3300014545_5	Bacteria	Unknown		unsupervised	IMG/JGI	Restricted	Requires institutional IMG/JGI access
3300027744_10	3300027744_10	Bacteria	Unknown		unsupervised	IMG/JGI	Restricted	Requires institutional IMG/JGI access
3300027328_19	3300027328_19	Bacteria	Unknown		unsupervised	IMG/JGI	Restricted	Requires institutional IMG/JGI access
3300007501_3	3300007501_3	Bacteria	Unknown		unsupervised	IMG/JGI	Restricted	Requires institutional IMG/JGI access
3300014037_28	3300014037_28	Bacteria	Unknown		unsupervised	IMG/JGI	Restricted	Requires institutional IMG/JGI access
3300017513_31	3300017513_31	Bacteria	Unknown		unsupervised	IMG/JGI	Restricted	Requires institutional IMG/JGI access
3300029473_11	3300029473_11	Bacteria	Unknown		unsupervised	IMG/JGI	Restricted	Requires institutional IMG/JGI access
3300011215_8	3300011215_8	Bacteria	Unknown		unsupervised	IMG/JGI	Restricted	Requires institutional IMG/JGI access
3300006525_18	3300006525_18	Bacteria	Unknown		unsupervised	IMG/JGI	Restricted	Requires institutional IMG/JGI access
3300011790_6	3300011790_6	Bacteria	Unknown		unsupervised	IMG/JGI	Restricted	Requires institutional IMG/JGI access
3300026035_37	3300026035_37	Bacteria	Unknown		unsupervised	IMG/JGI	Restricted	Requires institutional IMG/JGI access
3300020189_33	3300020189_33	Bacteria	Unknown		unsupervised	IMG/JGI	Restricted	Requires institutional IMG/JGI access
3300010269_17	3300010269_17	Bacteria	Unknown		unsupervised	IMG/JGI	Restricted	Requires institutional IMG/JGI access
3300029566_26	3300029566_26	Bacteria	Unknown		unsupervised	IMG/JGI	Restricted	Requires institutional IMG/JGI access
3300029482_4	3300029482_4	Bacteria	Unknown		unsupervised	IMG/JGI	Restricted	Requires institutional IMG/JGI access
3300006499_24	3300006499_24	Bacteria	Unknown		unsupervised	IMG/JGI	Restricted	Requires institutional IMG/JGI access
3300029030_2	3300029030_2	Bacteria	Unknown		unsupervised	IMG/JGI	Restricted	Requires institutional IMG/JGI access
3300029540_19	3300029540_19	Bacteria	Unknown		unsupervised	IMG/JGI	Restricted	Requires institutional IMG/JGI access
3300011357_2	3300011357_2	Bacteria	Unknown		unsupervised	IMG/JGI	Restricted	Requires institutional IMG/JGI access
3300002481_33	3300002481_33	Bacteria	Unknown		unsupervised	IMG/JGI	Restricted	Requires institutional IMG/JGI access
3300029350_14	3300029350_14	Bacteria	Unknown		unsupervised	IMG/JGI	Restricted	Requires institutional IMG/JGI access
3300021125_2	3300021125_2	Bacteria	Unknown		unsupervised	IMG/JGI	Restricted	Requires institutional IMG/JGI access
3300025881_45	3300025881_45	Bacteria	Unknown		unsupervised	IMG/JGI	Restricted	Requires institutional IMG/JGI access
3300025094_31	3300025094_31	Bacteria	Unknown		unsupervised	IMG/JGI	Restricted	Requires institutional IMG/JGI access
3300025617_33	3300025617_33	Bacteria	Unknown		unsupervised	IMG/JGI	Restricted	Requires institutional IMG/JGI access
3300010273_34	3300010273_34	Bacteria	Unknown		unsupervised	IMG/JGI	Restricted	Requires institutional IMG/JGI access
3300029380_31	3300029380_31	Bacteria	Unknown		unsupervised	IMG/JGI	Restricted	Requires institutional IMG/JGI access
3300029365_20	3300029365_20	Bacteria	Unknown		unsupervised	IMG/JGI	Restricted	Requires institutional IMG/JGI access
3300008142_33	3300008142_33	Bacteria	Unknown		unsupervised	IMG/JGI	Restricted	Requires institutional IMG/JGI access
3300005460_37	3300005460_37	Bacteria	Unknown		unsupervised	IMG/JGI	Restricted	Requires institutional IMG/JGI access
3300013876_5	3300013876_5	Bacteria	Unknown		unsupervised	IMG/JGI	Restricted	Requires institutional IMG/JGI access
3300008270_3	3300008270_3	Bacteria	Unknown		unsupervised	IMG/JGI	Restricted	Requires institutional IMG/JGI access
3300008301_1	3300008301_1	Bacteria	Unknown		unsupervised	IMG/JGI	Restricted	Requires institutional IMG/JGI access
3300029688_27	3300029688_27	Bacteria	Unknown		unsupervised	IMG/JGI	Restricted	Requires institutional IMG/JGI access
3300007732_7	3300007732_7	Bacteria	Unknown		unsupervised	IMG/JGI	Restricted	Requires institutional IMG/JGI access
3300022738_8	3300022738_8	Bacteria	Unknown		unsupervised	IMG/JGI	Restricted	Requires institutional IMG/JGI access
3300023104_6	3300023104_6	Bacteria	Unknown		unsupervised	IMG/JGI	Restricted	Requires institutional IMG/JGI access
3300029508_14	3300029508_14	Bacteria	Unknown		unsupervised	IMG/JGI	Restricted	Requires institutional IMG/JGI access
3300029886_13	3300029886_13	Bacteria	Unknown		unsupervised	IMG/JGI	Restricted	Requires institutional IMG/JGI access
3300009503_140	3300009503_140	Bacteria	Unknown		unsupervised	IMG/JGI	Restricted	Requires institutional IMG/JGI access
3300012817_7	3300012817_7	Bacteria	Unknown		unsupervised	IMG/JGI	Restricted	Requires institutional IMG/JGI access
3300025079_2	3300025079_2	Bacteria	Unknown		unsupervised	IMG/JGI	Restricted	Requires institutional IMG/JGI access
3300029133_25	3300029133_25	Bacteria	Unknown		unsupervised	IMG/JGI	Restricted	Requires institutional IMG/JGI access
3300029708_23	3300029708_23	Bacteria	Unknown		unsupervised	IMG/JGI	Restricted	Requires institutional IMG/JGI access
3300029478_13	3300029478_13	Bacteria	Unknown		unsupervised	IMG/JGI	Restricted	Requires institutional IMG/JGI access
3300017509_32	3300017509_32	Bacteria	Unknown		unsupervised	IMG/JGI	Restricted	Requires institutional IMG/JGI access
3300020396_7	3300020396_7	Bacteria	Unknown		unsupervised	IMG/JGI	Restricted	Requires institutional IMG/JGI access
3300029428_9	3300029428_9	Bacteria	Unknown		unsupervised	IMG/JGI	Restricted	Requires institutional IMG/JGI access
3300029470_8	3300029470_8	Bacteria	Unknown		unsupervised	IMG/JGI	Restricted	Requires institutional IMG/JGI access
3300029254_8	3300029254_8	Bacteria	Unknown		unsupervised	IMG/JGI	Restricted	Requires institutional IMG/JGI access
3300011769_4	3300011769_4	Bacteria	Unknown		unsupervised	IMG/JGI	Restricted	Requires institutional IMG/JGI access
3300021400_58	3300021400_58	Bacteria	Unknown		unsupervised	IMG/JGI	Restricted	Requires institutional IMG/JGI access
3300000394_2	3300000394_2	Bacteria	Unknown		unsupervised	IMG/JGI	Restricted	Requires institutional IMG/JGI access
3300029747_25	3300029747_25	Bacteria	Unknown		unsupervised	IMG/JGI	Restricted	Requires institutional IMG/JGI access
3300027851_44	3300027851_44	Bacteria	Unknown		unsupervised	IMG/JGI	Restricted	Requires institutional IMG/JGI access
3300026848_9	3300026848_9	Bacteria	Unknown		unsupervised	IMG/JGI	Restricted	Requires institutional IMG/JGI access
3300008739_4	3300008739_4	Bacteria	Unknown		unsupervised	IMG/JGI	Restricted	Requires institutional IMG/JGI access
3300014529_3	3300014529_3	Bacteria	Unknown		unsupervised	IMG/JGI	Restricted	Requires institutional IMG/JGI access
3300028066_2	3300028066_2	Bacteria	Unknown		unsupervised	IMG/JGI	Restricted	Requires institutional IMG/JGI access
3300028561_39	3300028561_39	Bacteria	Unknown		unsupervised	IMG/JGI	Restricted	Requires institutional IMG/JGI access
3300022143_4	3300022143_4	Bacteria	Unknown		unsupervised	IMG/JGI	Restricted	Requires institutional IMG/JGI access
3300029784_13	3300029784_13	Bacteria	Unknown		unsupervised	IMG/JGI	Restricted	Requires institutional IMG/JGI access
3300029700_30	3300029700_30	Bacteria	Unknown		unsupervised	IMG/JGI	Restricted	Requires institutional IMG/JGI access
3300021093_31	3300021093_31	Bacteria	Unknown		unsupervised	IMG/JGI	Restricted	Requires institutional IMG/JGI access
3300029515_12	3300029515_12	Bacteria	Unknown		unsupervised	IMG/JGI	Restricted	Requires institutional IMG/JGI access
3300011735_1	3300011735_1	Bacteria	Unknown		unsupervised	IMG/JGI	Restricted	Requires institutional IMG/JGI access
3300029243_27	3300029243_27	Bacteria	Unknown		unsupervised	IMG/JGI	Restricted	Requires institutional IMG/JGI access
3300011136_3	3300011136_3	Bacteria	Unknown		unsupervised	IMG/JGI	Restricted	Requires institutional IMG/JGI access
3300005512_26	3300005512_26	Bacteria	Unknown		unsupervised	IMG/JGI	Restricted	Requires institutional IMG/JGI access
3300012879_10	3300012879_10	Bacteria	Unknown		unsupervised	IMG/JGI	Restricted	Requires institutional IMG/JGI access
3300029416_6	3300029416_6	Bacteria	Unknown		unsupervised	IMG/JGI	Restricted	Requires institutional IMG/JGI access
3300026964_3	3300026964_3	Bacteria	Unknown		unsupervised	IMG/JGI	Restricted	Requires institutional IMG/JGI access
3300012889_27	3300012889_27	Bacteria	Unknown		unsupervised	IMG/JGI	Restricted	Requires institutional IMG/JGI access
3300029119_26	3300029119_26	Bacteria	Unknown		unsupervised	IMG/JGI	Restricted	Requires institutional IMG/JGI access
3300005279_13	3300005279_13	Bacteria	Unknown		unsupervised	IMG/JGI	Restricted	Requires institutional IMG/JGI access
3300029497_12	3300029497_12	Bacteria	Unknown		unsupervised	IMG/JGI	Restricted	Requires institutional IMG/JGI access
3300022909_23	3300022909_23	Bacteria	Unknown		unsupervised	IMG/JGI	Restricted	Requires institutional IMG/JGI access
3300020171_9	3300020171_9	Bacteria	Unknown		unsupervised	IMG/JGI	Restricted	Requires institutional IMG/JGI access
3300008575_3	3300008575_3	Bacteria	Unknown		unsupervised	IMG/JGI	Restricted	Requires institutional IMG/JGI access
3300025344_2	3300025344_2	Bacteria	Unknown		unsupervised	IMG/JGI	Restricted	Requires institutional IMG/JGI access
3300012806_2	3300012806_2	Bacteria	Unknown		unsupervised	IMG/JGI	Restricted	Requires institutional IMG/JGI access
3300029068_1	3300029068_1	Bacteria	Unknown		unsupervised	IMG/JGI	Restricted	Requires institutional IMG/JGI access
3300007664_24	3300007664_24	Bacteria	Unknown		unsupervised	IMG/JGI	Restricted	Requires institutional IMG/JGI access
3300027815_65	3300027815_65	Bacteria	Unknown		unsupervised	IMG/JGI	Restricted	Requires institutional IMG/JGI access
3300007353_10	3300007353_10	Bacteria	Unknown		unsupervised	IMG/JGI	Restricted	Requires institutional IMG/JGI access
3300029577_17	3300029577_17	Bacteria	Unknown		unsupervised	IMG/JGI	Restricted	Requires institutional IMG/JGI access
3300017494_19	3300017494_19	Bacteria	Unknown		unsupervised	IMG/JGI	Restricted	Requires institutional IMG/JGI access
3300008136_14	3300008136_14	Bacteria	Unknown		unsupervised	IMG/JGI	Restricted	Requires institutional IMG/JGI access
3300027958_38	3300027958_38	Bacteria	Unknown		unsupervised	IMG/JGI	Restricted	Requires institutional IMG/JGI access
3300029494_22	3300029494_22	Bacteria	Unknown		unsupervised	IMG/JGI	Restricted	Requires institutional IMG/JGI access
3300027028_8	3300027028_8	Bacteria	Unknown		unsupervised	IMG/JGI	Restricted	Requires institutional IMG/JGI access
3300025913_95	3300025913_95	Bacteria	Unknown		unsupervised	IMG/JGI	Restricted	Requires institutional IMG/JGI access
3300029425_17	3300029425_17	Bacteria	Unknown		unsupervised	IMG/JGI	Restricted	Requires institutional IMG/JGI access
3300014047_7	3300014047_7	Bacteria	Unknown		unsupervised	IMG/JGI	Restricted	Requires institutional IMG/JGI access
3300007966_12	3300007966_12	Bacteria	Unknown		unsupervised	IMG/JGI	Restricted	Requires institutional IMG/JGI access
3300012864_7	3300012864_7	Bacteria	Unknown		unsupervised	IMG/JGI	Restricted	Requires institutional IMG/JGI access
3300014964_48	3300014964_48	Bacteria	Unknown		unsupervised	IMG/JGI	Restricted	Requires institutional IMG/JGI access
3300021426_60	3300021426_60	Bacteria	Unknown		unsupervised	IMG/JGI	Restricted	Requires institutional IMG/JGI access
3300008268_16	3300008268_16	Bacteria	Unknown		unsupervised	IMG/JGI	Restricted	Requires institutional IMG/JGI access
3300022227_39	3300022227_39	Bacteria	Unknown		unsupervised	IMG/JGI	Restricted	Requires institutional IMG/JGI access
3300025623_31	3300025623_31	Bacteria	Unknown		unsupervised	IMG/JGI	Restricted	Requires institutional IMG/JGI access
3300029538_22	3300029538_22	Bacteria	Unknown		unsupervised	IMG/JGI	Restricted	Requires institutional IMG/JGI access
3300027668_9	3300027668_9	Bacteria	Unknown		unsupervised	IMG/JGI	Restricted	Requires institutional IMG/JGI access
3300026278_12	3300026278_12	Bacteria	Unknown		unsupervised	IMG/JGI	Restricted	Requires institutional IMG/JGI access
3300010428_20	3300010428_20	Bacteria	Unknown		unsupervised	IMG/JGI	Restricted	Requires institutional IMG/JGI access
3300029718_19	3300029718_19	Bacteria	Unknown		unsupervised	IMG/JGI	Restricted	Requires institutional IMG/JGI access
3300014844_1	3300014844_1	Bacteria	Unknown		unsupervised	IMG/JGI	Restricted	Requires institutional IMG/JGI access
3300025648_13	3300025648_13	Bacteria	Unknown		unsupervised	IMG/JGI	Restricted	Requires institutional IMG/JGI access
3300022660_139	3300022660_139	Bacteria	Unknown		unsupervised	IMG/JGI	Restricted	Requires institutional IMG/JGI access
3300018790_9	3300018790_9	Bacteria	Unknown		unsupervised	IMG/JGI	Restricted	Requires institutional IMG/JGI access
3300021414_5	3300021414_5	Bacteria	Unknown		unsupervised	IMG/JGI	Restricted	Requires institutional IMG/JGI access
3300024911_3	3300024911_3	Bacteria	Unknown		unsupervised	IMG/JGI	Restricted	Requires institutional IMG/JGI access
3300027980_28	3300027980_28	Bacteria	Unknown		unsupervised	IMG/JGI	Restricted	Requires institutional IMG/JGI access
3300017532_30	3300017532_30	Bacteria	Unknown		unsupervised	IMG/JGI	Restricted	Requires institutional IMG/JGI access
3300011726_2	3300011726_2	Bacteria	Unknown		unsupervised	IMG/JGI	Restricted	Requires institutional IMG/JGI access
3300029595_9	3300029595_9	Bacteria	Unknown		unsupervised	IMG/JGI	Restricted	Requires institutional IMG/JGI access
3300007646_4	3300007646_4	Bacteria	Unknown		unsupervised	IMG/JGI	Restricted	Requires institutional IMG/JGI access
3300029745_18	3300029745_18	Bacteria	Unknown		unsupervised	IMG/JGI	Restricted	Requires institutional IMG/JGI access
3300025602_12	3300025602_12	Bacteria	Unknown		unsupervised	IMG/JGI	Restricted	Requires institutional IMG/JGI access
3300007722_74	3300007722_74	Bacteria	Unknown		unsupervised	IMG/JGI	Restricted	Requires institutional IMG/JGI access
3300029620_26	3300029620_26	Bacteria	Unknown		unsupervised	IMG/JGI	Restricted	Requires institutional IMG/JGI access
3300011610_1	3300011610_1	Bacteria	Unknown		unsupervised	IMG/JGI	Restricted	Requires institutional IMG/JGI access
3300029195_11	3300029195_11	Bacteria	Unknown		unsupervised	IMG/JGI	Restricted	Requires institutional IMG/JGI access
3300029252_12	3300029252_12	Bacteria	Unknown		unsupervised	IMG/JGI	Restricted	Requires institutional IMG/JGI access
3300025347_10	3300025347_10	Bacteria	Unknown		unsupervised	IMG/JGI	Restricted	Requires institutional IMG/JGI access
3300025118_8	3300025118_8	Bacteria	Unknown		unsupervised	IMG/JGI	Restricted	Requires institutional IMG/JGI access
3300006001_3	3300006001_3	Bacteria	Unknown		unsupervised	IMG/JGI	Restricted	Requires institutional IMG/JGI access
3300011861_1	3300011861_1	Bacteria	Unknown		unsupervised	IMG/JGI	Restricted	Requires institutional IMG/JGI access
3300029661_24	3300029661_24	Bacteria	Unknown		unsupervised	IMG/JGI	Restricted	Requires institutional IMG/JGI access
3300025298_14	3300025298_14	Bacteria	Unknown		unsupervised	IMG/JGI	Restricted	Requires institutional IMG/JGI access
3300027980_36	3300027980_36	Bacteria	Unknown		unsupervised	IMG/JGI	Restricted	Requires institutional IMG/JGI access
3300029492_30	3300029492_30	Bacteria	Unknown		unsupervised	IMG/JGI	Restricted	Requires institutional IMG/JGI access
3300029114_23	3300029114_23	Bacteria	Unknown		unsupervised	IMG/JGI	Restricted	Requires institutional IMG/JGI access
3300029488_18	3300029488_18	Bacteria	Unknown		unsupervised	IMG/JGI	Restricted	Requires institutional IMG/JGI access
3300007640_5	3300007640_5	Bacteria	Unknown		unsupervised	IMG/JGI	Restricted	Requires institutional IMG/JGI access
3300029583_20	3300029583_20	Bacteria	Unknown		unsupervised	IMG/JGI	Restricted	Requires institutional IMG/JGI access
3300010285_26	3300010285_26	Bacteria	Unknown		unsupervised	IMG/JGI	Restricted	Requires institutional IMG/JGI access
3300013495_1	3300013495_1	Bacteria	Unknown		unsupervised	IMG/JGI	Restricted	Requires institutional IMG/JGI access
3300011362_2	3300011362_2	Bacteria	Unknown		unsupervised	IMG/JGI	Restricted	Requires institutional IMG/JGI access
3300008271_30	3300008271_30	Bacteria	Unknown		unsupervised	IMG/JGI	Restricted	Requires institutional IMG/JGI access
3300005958_6	3300005958_6	Bacteria	Unknown		unsupervised	IMG/JGI	Restricted	Requires institutional IMG/JGI access
3300009767_14	3300009767_14	Bacteria	Unknown		unsupervised	IMG/JGI	Restricted	Requires institutional IMG/JGI access
3300029885_11	3300029885_11	Bacteria	Unknown		unsupervised	IMG/JGI	Restricted	Requires institutional IMG/JGI access
3300005291_1	3300005291_1	Bacteria	Unknown		unsupervised	IMG/JGI	Restricted	Requires institutional IMG/JGI access
3300008479_21	3300008479_21	Bacteria	Unknown		unsupervised	IMG/JGI	Restricted	Requires institutional IMG/JGI access
3300029874_19	3300029874_19	Bacteria	Unknown		unsupervised	IMG/JGI	Restricted	Requires institutional IMG/JGI access
3300012852_11	3300012852_11	Bacteria	Unknown		unsupervised	IMG/JGI	Restricted	Requires institutional IMG/JGI access
3300025651_3	3300025651_3	Bacteria	Unknown		unsupervised	IMG/JGI	Restricted	Requires institutional IMG/JGI access
3300029126_15	3300029126_15	Bacteria	Unknown		unsupervised	IMG/JGI	Restricted	Requires institutional IMG/JGI access
3300022661_128	3300022661_128	Bacteria	Unknown		unsupervised	IMG/JGI	Restricted	Requires institutional IMG/JGI access
3300025525_14	3300025525_14	Bacteria	Unknown		unsupervised	IMG/JGI	Restricted	Requires institutional IMG/JGI access
3300029712_19	3300029712_19	Bacteria	Unknown		unsupervised	IMG/JGI	Restricted	Requires institutional IMG/JGI access
3300018878_143	3300018878_143	Bacteria	Unknown		unsupervised	IMG/JGI	Restricted	Requires institutional IMG/JGI access
3300025409_14	3300025409_14	Bacteria	Unknown		unsupervised	IMG/JGI	Restricted	Requires institutional IMG/JGI access
3300025233_16	3300025233_16	Bacteria	Unknown		unsupervised	IMG/JGI	Restricted	Requires institutional IMG/JGI access
3300025248_11	3300025248_11	Bacteria	Unknown		unsupervised	IMG/JGI	Restricted	Requires institutional IMG/JGI access
3300011743_1	3300011743_1	Bacteria	Unknown		unsupervised	IMG/JGI	Restricted	Requires institutional IMG/JGI access
3300029857_33	3300029857_33	Bacteria	Unknown		unsupervised	IMG/JGI	Restricted	Requires institutional IMG/JGI access
3300008096_27	3300008096_27	Bacteria	Unknown		unsupervised	IMG/JGI	Restricted	Requires institutional IMG/JGI access
3300025480_6	3300025480_6	Bacteria	Unknown		unsupervised	IMG/JGI	Restricted	Requires institutional IMG/JGI access
3300007805_6	3300007805_6	Bacteria	Unknown		unsupervised	IMG/JGI	Restricted	Requires institutional IMG/JGI access
3300026255_6	3300026255_6	Bacteria	Unknown		unsupervised	IMG/JGI	Restricted	Requires institutional IMG/JGI access
3300012811_1	3300012811_1	Bacteria	Unknown		unsupervised	IMG/JGI	Restricted	Requires institutional IMG/JGI access
3300008096_29	3300008096_29	Bacteria	Unknown		unsupervised	IMG/JGI	Restricted	Requires institutional IMG/JGI access
3300014532_5	3300014532_5	Bacteria	Unknown		unsupervised	IMG/JGI	Restricted	Requires institutional IMG/JGI access
3300027327_23	3300027327_23	Bacteria	Unknown		unsupervised	IMG/JGI	Restricted	Requires institutional IMG/JGI access
3300025272_9	3300025272_9	Bacteria	Unknown		unsupervised	IMG/JGI	Restricted	Requires institutional IMG/JGI access
3300024277_5	3300024277_5	Bacteria	Unknown		unsupervised	IMG/JGI	Restricted	Requires institutional IMG/JGI access
3300006289_8	3300006289_8	Bacteria	Unknown		unsupervised	IMG/JGI	Restricted	Requires institutional IMG/JGI access
3300026519_18	3300026519_18	Bacteria	Unknown		unsupervised	IMG/JGI	Restricted	Requires institutional IMG/JGI access
3300025408_9	3300025408_9	Bacteria	Unknown		unsupervised	IMG/JGI	Restricted	Requires institutional IMG/JGI access
3300029767_11	3300029767_11	Bacteria	Unknown		unsupervised	IMG/JGI	Restricted	Requires institutional IMG/JGI access
3300026991_7	3300026991_7	Bacteria	Unknown		unsupervised	IMG/JGI	Restricted	Requires institutional IMG/JGI access
3300029845_35	3300029845_35	Bacteria	Unknown		unsupervised	IMG/JGI	Restricted	Requires institutional IMG/JGI access
3300012813_7	3300012813_7	Bacteria	Unknown		unsupervised	IMG/JGI	Restricted	Requires institutional IMG/JGI access
3300029354_17	3300029354_17	Bacteria	Unknown		unsupervised	IMG/JGI	Restricted	Requires institutional IMG/JGI access
3300013931_1	3300013931_1	Bacteria	Unknown		unsupervised	IMG/JGI	Restricted	Requires institutional IMG/JGI access
3300022884_4	3300022884_4	Bacteria	Unknown		unsupervised	IMG/JGI	Restricted	Requires institutional IMG/JGI access
3300029518_18	3300029518_18	Bacteria	Unknown		unsupervised	IMG/JGI	Restricted	Requires institutional IMG/JGI access
3300029857_16	3300029857_16	Bacteria	Unknown		unsupervised	IMG/JGI	Restricted	Requires institutional IMG/JGI access
3300029748_17	3300029748_17	Bacteria	Unknown		unsupervised	IMG/JGI	Restricted	Requires institutional IMG/JGI access
3300025086_5	3300025086_5	Bacteria	Unknown		unsupervised	IMG/JGI	Restricted	Requires institutional IMG/JGI access
3300029650_10	3300029650_10	Bacteria	Unknown		unsupervised	IMG/JGI	Restricted	Requires institutional IMG/JGI access
3300028959_6	3300028959_6	Bacteria	Unknown		unsupervised	IMG/JGI	Restricted	Requires institutional IMG/JGI access
3300011945_4	3300011945_4	Bacteria	Unknown		unsupervised	IMG/JGI	Restricted	Requires institutional IMG/JGI access
3300007105_7	3300007105_7	Bacteria	Unknown		unsupervised	IMG/JGI	Restricted	Requires institutional IMG/JGI access
3300029548_28	3300029548_28	Bacteria	Unknown		unsupervised	IMG/JGI	Restricted	Requires institutional IMG/JGI access
3300013353_6	3300013353_6	Bacteria	Unknown		unsupervised	IMG/JGI	Restricted	Requires institutional IMG/JGI access
3300029452_5	3300029452_5	Bacteria	Unknown		unsupervised	IMG/JGI	Restricted	Requires institutional IMG/JGI access
3300007318_2	3300007318_2	Bacteria	Unknown		unsupervised	IMG/JGI	Restricted	Requires institutional IMG/JGI access
3300020154_4	3300020154_4	Bacteria	Unknown		unsupervised	IMG/JGI	Restricted	Requires institutional IMG/JGI access
3300025105_53	3300025105_53	Bacteria	Unknown		unsupervised	IMG/JGI	Restricted	Requires institutional IMG/JGI access
3300012889_17	3300012889_17	Bacteria	Unknown		unsupervised	IMG/JGI	Restricted	Requires institutional IMG/JGI access
3300025291_42	3300025291_42	Bacteria	Unknown		unsupervised	IMG/JGI	Restricted	Requires institutional IMG/JGI access
3300012541_1	3300012541_1	Bacteria	Unknown		unsupervised	IMG/JGI	Restricted	Requires institutional IMG/JGI access
3300011636_5	3300011636_5	Bacteria	Unknown		unsupervised	IMG/JGI	Restricted	Requires institutional IMG/JGI access
3300029120_22	3300029120_22	Bacteria	Unknown		unsupervised	IMG/JGI	Restricted	Requires institutional IMG/JGI access
3300011752_4	3300011752_4	Bacteria	Unknown		unsupervised	IMG/JGI	Restricted	Requires institutional IMG/JGI access
3300029244_14	3300029244_14	Bacteria	Unknown		unsupervised	IMG/JGI	Restricted	Requires institutional IMG/JGI access
3300025503_28	3300025503_28	Bacteria	Unknown		unsupervised	IMG/JGI	Restricted	Requires institutional IMG/JGI access
3300007732_18	3300007732_18	Bacteria	Unknown		unsupervised	IMG/JGI	Restricted	Requires institutional IMG/JGI access
3300028086_1	3300028086_1	Bacteria	Unknown		unsupervised	IMG/JGI	Restricted	Requires institutional IMG/JGI access
3300027834_30	3300027834_30	Bacteria	Unknown		unsupervised	IMG/JGI	Restricted	Requires institutional IMG/JGI access
3300008745_8	3300008745_8	Bacteria	Unknown		unsupervised	IMG/JGI	Restricted	Requires institutional IMG/JGI access
3300025086_3	3300025086_3	Bacteria	Unknown		unsupervised	IMG/JGI	Restricted	Requires institutional IMG/JGI access
3300025830_22	3300025830_22	Bacteria	Unknown		unsupervised	IMG/JGI	Restricted	Requires institutional IMG/JGI access
3300018878_160	3300018878_160	Bacteria	Unknown		unsupervised	IMG/JGI	Restricted	Requires institutional IMG/JGI access
3300029470_15	3300029470_15	Bacteria	Unknown		unsupervised	IMG/JGI	Restricted	Requires institutional IMG/JGI access
3300026206_21	3300026206_21	Bacteria	Unknown		unsupervised	IMG/JGI	Restricted	Requires institutional IMG/JGI access
3300008418_15	3300008418_15	Bacteria	Unknown		unsupervised	IMG/JGI	Restricted	Requires institutional IMG/JGI access
3300006260_23	3300006260_23	Bacteria	Unknown		unsupervised	IMG/JGI	Restricted	Requires institutional IMG/JGI access
3300029741_19	3300029741_19	Bacteria	Unknown		unsupervised	IMG/JGI	Restricted	Requires institutional IMG/JGI access
3300012812_1	3300012812_1	Bacteria	Unknown		unsupervised	IMG/JGI	Restricted	Requires institutional IMG/JGI access
3300029684_30	3300029684_30	Bacteria	Unknown		unsupervised	IMG/JGI	Restricted	Requires institutional IMG/JGI access
3300027367_3	3300027367_3	Bacteria	Unknown		unsupervised	IMG/JGI	Restricted	Requires institutional IMG/JGI access
3300025086_4	3300025086_4	Bacteria	Unknown		unsupervised	IMG/JGI	Restricted	Requires institutional IMG/JGI access
3300014520_7	3300014520_7	Bacteria	Unknown		unsupervised	IMG/JGI	Restricted	Requires institutional IMG/JGI access
3300021057_3	3300021057_3	Bacteria	Unknown		unsupervised	IMG/JGI	Restricted	Requires institutional IMG/JGI access
3300013131_77	3300013131_77	Bacteria	Unknown		unsupervised	IMG/JGI	Restricted	Requires institutional IMG/JGI access
3300011869_5	3300011869_5	Bacteria	Unknown		unsupervised	IMG/JGI	Restricted	Requires institutional IMG/JGI access
3300026303_10	3300026303_10	Bacteria	Unknown		unsupervised	IMG/JGI	Restricted	Requires institutional IMG/JGI access
3300029713_26	3300029713_26	Bacteria	Unknown		unsupervised	IMG/JGI	Restricted	Requires institutional IMG/JGI access
3300007361_21	3300007361_21	Bacteria	Unknown		unsupervised	IMG/JGI	Restricted	Requires institutional IMG/JGI access
3300011612_1	3300011612_1	Bacteria	Unknown		unsupervised	IMG/JGI	Restricted	Requires institutional IMG/JGI access
3300013499_7	3300013499_7	Bacteria	Unknown		unsupervised	IMG/JGI	Restricted	Requires institutional IMG/JGI access
3300027284_28	3300027284_28	Bacteria	Unknown		unsupervised	IMG/JGI	Restricted	Requires institutional IMG/JGI access
3300029472_12	3300029472_12	Bacteria	Unknown		unsupervised	IMG/JGI	Restricted	Requires institutional IMG/JGI access
3300008341_3	3300008341_3	Bacteria	Unknown		unsupervised	IMG/JGI	Restricted	Requires institutional IMG/JGI access
3300024906_4	3300024906_4	Bacteria	Unknown		unsupervised	IMG/JGI	Restricted	Requires institutional IMG/JGI access
3300029105_7	3300029105_7	Bacteria	Unknown		unsupervised	IMG/JGI	Restricted	Requires institutional IMG/JGI access
3300025503_27	3300025503_27	Bacteria	Unknown		unsupervised	IMG/JGI	Restricted	Requires institutional IMG/JGI access
3300007805_18	3300007805_18	Bacteria	Unknown		unsupervised	IMG/JGI	Restricted	Requires institutional IMG/JGI access
3300007664_14	3300007664_14	Bacteria	Unknown		unsupervised	IMG/JGI	Restricted	Requires institutional IMG/JGI access
3300018878_107	3300018878_107	Bacteria	Unknown		unsupervised	IMG/JGI	Restricted	Requires institutional IMG/JGI access
3300029409_14	3300029409_14	Bacteria	Unknown		unsupervised	IMG/JGI	Restricted	Requires institutional IMG/JGI access
3300029619_22	3300029619_22	Bacteria	Unknown		unsupervised	IMG/JGI	Restricted	Requires institutional IMG/JGI access
3300021341_28	3300021341_28	Bacteria	Unknown		unsupervised	IMG/JGI	Restricted	Requires institutional IMG/JGI access
3300027967_57	3300027967_57	Bacteria	Unknown		unsupervised	IMG/JGI	Restricted	Requires institutional IMG/JGI access
3300008271_4	3300008271_4	Bacteria	Unknown		unsupervised	IMG/JGI	Restricted	Requires institutional IMG/JGI access
3300005253_6	3300005253_6	Bacteria	Unknown		unsupervised	IMG/JGI	Restricted	Requires institutional IMG/JGI access
3300017419_24	3300017419_24	Bacteria	Unknown		unsupervised	IMG/JGI	Restricted	Requires institutional IMG/JGI access
3300025678_33	3300025678_33	Bacteria	Unknown		unsupervised	IMG/JGI	Restricted	Requires institutional IMG/JGI access
3300014549_7	3300014549_7	Bacteria	Unknown		unsupervised	IMG/JGI	Restricted	Requires institutional IMG/JGI access
3300025286_17	3300025286_17	Bacteria	Unknown		unsupervised	IMG/JGI	Restricted	Requires institutional IMG/JGI access
3300025361_8	3300025361_8	Bacteria	Unknown		unsupervised	IMG/JGI	Restricted	Requires institutional IMG/JGI access
3300011485_1	3300011485_1	Bacteria	Unknown		unsupervised	IMG/JGI	Restricted	Requires institutional IMG/JGI access
3300014094_4	3300014094_4	Bacteria	Unknown		unsupervised	IMG/JGI	Restricted	Requires institutional IMG/JGI access
3300014563_4	3300014563_4	Bacteria	Unknown		unsupervised	IMG/JGI	Restricted	Requires institutional IMG/JGI access
3300007220_16	3300007220_16	Bacteria	Unknown		unsupervised	IMG/JGI	Restricted	Requires institutional IMG/JGI access
3300029871_31	3300029871_31	Bacteria	Unknown		unsupervised	IMG/JGI	Restricted	Requires institutional IMG/JGI access
3300007966_31	3300007966_31	Bacteria	Unknown		unsupervised	IMG/JGI	Restricted	Requires institutional IMG/JGI access
3300029573_17	3300029573_17	Bacteria	Unknown		unsupervised	IMG/JGI	Restricted	Requires institutional IMG/JGI access
3300008496_12	3300008496_12	Bacteria	Unknown		unsupervised	IMG/JGI	Restricted	Requires institutional IMG/JGI access
3300029703_11	3300029703_11	Bacteria	Unknown		unsupervised	IMG/JGI	Restricted	Requires institutional IMG/JGI access
3300029553_25	3300029553_25	Bacteria	Unknown		unsupervised	IMG/JGI	Restricted	Requires institutional IMG/JGI access
3300012804_3	3300012804_3	Bacteria	Unknown		unsupervised	IMG/JGI	Restricted	Requires institutional IMG/JGI access
3300008746_14	3300008746_14	Bacteria	Unknown		unsupervised	IMG/JGI	Restricted	Requires institutional IMG/JGI access
3300029034_7	3300029034_7	Bacteria	Unknown		unsupervised	IMG/JGI	Restricted	Requires institutional IMG/JGI access
3300020478_30	3300020478_30	Bacteria	Unknown		unsupervised	IMG/JGI	Restricted	Requires institutional IMG/JGI access
3300014565_4	3300014565_4	Bacteria	Unknown		unsupervised	IMG/JGI	Restricted	Requires institutional IMG/JGI access
3300017963_38	3300017963_38	Bacteria	Unknown		unsupervised	IMG/JGI	Restricted	Requires institutional IMG/JGI access
3300008096_22	3300008096_22	Bacteria	Unknown		unsupervised	IMG/JGI	Restricted	Requires institutional IMG/JGI access
3300020186_23	3300020186_23	Bacteria	Unknown		unsupervised	IMG/JGI	Restricted	Requires institutional IMG/JGI access
3300029384_18	3300029384_18	Bacteria	Unknown		unsupervised	IMG/JGI	Restricted	Requires institutional IMG/JGI access
3300029782_20	3300029782_20	Bacteria	Unknown		unsupervised	IMG/JGI	Restricted	Requires institutional IMG/JGI access
3300026965_6	3300026965_6	Bacteria	Unknown		unsupervised	IMG/JGI	Restricted	Requires institutional IMG/JGI access
3300012880_18	3300012880_18	Bacteria	Unknown		unsupervised	IMG/JGI	Restricted	Requires institutional IMG/JGI access
3300029066_3	3300029066_3	Bacteria	Unknown		unsupervised	IMG/JGI	Restricted	Requires institutional IMG/JGI access
3300014786_12	3300014786_12	Bacteria	Unknown		unsupervised	IMG/JGI	Restricted	Requires institutional IMG/JGI access
3300029795_23	3300029795_23	Bacteria	Unknown		unsupervised	IMG/JGI	Restricted	Requires institutional IMG/JGI access
3300029219_22	3300029219_22	Bacteria	Unknown		unsupervised	IMG/JGI	Restricted	Requires institutional IMG/JGI access
3300024046_10	3300024046_10	Bacteria	Unknown		unsupervised	IMG/JGI	Restricted	Requires institutional IMG/JGI access
3300011002_20	3300011002_20	Bacteria	Unknown		unsupervised	IMG/JGI	Restricted	Requires institutional IMG/JGI access
3300025061_3	3300025061_3	Bacteria	Unknown		unsupervised	IMG/JGI	Restricted	Requires institutional IMG/JGI access
3300007531_21	3300007531_21	Bacteria	Unknown		unsupervised	IMG/JGI	Restricted	Requires institutional IMG/JGI access
3300011853_1	3300011853_1	Bacteria	Unknown		unsupervised	IMG/JGI	Restricted	Requires institutional IMG/JGI access
3300027828_28	3300027828_28	Bacteria	Unknown		unsupervised	IMG/JGI	Restricted	Requires institutional IMG/JGI access
3300011636_2	3300011636_2	Bacteria	Unknown		unsupervised	IMG/JGI	Restricted	Requires institutional IMG/JGI access
3300029540_20	3300029540_20	Bacteria	Unknown		unsupervised	IMG/JGI	Restricted	Requires institutional IMG/JGI access
3300029421_21	3300029421_21	Bacteria	Unknown		unsupervised	IMG/JGI	Restricted	Requires institutional IMG/JGI access
3300029610_25	3300029610_25	Bacteria	Unknown		unsupervised	IMG/JGI	Restricted	Requires institutional IMG/JGI access
3300025686_56	3300025686_56	Bacteria	Unknown		unsupervised	IMG/JGI	Restricted	Requires institutional IMG/JGI access
3300011479_2	3300011479_2	Bacteria	Unknown		unsupervised	IMG/JGI	Restricted	Requires institutional IMG/JGI access
3300026516_42	3300026516_42	Bacteria	Unknown		unsupervised	IMG/JGI	Restricted	Requires institutional IMG/JGI access
3300029390_15	3300029390_15	Bacteria	Unknown		unsupervised	IMG/JGI	Restricted	Requires institutional IMG/JGI access
3300025575_9	3300025575_9	Bacteria	Unknown		unsupervised	IMG/JGI	Restricted	Requires institutional IMG/JGI access
3300023187_9	3300023187_9	Bacteria	Unknown		unsupervised	IMG/JGI	Restricted	Requires institutional IMG/JGI access
3300029190_10	3300029190_10	Bacteria	Unknown		unsupervised	IMG/JGI	Restricted	Requires institutional IMG/JGI access
3300029780_8	3300029780_8	Bacteria	Unknown		unsupervised	IMG/JGI	Restricted	Requires institutional IMG/JGI access
3300029405_14	3300029405_14	Bacteria	Unknown		unsupervised	IMG/JGI	Restricted	Requires institutional IMG/JGI access
3300029647_11	3300029647_11	Bacteria	Unknown		unsupervised	IMG/JGI	Restricted	Requires institutional IMG/JGI access
3300025909_42	3300025909_42	Bacteria	Unknown		unsupervised	IMG/JGI	Restricted	Requires institutional IMG/JGI access
3300026874_5	3300026874_5	Bacteria	Unknown		unsupervised	IMG/JGI	Restricted	Requires institutional IMG/JGI access
3300029338_23	3300029338_23	Bacteria	Unknown		unsupervised	IMG/JGI	Restricted	Requires institutional IMG/JGI access
3300014048_5	3300014048_5	Bacteria	Unknown		unsupervised	IMG/JGI	Restricted	Requires institutional IMG/JGI access
3300025125_1	3300025125_1	Bacteria	Unknown		unsupervised	IMG/JGI	Restricted	Requires institutional IMG/JGI access
3300010396_55	3300010396_55	Bacteria	Unknown		unsupervised	IMG/JGI	Restricted	Requires institutional IMG/JGI access
3300027719_23	3300027719_23	Bacteria	Unknown		unsupervised	IMG/JGI	Restricted	Requires institutional IMG/JGI access
3300029336_20	3300029336_20	Bacteria	Unknown		unsupervised	IMG/JGI	Restricted	Requires institutional IMG/JGI access
3300024218_10	3300024218_10	Bacteria	Unknown		unsupervised	IMG/JGI	Restricted	Requires institutional IMG/JGI access
3300014964_14	3300014964_14	Bacteria	Unknown		unsupervised	IMG/JGI	Restricted	Requires institutional IMG/JGI access
3300024929_5	3300024929_5	Bacteria	Unknown		unsupervised	IMG/JGI	Restricted	Requires institutional IMG/JGI access
3300012813_8	3300012813_8	Bacteria	Unknown		unsupervised	IMG/JGI	Restricted	Requires institutional IMG/JGI access
3300029710_15	3300029710_15	Bacteria	Unknown		unsupervised	IMG/JGI	Restricted	Requires institutional IMG/JGI access
3300013728_2	3300013728_2	Bacteria	Unknown		unsupervised	IMG/JGI	Restricted	Requires institutional IMG/JGI access
3300020328_2	3300020328_2	Bacteria	Unknown		unsupervised	IMG/JGI	Restricted	Requires institutional IMG/JGI access
3300027339_7	3300027339_7	Bacteria	Unknown		unsupervised	IMG/JGI	Restricted	Requires institutional IMG/JGI access
3300027673_27	3300027673_27	Bacteria	Unknown		unsupervised	IMG/JGI	Restricted	Requires institutional IMG/JGI access
3300019124_9	3300019124_9	Bacteria	Unknown		unsupervised	IMG/JGI	Restricted	Requires institutional IMG/JGI access
3300029404_10	3300029404_10	Bacteria	Unknown		unsupervised	IMG/JGI	Restricted	Requires institutional IMG/JGI access
3300009566_20	3300009566_20	Bacteria	Unknown		unsupervised	IMG/JGI	Restricted	Requires institutional IMG/JGI access
3300010270_8	3300010270_8	Bacteria	Unknown		unsupervised	IMG/JGI	Restricted	Requires institutional IMG/JGI access
3300008712_16	3300008712_16	Bacteria	Unknown		unsupervised	IMG/JGI	Restricted	Requires institutional IMG/JGI access
3300025602_32	3300025602_32	Bacteria	Unknown		unsupervised	IMG/JGI	Restricted	Requires institutional IMG/JGI access
3300029870_10	3300029870_10	Bacteria	Unknown		unsupervised	IMG/JGI	Restricted	Requires institutional IMG/JGI access
3300006256_25	3300006256_25	Bacteria	Unknown		unsupervised	IMG/JGI	Restricted	Requires institutional IMG/JGI access
3300029485_11	3300029485_11	Bacteria	Unknown		unsupervised	IMG/JGI	Restricted	Requires institutional IMG/JGI access
3300028323_1	3300028323_1	Bacteria	Unknown		unsupervised	IMG/JGI	Restricted	Requires institutional IMG/JGI access
3300029815_27	3300029815_27	Bacteria	Unknown		unsupervised	IMG/JGI	Restricted	Requires institutional IMG/JGI access
Coccidioides	Coccidioides	Eukaryota	Unknown		unsupervised	Ensembl/Other	Unknown	Named organism, source unclear
3300029338_20	3300029338_20	Bacteria	Unknown		unsupervised	IMG/JGI	Restricted	Requires institutional IMG/JGI access
3300029779_15	3300029779_15	Bacteria	Unknown		unsupervised	IMG/JGI	Restricted	Requires institutional IMG/JGI access
3300026303_11	3300026303_11	Bacteria	Unknown		unsupervised	IMG/JGI	Restricted	Requires institutional IMG/JGI access
3300008676_13	3300008676_13	Bacteria	Unknown		unsupervised	IMG/JGI	Restricted	Requires institutional IMG/JGI access
3300029579_34	3300029579_34	Bacteria	Unknown		unsupervised	IMG/JGI	Restricted	Requires institutional IMG/JGI access
3300011472_4	3300011472_4	Bacteria	Unknown		unsupervised	IMG/JGI	Restricted	Requires institutional IMG/JGI access
3300006045_78	3300006045_78	Bacteria	Unknown		unsupervised	IMG/JGI	Restricted	Requires institutional IMG/JGI access
3300026280_13	3300026280_13	Bacteria	Unknown		unsupervised	IMG/JGI	Restricted	Requires institutional IMG/JGI access
3300025362_1	3300025362_1	Bacteria	Unknown		unsupervised	IMG/JGI	Restricted	Requires institutional IMG/JGI access
3300011650_1	3300011650_1	Bacteria	Unknown		unsupervised	IMG/JGI	Restricted	Requires institutional IMG/JGI access
3300010268_13	3300010268_13	Bacteria	Unknown		unsupervised	IMG/JGI	Restricted	Requires institutional IMG/JGI access
3300029692_19	3300029692_19	Bacteria	Unknown		unsupervised	IMG/JGI	Restricted	Requires institutional IMG/JGI access
3300017788_96	3300017788_96	Bacteria	Unknown		unsupervised	IMG/JGI	Restricted	Requires institutional IMG/JGI access
3300020025_2	3300020025_2	Bacteria	Unknown		unsupervised	IMG/JGI	Restricted	Requires institutional IMG/JGI access
3300027509_24	3300027509_24	Bacteria	Unknown		unsupervised	IMG/JGI	Restricted	Requires institutional IMG/JGI access
3300010276_10	3300010276_10	Bacteria	Unknown		unsupervised	IMG/JGI	Restricted	Requires institutional IMG/JGI access
3300012973_28	3300012973_28	Bacteria	Unknown		unsupervised	IMG/JGI	Restricted	Requires institutional IMG/JGI access
3300029614_14	3300029614_14	Bacteria	Unknown		unsupervised	IMG/JGI	Restricted	Requires institutional IMG/JGI access
3300022470_29	3300022470_29	Bacteria	Unknown		unsupervised	IMG/JGI	Restricted	Requires institutional IMG/JGI access
3300006322_8	3300006322_8	Bacteria	Unknown		unsupervised	IMG/JGI	Restricted	Requires institutional IMG/JGI access
3300025082_6	3300025082_6	Bacteria	Unknown		unsupervised	IMG/JGI	Restricted	Requires institutional IMG/JGI access
3300007356_4	3300007356_4	Bacteria	Unknown		unsupervised	IMG/JGI	Restricted	Requires institutional IMG/JGI access
3300025161_34	3300025161_34	Bacteria	Unknown		unsupervised	IMG/JGI	Restricted	Requires institutional IMG/JGI access
3300021843_40	3300021843_40	Bacteria	Unknown		unsupervised	IMG/JGI	Restricted	Requires institutional IMG/JGI access
3300025575_29	3300025575_29	Bacteria	Unknown		unsupervised	IMG/JGI	Restricted	Requires institutional IMG/JGI access
3300017518_10	3300017518_10	Bacteria	Unknown		unsupervised	IMG/JGI	Restricted	Requires institutional IMG/JGI access
3300029690_17	3300029690_17	Bacteria	Unknown		unsupervised	IMG/JGI	Restricted	Requires institutional IMG/JGI access
3300027770_41	3300027770_41	Bacteria	Unknown		unsupervised	IMG/JGI	Restricted	Requires institutional IMG/JGI access
3300029376_14	3300029376_14	Bacteria	Unknown		unsupervised	IMG/JGI	Restricted	Requires institutional IMG/JGI access
3300029858_12	3300029858_12	Bacteria	Unknown		unsupervised	IMG/JGI	Restricted	Requires institutional IMG/JGI access
3300008640_15	3300008640_15	Bacteria	Unknown		unsupervised	IMG/JGI	Restricted	Requires institutional IMG/JGI access
3300009083_74	3300009083_74	Bacteria	Unknown		unsupervised	IMG/JGI	Restricted	Requires institutional IMG/JGI access
3300029739_25	3300029739_25	Bacteria	Unknown		unsupervised	IMG/JGI	Restricted	Requires institutional IMG/JGI access
3300028627_15	3300028627_15	Bacteria	Unknown		unsupervised	IMG/JGI	Restricted	Requires institutional IMG/JGI access
3300027951_9	3300027951_9	Bacteria	Unknown		unsupervised	IMG/JGI	Restricted	Requires institutional IMG/JGI access
3300029483_31	3300029483_31	Bacteria	Unknown		unsupervised	IMG/JGI	Restricted	Requires institutional IMG/JGI access
3300029772_11	3300029772_11	Bacteria	Unknown		unsupervised	IMG/JGI	Restricted	Requires institutional IMG/JGI access
3300029851_11	3300029851_11	Bacteria	Unknown		unsupervised	IMG/JGI	Restricted	Requires institutional IMG/JGI access
3300025571_29	3300025571_29	Bacteria	Unknown		unsupervised	IMG/JGI	Restricted	Requires institutional IMG/JGI access
3300029367_6	3300029367_6	Bacteria	Unknown		unsupervised	IMG/JGI	Restricted	Requires institutional IMG/JGI access
3300017940_17	3300017940_17	Bacteria	Unknown		unsupervised	IMG/JGI	Restricted	Requires institutional IMG/JGI access
3300029715_36	3300029715_36	Bacteria	Unknown		unsupervised	IMG/JGI	Restricted	Requires institutional IMG/JGI access
3300025422_10	3300025422_10	Bacteria	Unknown		unsupervised	IMG/JGI	Restricted	Requires institutional IMG/JGI access
2061766007_92	2061766007_92	Bacteria	Unknown		unsupervised	IMG/JGI	Restricted	Requires institutional IMG/JGI access
3300029539_25	3300029539_25	Bacteria	Unknown		unsupervised	IMG/JGI	Restricted	Requires institutional IMG/JGI access
3300029823_8	3300029823_8	Bacteria	Unknown		unsupervised	IMG/JGI	Restricted	Requires institutional IMG/JGI access
3300010273_35	3300010273_35	Bacteria	Unknown		unsupervised	IMG/JGI	Restricted	Requires institutional IMG/JGI access
3300029420_23	3300029420_23	Bacteria	Unknown		unsupervised	IMG/JGI	Restricted	Requires institutional IMG/JGI access
3300008626_12	3300008626_12	Bacteria	Unknown		unsupervised	IMG/JGI	Restricted	Requires institutional IMG/JGI access
3300008481_19	3300008481_19	Bacteria	Unknown		unsupervised	IMG/JGI	Restricted	Requires institutional IMG/JGI access
3300028633_7	3300028633_7	Bacteria	Unknown		unsupervised	IMG/JGI	Restricted	Requires institutional IMG/JGI access
3300027828_45	3300027828_45	Bacteria	Unknown		unsupervised	IMG/JGI	Restricted	Requires institutional IMG/JGI access
3300000942_1	3300000942_1	Bacteria	Unknown		unsupervised	IMG/JGI	Restricted	Requires institutional IMG/JGI access
3300026255_9	3300026255_9	Bacteria	Unknown		unsupervised	IMG/JGI	Restricted	Requires institutional IMG/JGI access
3300029713_19	3300029713_19	Bacteria	Unknown		unsupervised	IMG/JGI	Restricted	Requires institutional IMG/JGI access
3300029206_16	3300029206_16	Bacteria	Unknown		unsupervised	IMG/JGI	Restricted	Requires institutional IMG/JGI access
3300029718_45	3300029718_45	Bacteria	Unknown		unsupervised	IMG/JGI	Restricted	Requires institutional IMG/JGI access
3300011572_2	3300011572_2	Bacteria	Unknown		unsupervised	IMG/JGI	Restricted	Requires institutional IMG/JGI access
3300029562_23	3300029562_23	Bacteria	Unknown		unsupervised	IMG/JGI	Restricted	Requires institutional IMG/JGI access
3300008512_11	3300008512_11	Bacteria	Unknown		unsupervised	IMG/JGI	Restricted	Requires institutional IMG/JGI access
3300026194_17	3300026194_17	Bacteria	Unknown		unsupervised	IMG/JGI	Restricted	Requires institutional IMG/JGI access
3300008418_19	3300008418_19	Bacteria	Unknown		unsupervised	IMG/JGI	Restricted	Requires institutional IMG/JGI access
3300025517_10	3300025517_10	Bacteria	Unknown		unsupervised	IMG/JGI	Restricted	Requires institutional IMG/JGI access
3300029204_23	3300029204_23	Bacteria	Unknown		unsupervised	IMG/JGI	Restricted	Requires institutional IMG/JGI access
3300011692_1	3300011692_1	Bacteria	Unknown		unsupervised	IMG/JGI	Restricted	Requires institutional IMG/JGI access
3300029370_5	3300029370_5	Bacteria	Unknown		unsupervised	IMG/JGI	Restricted	Requires institutional IMG/JGI access
3300020153_23	3300020153_23	Bacteria	Unknown		unsupervised	IMG/JGI	Restricted	Requires institutional IMG/JGI access
3300012004_1	3300012004_1	Bacteria	Unknown		unsupervised	IMG/JGI	Restricted	Requires institutional IMG/JGI access
3300028277_12	3300028277_12	Bacteria	Unknown		unsupervised	IMG/JGI	Restricted	Requires institutional IMG/JGI access
3300012889_34	3300012889_34	Bacteria	Unknown		unsupervised	IMG/JGI	Restricted	Requires institutional IMG/JGI access
3300029760_15	3300029760_15	Bacteria	Unknown		unsupervised	IMG/JGI	Restricted	Requires institutional IMG/JGI access
3300023174_57	3300023174_57	Bacteria	Unknown		unsupervised	IMG/JGI	Restricted	Requires institutional IMG/JGI access
3300008125_24	3300008125_24	Bacteria	Unknown		unsupervised	IMG/JGI	Restricted	Requires institutional IMG/JGI access
3300025243_6	3300025243_6	Bacteria	Unknown		unsupervised	IMG/JGI	Restricted	Requires institutional IMG/JGI access
3300026776_2	3300026776_2	Bacteria	Unknown		unsupervised	IMG/JGI	Restricted	Requires institutional IMG/JGI access
3300021091_54	3300021091_54	Bacteria	Unknown		unsupervised	IMG/JGI	Restricted	Requires institutional IMG/JGI access
3300012144_11	3300012144_11	Bacteria	Unknown		unsupervised	IMG/JGI	Restricted	Requires institutional IMG/JGI access
3300027706_51	3300027706_51	Bacteria	Unknown		unsupervised	IMG/JGI	Restricted	Requires institutional IMG/JGI access
3300008716_22	3300008716_22	Bacteria	Unknown		unsupervised	IMG/JGI	Restricted	Requires institutional IMG/JGI access
3300029465_10	3300029465_10	Bacteria	Unknown		unsupervised	IMG/JGI	Restricted	Requires institutional IMG/JGI access
3300024928_1	3300024928_1	Bacteria	Unknown		unsupervised	IMG/JGI	Restricted	Requires institutional IMG/JGI access
3300010280_18	3300010280_18	Bacteria	Unknown		unsupervised	IMG/JGI	Restricted	Requires institutional IMG/JGI access
3300027111_9	3300027111_9	Bacteria	Unknown		unsupervised	IMG/JGI	Restricted	Requires institutional IMG/JGI access
3300025226_9	3300025226_9	Bacteria	Unknown		unsupervised	IMG/JGI	Restricted	Requires institutional IMG/JGI access
3300026228_2	3300026228_2	Bacteria	Unknown		unsupervised	IMG/JGI	Restricted	Requires institutional IMG/JGI access
3300011650_2	3300011650_2	Bacteria	Unknown		unsupervised	IMG/JGI	Restricted	Requires institutional IMG/JGI access
3300010270_18	3300010270_18	Bacteria	Unknown		unsupervised	IMG/JGI	Restricted	Requires institutional IMG/JGI access
3300029860_32	3300029860_32	Bacteria	Unknown		unsupervised	IMG/JGI	Restricted	Requires institutional IMG/JGI access
3300007924_25	3300007924_25	Bacteria	Unknown		unsupervised	IMG/JGI	Restricted	Requires institutional IMG/JGI access
3300007669_18	3300007669_18	Bacteria	Unknown		unsupervised	IMG/JGI	Restricted	Requires institutional IMG/JGI access
3300003272_3	3300003272_3	Bacteria	Unknown		unsupervised	IMG/JGI	Restricted	Requires institutional IMG/JGI access
3300029777_19	3300029777_19	Bacteria	Unknown		unsupervised	IMG/JGI	Restricted	Requires institutional IMG/JGI access
3300029483_12	3300029483_12	Bacteria	Unknown		unsupervised	IMG/JGI	Restricted	Requires institutional IMG/JGI access
3300029750_5	3300029750_5	Bacteria	Unknown		unsupervised	IMG/JGI	Restricted	Requires institutional IMG/JGI access
3300029668_9	3300029668_9	Bacteria	Unknown		unsupervised	IMG/JGI	Restricted	Requires institutional IMG/JGI access
3300025577_9	3300025577_9	Bacteria	Unknown		unsupervised	IMG/JGI	Restricted	Requires institutional IMG/JGI access
3300029718_27	3300029718_27	Bacteria	Unknown		unsupervised	IMG/JGI	Restricted	Requires institutional IMG/JGI access
3300005337_7	3300005337_7	Bacteria	Unknown		unsupervised	IMG/JGI	Restricted	Requires institutional IMG/JGI access
3300025347_12	3300025347_12	Bacteria	Unknown		unsupervised	IMG/JGI	Restricted	Requires institutional IMG/JGI access
3300029517_16	3300029517_16	Bacteria	Unknown		unsupervised	IMG/JGI	Restricted	Requires institutional IMG/JGI access
3300029763_14	3300029763_14	Bacteria	Unknown		unsupervised	IMG/JGI	Restricted	Requires institutional IMG/JGI access
3300020220_97	3300020220_97	Bacteria	Unknown		unsupervised	IMG/JGI	Restricted	Requires institutional IMG/JGI access
3300029379_33	3300029379_33	Bacteria	Unknown		unsupervised	IMG/JGI	Restricted	Requires institutional IMG/JGI access
3300029888_14	3300029888_14	Bacteria	Unknown		unsupervised	IMG/JGI	Restricted	Requires institutional IMG/JGI access
3300029186_9	3300029186_9	Bacteria	Unknown		unsupervised	IMG/JGI	Restricted	Requires institutional IMG/JGI access
3300013656_2	3300013656_2	Bacteria	Unknown		unsupervised	IMG/JGI	Restricted	Requires institutional IMG/JGI access
3300007079_3	3300007079_3	Bacteria	Unknown		unsupervised	IMG/JGI	Restricted	Requires institutional IMG/JGI access
3300028603_99	3300028603_99	Bacteria	Unknown		unsupervised	IMG/JGI	Restricted	Requires institutional IMG/JGI access
3300008081_25	3300008081_25	Bacteria	Unknown		unsupervised	IMG/JGI	Restricted	Requires institutional IMG/JGI access
3300029577_15	3300029577_15	Bacteria	Unknown		unsupervised	IMG/JGI	Restricted	Requires institutional IMG/JGI access
3300011390_5	3300011390_5	Bacteria	Unknown		unsupervised	IMG/JGI	Restricted	Requires institutional IMG/JGI access
3300025300_9	3300025300_9	Bacteria	Unknown		unsupervised	IMG/JGI	Restricted	Requires institutional IMG/JGI access
3300022855_4	3300022855_4	Bacteria	Unknown		unsupervised	IMG/JGI	Restricted	Requires institutional IMG/JGI access
3300025706_5	3300025706_5	Bacteria	Unknown		unsupervised	IMG/JGI	Restricted	Requires institutional IMG/JGI access
3300008728_18	3300008728_18	Bacteria	Unknown		unsupervised	IMG/JGI	Restricted	Requires institutional IMG/JGI access
3300014541_5	3300014541_5	Bacteria	Unknown		unsupervised	IMG/JGI	Restricted	Requires institutional IMG/JGI access
3300025082_8	3300025082_8	Bacteria	Unknown		unsupervised	IMG/JGI	Restricted	Requires institutional IMG/JGI access
3300029609_17	3300029609_17	Bacteria	Unknown		unsupervised	IMG/JGI	Restricted	Requires institutional IMG/JGI access
3300007501_14	3300007501_14	Bacteria	Unknown		unsupervised	IMG/JGI	Restricted	Requires institutional IMG/JGI access
3300027719_22	3300027719_22	Bacteria	Unknown		unsupervised	IMG/JGI	Restricted	Requires institutional IMG/JGI access
3300012089_4	3300012089_4	Bacteria	Unknown		unsupervised	IMG/JGI	Restricted	Requires institutional IMG/JGI access
3300011458_1	3300011458_1	Bacteria	Unknown		unsupervised	IMG/JGI	Restricted	Requires institutional IMG/JGI access
3300029765_16	3300029765_16	Bacteria	Unknown		unsupervised	IMG/JGI	Restricted	Requires institutional IMG/JGI access
3300017470_17	3300017470_17	Bacteria	Unknown		unsupervised	IMG/JGI	Restricted	Requires institutional IMG/JGI access
3300007222_15	3300007222_15	Bacteria	Unknown		unsupervised	IMG/JGI	Restricted	Requires institutional IMG/JGI access
3300003155_8	3300003155_8	Bacteria	Unknown		unsupervised	IMG/JGI	Restricted	Requires institutional IMG/JGI access
3300025603_19	3300025603_19	Bacteria	Unknown		unsupervised	IMG/JGI	Restricted	Requires institutional IMG/JGI access
3300011717_2	3300011717_2	Bacteria	Unknown		unsupervised	IMG/JGI	Restricted	Requires institutional IMG/JGI access
3300025260_1	3300025260_1	Bacteria	Unknown		unsupervised	IMG/JGI	Restricted	Requires institutional IMG/JGI access
3300029098_12	3300029098_12	Bacteria	Unknown		unsupervised	IMG/JGI	Restricted	Requires institutional IMG/JGI access
3300029765_12	3300029765_12	Bacteria	Unknown		unsupervised	IMG/JGI	Restricted	Requires institutional IMG/JGI access
3300029586_14	3300029586_14	Bacteria	Unknown		unsupervised	IMG/JGI	Restricted	Requires institutional IMG/JGI access
3300029297_9	3300029297_9	Bacteria	Unknown		unsupervised	IMG/JGI	Restricted	Requires institutional IMG/JGI access
3300017553_9	3300017553_9	Bacteria	Unknown		unsupervised	IMG/JGI	Restricted	Requires institutional IMG/JGI access
3300020388_27	3300020388_27	Bacteria	Unknown		unsupervised	IMG/JGI	Restricted	Requires institutional IMG/JGI access
3300007805_16	3300007805_16	Bacteria	Unknown		unsupervised	IMG/JGI	Restricted	Requires institutional IMG/JGI access
3300011588_1	3300011588_1	Bacteria	Unknown		unsupervised	IMG/JGI	Restricted	Requires institutional IMG/JGI access
3300029392_16	3300029392_16	Bacteria	Unknown		unsupervised	IMG/JGI	Restricted	Requires institutional IMG/JGI access
3300006296_1	3300006296_1	Bacteria	Unknown		unsupervised	IMG/JGI	Restricted	Requires institutional IMG/JGI access
3300027283_7	3300027283_7	Bacteria	Unknown		unsupervised	IMG/JGI	Restricted	Requires institutional IMG/JGI access
3300025295_16	3300025295_16	Bacteria	Unknown		unsupervised	IMG/JGI	Restricted	Requires institutional IMG/JGI access
3300027007_8	3300027007_8	Bacteria	Unknown		unsupervised	IMG/JGI	Restricted	Requires institutional IMG/JGI access
3300029333_22	3300029333_22	Bacteria	Unknown		unsupervised	IMG/JGI	Restricted	Requires institutional IMG/JGI access
3300027206_2	3300027206_2	Bacteria	Unknown		unsupervised	IMG/JGI	Restricted	Requires institutional IMG/JGI access
3300015168_2	3300015168_2	Bacteria	Unknown		unsupervised	IMG/JGI	Restricted	Requires institutional IMG/JGI access
3300020388_22	3300020388_22	Bacteria	Unknown		unsupervised	IMG/JGI	Restricted	Requires institutional IMG/JGI access
3300007125_11	3300007125_11	Bacteria	Unknown		unsupervised	IMG/JGI	Restricted	Requires institutional IMG/JGI access
3300029661_10	3300029661_10	Bacteria	Unknown		unsupervised	IMG/JGI	Restricted	Requires institutional IMG/JGI access
3300026288_2	3300026288_2	Bacteria	Unknown		unsupervised	IMG/JGI	Restricted	Requires institutional IMG/JGI access
3300029710_14	3300029710_14	Bacteria	Unknown		unsupervised	IMG/JGI	Restricted	Requires institutional IMG/JGI access
3300029719_24	3300029719_24	Bacteria	Unknown		unsupervised	IMG/JGI	Restricted	Requires institutional IMG/JGI access
3300007531_27	3300007531_27	Bacteria	Unknown		unsupervised	IMG/JGI	Restricted	Requires institutional IMG/JGI access
3300029714_12	3300029714_12	Bacteria	Unknown		unsupervised	IMG/JGI	Restricted	Requires institutional IMG/JGI access
2061766007_124	2061766007_124	Bacteria	Unknown		unsupervised	IMG/JGI	Restricted	Requires institutional IMG/JGI access
3300014647_3	3300014647_3	Bacteria	Unknown		unsupervised	IMG/JGI	Restricted	Requires institutional IMG/JGI access
3300018920_6	3300018920_6	Bacteria	Unknown		unsupervised	IMG/JGI	Restricted	Requires institutional IMG/JGI access
3300007996_15	3300007996_15	Bacteria	Unknown		unsupervised	IMG/JGI	Restricted	Requires institutional IMG/JGI access
3300025728_11	3300025728_11	Bacteria	Unknown		unsupervised	IMG/JGI	Restricted	Requires institutional IMG/JGI access
3300025851_22	3300025851_22	Bacteria	Unknown		unsupervised	IMG/JGI	Restricted	Requires institutional IMG/JGI access
3300028593_87	3300028593_87	Bacteria	Unknown		unsupervised	IMG/JGI	Restricted	Requires institutional IMG/JGI access
3300003282_6	3300003282_6	Bacteria	Unknown		unsupervised	IMG/JGI	Restricted	Requires institutional IMG/JGI access
3300028631_8	3300028631_8	Bacteria	Unknown		unsupervised	IMG/JGI	Restricted	Requires institutional IMG/JGI access
3300010285_20	3300010285_20	Bacteria	Unknown		unsupervised	IMG/JGI	Restricted	Requires institutional IMG/JGI access
3300029428_6	3300029428_6	Bacteria	Unknown		unsupervised	IMG/JGI	Restricted	Requires institutional IMG/JGI access
3300029594_30	3300029594_30	Bacteria	Unknown		unsupervised	IMG/JGI	Restricted	Requires institutional IMG/JGI access
3300029857_19	3300029857_19	Bacteria	Unknown		unsupervised	IMG/JGI	Restricted	Requires institutional IMG/JGI access
3300027662_13	3300027662_13	Bacteria	Unknown		unsupervised	IMG/JGI	Restricted	Requires institutional IMG/JGI access
3300029761_7	3300029761_7	Bacteria	Unknown		unsupervised	IMG/JGI	Restricted	Requires institutional IMG/JGI access
3300008520_4	3300008520_4	Bacteria	Unknown		unsupervised	IMG/JGI	Restricted	Requires institutional IMG/JGI access
3300006979_1	3300006979_1	Bacteria	Unknown		unsupervised	IMG/JGI	Restricted	Requires institutional IMG/JGI access
3300012839_8	3300012839_8	Bacteria	Unknown		unsupervised	IMG/JGI	Restricted	Requires institutional IMG/JGI access
3300008096_10	3300008096_10	Bacteria	Unknown		unsupervised	IMG/JGI	Restricted	Requires institutional IMG/JGI access
3300026286_9	3300026286_9	Bacteria	Unknown		unsupervised	IMG/JGI	Restricted	Requires institutional IMG/JGI access
3300029235_9	3300029235_9	Bacteria	Unknown		unsupervised	IMG/JGI	Restricted	Requires institutional IMG/JGI access
3300029706_15	3300029706_15	Bacteria	Unknown		unsupervised	IMG/JGI	Restricted	Requires institutional IMG/JGI access
3300029339_32	3300029339_32	Bacteria	Unknown		unsupervised	IMG/JGI	Restricted	Requires institutional IMG/JGI access
3300011703_3	3300011703_3	Bacteria	Unknown		unsupervised	IMG/JGI	Restricted	Requires institutional IMG/JGI access
3300023251_4	3300023251_4	Bacteria	Unknown		unsupervised	IMG/JGI	Restricted	Requires institutional IMG/JGI access
3300022146_2	3300022146_2	Bacteria	Unknown		unsupervised	IMG/JGI	Restricted	Requires institutional IMG/JGI access
3300029439_15	3300029439_15	Bacteria	Unknown		unsupervised	IMG/JGI	Restricted	Requires institutional IMG/JGI access
3300011146_3	3300011146_3	Bacteria	Unknown		unsupervised	IMG/JGI	Restricted	Requires institutional IMG/JGI access
3300029623_43	3300029623_43	Bacteria	Unknown		unsupervised	IMG/JGI	Restricted	Requires institutional IMG/JGI access
3300014551_9	3300014551_9	Bacteria	Unknown		unsupervised	IMG/JGI	Restricted	Requires institutional IMG/JGI access
3300013586_1	3300013586_1	Bacteria	Unknown		unsupervised	IMG/JGI	Restricted	Requires institutional IMG/JGI access
3300026262_8	3300026262_8	Bacteria	Unknown		unsupervised	IMG/JGI	Restricted	Requires institutional IMG/JGI access
3300029623_28	3300029623_28	Bacteria	Unknown		unsupervised	IMG/JGI	Restricted	Requires institutional IMG/JGI access
3300029214_10	3300029214_10	Bacteria	Unknown		unsupervised	IMG/JGI	Restricted	Requires institutional IMG/JGI access
3300025949_25	3300025949_25	Bacteria	Unknown		unsupervised	IMG/JGI	Restricted	Requires institutional IMG/JGI access
3300024344_6	3300024344_6	Bacteria	Unknown		unsupervised	IMG/JGI	Restricted	Requires institutional IMG/JGI access
3300011386_1	3300011386_1	Bacteria	Unknown		unsupervised	IMG/JGI	Restricted	Requires institutional IMG/JGI access
3300029675_17	3300029675_17	Bacteria	Unknown		unsupervised	IMG/JGI	Restricted	Requires institutional IMG/JGI access
3300007968_6	3300007968_6	Bacteria	Unknown		unsupervised	IMG/JGI	Restricted	Requires institutional IMG/JGI access
3300027503_13	3300027503_13	Bacteria	Unknown		unsupervised	IMG/JGI	Restricted	Requires institutional IMG/JGI access
3300027283_24	3300027283_24	Bacteria	Unknown		unsupervised	IMG/JGI	Restricted	Requires institutional IMG/JGI access
3300025571_14	3300025571_14	Bacteria	Unknown		unsupervised	IMG/JGI	Restricted	Requires institutional IMG/JGI access
3300025869_46	3300025869_46	Bacteria	Unknown		unsupervised	IMG/JGI	Restricted	Requires institutional IMG/JGI access
3300022177_23	3300022177_23	Bacteria	Unknown		unsupervised	IMG/JGI	Restricted	Requires institutional IMG/JGI access
3300014791_5	3300014791_5	Bacteria	Unknown		unsupervised	IMG/JGI	Restricted	Requires institutional IMG/JGI access
3300029487_9	3300029487_9	Bacteria	Unknown		unsupervised	IMG/JGI	Restricted	Requires institutional IMG/JGI access
3300013495_2	3300013495_2	Bacteria	Unknown		unsupervised	IMG/JGI	Restricted	Requires institutional IMG/JGI access
3300029881_29	3300029881_29	Bacteria	Unknown		unsupervised	IMG/JGI	Restricted	Requires institutional IMG/JGI access
3300029407_6	3300029407_6	Bacteria	Unknown		unsupervised	IMG/JGI	Restricted	Requires institutional IMG/JGI access
3300011809_1	3300011809_1	Bacteria	Unknown		unsupervised	IMG/JGI	Restricted	Requires institutional IMG/JGI access
3300025880_37	3300025880_37	Bacteria	Unknown		unsupervised	IMG/JGI	Restricted	Requires institutional IMG/JGI access
3300003364_4	3300003364_4	Bacteria	Unknown		unsupervised	IMG/JGI	Restricted	Requires institutional IMG/JGI access
3300029580_31	3300029580_31	Bacteria	Unknown		unsupervised	IMG/JGI	Restricted	Requires institutional IMG/JGI access
3300008755_25	3300008755_25	Bacteria	Unknown		unsupervised	IMG/JGI	Restricted	Requires institutional IMG/JGI access
3300025299_23	3300025299_23	Bacteria	Unknown		unsupervised	IMG/JGI	Restricted	Requires institutional IMG/JGI access
3300009083_59	3300009083_59	Bacteria	Unknown		unsupervised	IMG/JGI	Restricted	Requires institutional IMG/JGI access
3300029892_10	3300029892_10	Bacteria	Unknown		unsupervised	IMG/JGI	Restricted	Requires institutional IMG/JGI access
3300008161_11	3300008161_11	Bacteria	Unknown		unsupervised	IMG/JGI	Restricted	Requires institutional IMG/JGI access
3300011747_4	3300011747_4	Bacteria	Unknown		unsupervised	IMG/JGI	Restricted	Requires institutional IMG/JGI access
3300006568_8	3300006568_8	Bacteria	Unknown		unsupervised	IMG/JGI	Restricted	Requires institutional IMG/JGI access
3300011926_7	3300011926_7	Bacteria	Unknown		unsupervised	IMG/JGI	Restricted	Requires institutional IMG/JGI access
3300025297_18	3300025297_18	Bacteria	Unknown		unsupervised	IMG/JGI	Restricted	Requires institutional IMG/JGI access
3300029553_12	3300029553_12	Bacteria	Unknown		unsupervised	IMG/JGI	Restricted	Requires institutional IMG/JGI access
3300025775_22	3300025775_22	Bacteria	Unknown		unsupervised	IMG/JGI	Restricted	Requires institutional IMG/JGI access
3300024968_27	3300024968_27	Bacteria	Unknown		unsupervised	IMG/JGI	Restricted	Requires institutional IMG/JGI access
3300008269_3	3300008269_3	Bacteria	Unknown		unsupervised	IMG/JGI	Restricted	Requires institutional IMG/JGI access
3300027319_26	3300027319_26	Bacteria	Unknown		unsupervised	IMG/JGI	Restricted	Requires institutional IMG/JGI access
3300020429_13	3300020429_13	Bacteria	Unknown		unsupervised	IMG/JGI	Restricted	Requires institutional IMG/JGI access
3300018878_96	3300018878_96	Bacteria	Unknown		unsupervised	IMG/JGI	Restricted	Requires institutional IMG/JGI access
3300025409_9	3300025409_9	Bacteria	Unknown		unsupervised	IMG/JGI	Restricted	Requires institutional IMG/JGI access
3300007500_7	3300007500_7	Bacteria	Unknown		unsupervised	IMG/JGI	Restricted	Requires institutional IMG/JGI access
3300013122_41	3300013122_41	Bacteria	Unknown		unsupervised	IMG/JGI	Restricted	Requires institutional IMG/JGI access
3300023065_5	3300023065_5	Bacteria	Unknown		unsupervised	IMG/JGI	Restricted	Requires institutional IMG/JGI access
3300020344_22	3300020344_22	Bacteria	Unknown		unsupervised	IMG/JGI	Restricted	Requires institutional IMG/JGI access
3300025065_9	3300025065_9	Bacteria	Unknown		unsupervised	IMG/JGI	Restricted	Requires institutional IMG/JGI access
3300012006_27	3300012006_27	Bacteria	Unknown		unsupervised	IMG/JGI	Restricted	Requires institutional IMG/JGI access
3300025441_12	3300025441_12	Bacteria	Unknown		unsupervised	IMG/JGI	Restricted	Requires institutional IMG/JGI access
3300008077_12	3300008077_12	Bacteria	Unknown		unsupervised	IMG/JGI	Restricted	Requires institutional IMG/JGI access
3300025480_13	3300025480_13	Bacteria	Unknown		unsupervised	IMG/JGI	Restricted	Requires institutional IMG/JGI access
3300029104_10	3300029104_10	Bacteria	Unknown		unsupervised	IMG/JGI	Restricted	Requires institutional IMG/JGI access
3300029634_9	3300029634_9	Bacteria	Unknown		unsupervised	IMG/JGI	Restricted	Requires institutional IMG/JGI access
3300007296_19	3300007296_19	Bacteria	Unknown		unsupervised	IMG/JGI	Restricted	Requires institutional IMG/JGI access
3300008575_17	3300008575_17	Bacteria	Unknown		unsupervised	IMG/JGI	Restricted	Requires institutional IMG/JGI access
3300024344_27	3300024344_27	Bacteria	Unknown		unsupervised	IMG/JGI	Restricted	Requires institutional IMG/JGI access
3300006499_16	3300006499_16	Bacteria	Unknown		unsupervised	IMG/JGI	Restricted	Requires institutional IMG/JGI access
3300025600_20	3300025600_20	Bacteria	Unknown		unsupervised	IMG/JGI	Restricted	Requires institutional IMG/JGI access
3300010275_6	3300010275_6	Bacteria	Unknown		unsupervised	IMG/JGI	Restricted	Requires institutional IMG/JGI access
3300026957_7	3300026957_7	Bacteria	Unknown		unsupervised	IMG/JGI	Restricted	Requires institutional IMG/JGI access
3300009381_4	3300009381_4	Bacteria	Unknown		unsupervised	IMG/JGI	Restricted	Requires institutional IMG/JGI access
3300029576_12	3300029576_12	Bacteria	Unknown		unsupervised	IMG/JGI	Restricted	Requires institutional IMG/JGI access
3300019775_11	3300019775_11	Bacteria	Unknown		unsupervised	IMG/JGI	Restricted	Requires institutional IMG/JGI access
3300029733_8	3300029733_8	Bacteria	Unknown		unsupervised	IMG/JGI	Restricted	Requires institutional IMG/JGI access
3300029432_21	3300029432_21	Bacteria	Unknown		unsupervised	IMG/JGI	Restricted	Requires institutional IMG/JGI access
3300018043_11	3300018043_11	Bacteria	Unknown		unsupervised	IMG/JGI	Restricted	Requires institutional IMG/JGI access
3300025251_5	3300025251_5	Bacteria	Unknown		unsupervised	IMG/JGI	Restricted	Requires institutional IMG/JGI access
3300025876_47	3300025876_47	Bacteria	Unknown		unsupervised	IMG/JGI	Restricted	Requires institutional IMG/JGI access
3300029441_20	3300029441_20	Bacteria	Unknown		unsupervised	IMG/JGI	Restricted	Requires institutional IMG/JGI access
3300027835_47	3300027835_47	Bacteria	Unknown		unsupervised	IMG/JGI	Restricted	Requires institutional IMG/JGI access
3300013370_2	3300013370_2	Bacteria	Unknown		unsupervised	IMG/JGI	Restricted	Requires institutional IMG/JGI access
3300014806_9	3300014806_9	Bacteria	Unknown		unsupervised	IMG/JGI	Restricted	Requires institutional IMG/JGI access
3300029112_9	3300029112_9	Bacteria	Unknown		unsupervised	IMG/JGI	Restricted	Requires institutional IMG/JGI access
3300011620_2	3300011620_2	Bacteria	Unknown		unsupervised	IMG/JGI	Restricted	Requires institutional IMG/JGI access
3300025263_37	3300025263_37	Bacteria	Unknown		unsupervised	IMG/JGI	Restricted	Requires institutional IMG/JGI access
3300027773_18	3300027773_18	Bacteria	Unknown		unsupervised	IMG/JGI	Restricted	Requires institutional IMG/JGI access
Azolla	Azolla	Eukaryota	Unknown		unsupervised	Ensembl/Other	Unknown	Named organism, source unclear
3300014680_2	3300014680_2	Bacteria	Unknown		unsupervised	IMG/JGI	Restricted	Requires institutional IMG/JGI access
3300029538_13	3300029538_13	Bacteria	Unknown		unsupervised	IMG/JGI	Restricted	Requires institutional IMG/JGI access
3300006226_71	3300006226_71	Bacteria	Unknown		unsupervised	IMG/JGI	Restricted	Requires institutional IMG/JGI access
3300025490_1	3300025490_1	Bacteria	Unknown		unsupervised	IMG/JGI	Restricted	Requires institutional IMG/JGI access
3300006272_1	3300006272_1	Bacteria	Unknown		unsupervised	IMG/JGI	Restricted	Requires institutional IMG/JGI access
3300025420_3	3300025420_3	Bacteria	Unknown		unsupervised	IMG/JGI	Restricted	Requires institutional IMG/JGI access
3300029779_9	3300029779_9	Bacteria	Unknown		unsupervised	IMG/JGI	Restricted	Requires institutional IMG/JGI access
3300012879_7	3300012879_7	Bacteria	Unknown		unsupervised	IMG/JGI	Restricted	Requires institutional IMG/JGI access
3300008129_12	3300008129_12	Bacteria	Unknown		unsupervised	IMG/JGI	Restricted	Requires institutional IMG/JGI access
3300027391_11	3300027391_11	Bacteria	Unknown		unsupervised	IMG/JGI	Restricted	Requires institutional IMG/JGI access
3300027673_8	3300027673_8	Bacteria	Unknown		unsupervised	IMG/JGI	Restricted	Requires institutional IMG/JGI access
3300027800_41	3300027800_41	Bacteria	Unknown		unsupervised	IMG/JGI	Restricted	Requires institutional IMG/JGI access
3300027283_14	3300027283_14	Bacteria	Unknown		unsupervised	IMG/JGI	Restricted	Requires institutional IMG/JGI access
3300010267_19	3300010267_19	Bacteria	Unknown		unsupervised	IMG/JGI	Restricted	Requires institutional IMG/JGI access
3300029118_14	3300029118_14	Bacteria	Unknown		unsupervised	IMG/JGI	Restricted	Requires institutional IMG/JGI access
3300008098_36	3300008098_36	Bacteria	Unknown		unsupervised	IMG/JGI	Restricted	Requires institutional IMG/JGI access
3300028624_5	3300028624_5	Bacteria	Unknown		unsupervised	IMG/JGI	Restricted	Requires institutional IMG/JGI access
3300017646_8	3300017646_8	Bacteria	Unknown		unsupervised	IMG/JGI	Restricted	Requires institutional IMG/JGI access
3300010282_9	3300010282_9	Bacteria	Unknown		unsupervised	IMG/JGI	Restricted	Requires institutional IMG/JGI access
3300029728_13	3300029728_13	Bacteria	Unknown		unsupervised	IMG/JGI	Restricted	Requires institutional IMG/JGI access
3300025373_5	3300025373_5	Bacteria	Unknown		unsupervised	IMG/JGI	Restricted	Requires institutional IMG/JGI access
3300028593_31	3300028593_31	Bacteria	Unknown		unsupervised	IMG/JGI	Restricted	Requires institutional IMG/JGI access
3300025584_21	3300025584_21	Bacteria	Unknown		unsupervised	IMG/JGI	Restricted	Requires institutional IMG/JGI access
3300025534_15	3300025534_15	Bacteria	Unknown		unsupervised	IMG/JGI	Restricted	Requires institutional IMG/JGI access
3300027327_19	3300027327_19	Bacteria	Unknown		unsupervised	IMG/JGI	Restricted	Requires institutional IMG/JGI access
3300029190_6	3300029190_6	Bacteria	Unknown		unsupervised	IMG/JGI	Restricted	Requires institutional IMG/JGI access
3300000447_4	3300000447_4	Bacteria	Unknown		unsupervised	IMG/JGI	Restricted	Requires institutional IMG/JGI access
3300012845_5	3300012845_5	Bacteria	Unknown		unsupervised	IMG/JGI	Restricted	Requires institutional IMG/JGI access
3300029612_27	3300029612_27	Bacteria	Unknown		unsupervised	IMG/JGI	Restricted	Requires institutional IMG/JGI access
3300006464_38	3300006464_38	Bacteria	Unknown		unsupervised	IMG/JGI	Restricted	Requires institutional IMG/JGI access
3300026509_104	3300026509_104	Bacteria	Unknown		unsupervised	IMG/JGI	Restricted	Requires institutional IMG/JGI access
3300003155_20	3300003155_20	Bacteria	Unknown		unsupervised	IMG/JGI	Restricted	Requires institutional IMG/JGI access
3300029457_12	3300029457_12	Bacteria	Unknown		unsupervised	IMG/JGI	Restricted	Requires institutional IMG/JGI access
3300029332_14	3300029332_14	Bacteria	Unknown		unsupervised	IMG/JGI	Restricted	Requires institutional IMG/JGI access
3300029377_15	3300029377_15	Bacteria	Unknown		unsupervised	IMG/JGI	Restricted	Requires institutional IMG/JGI access
3300026549_52	3300026549_52	Bacteria	Unknown		unsupervised	IMG/JGI	Restricted	Requires institutional IMG/JGI access
3300029326_7	3300029326_7	Bacteria	Unknown		unsupervised	IMG/JGI	Restricted	Requires institutional IMG/JGI access
3300027592_36	3300027592_36	Bacteria	Unknown		unsupervised	IMG/JGI	Restricted	Requires institutional IMG/JGI access
3300029400_11	3300029400_11	Bacteria	Unknown		unsupervised	IMG/JGI	Restricted	Requires institutional IMG/JGI access
3300026980_11	3300026980_11	Bacteria	Unknown		unsupervised	IMG/JGI	Restricted	Requires institutional IMG/JGI access
3300021419_23	3300021419_23	Bacteria	Unknown		unsupervised	IMG/JGI	Restricted	Requires institutional IMG/JGI access
3300017788_53	3300017788_53	Bacteria	Unknown		unsupervised	IMG/JGI	Restricted	Requires institutional IMG/JGI access
3300014087_3	3300014087_3	Bacteria	Unknown		unsupervised	IMG/JGI	Restricted	Requires institutional IMG/JGI access
3300021092_45	3300021092_45	Bacteria	Unknown		unsupervised	IMG/JGI	Restricted	Requires institutional IMG/JGI access
3300027266_2	3300027266_2	Bacteria	Unknown		unsupervised	IMG/JGI	Restricted	Requires institutional IMG/JGI access
3300029386_22	3300029386_22	Bacteria	Unknown		unsupervised	IMG/JGI	Restricted	Requires institutional IMG/JGI access
3300022661_73	3300022661_73	Bacteria	Unknown		unsupervised	IMG/JGI	Restricted	Requires institutional IMG/JGI access
3300027863_142	3300027863_142	Bacteria	Unknown		unsupervised	IMG/JGI	Restricted	Requires institutional IMG/JGI access
3300029587_15	3300029587_15	Bacteria	Unknown		unsupervised	IMG/JGI	Restricted	Requires institutional IMG/JGI access
3300021300_5	3300021300_5	Bacteria	Unknown		unsupervised	IMG/JGI	Restricted	Requires institutional IMG/JGI access
3300020429_11	3300020429_11	Bacteria	Unknown		unsupervised	IMG/JGI	Restricted	Requires institutional IMG/JGI access
3300027322_5	3300027322_5	Bacteria	Unknown		unsupervised	IMG/JGI	Restricted	Requires institutional IMG/JGI access
3300025477_18	3300025477_18	Bacteria	Unknown		unsupervised	IMG/JGI	Restricted	Requires institutional IMG/JGI access
3300021057_5	3300021057_5	Bacteria	Unknown		unsupervised	IMG/JGI	Restricted	Requires institutional IMG/JGI access
3300023299_6	3300023299_6	Bacteria	Unknown		unsupervised	IMG/JGI	Restricted	Requires institutional IMG/JGI access
3300025272_4	3300025272_4	Bacteria	Unknown		unsupervised	IMG/JGI	Restricted	Requires institutional IMG/JGI access
3300008756_4	3300008756_4	Bacteria	Unknown		unsupervised	IMG/JGI	Restricted	Requires institutional IMG/JGI access
3300027536_10	3300027536_10	Bacteria	Unknown		unsupervised	IMG/JGI	Restricted	Requires institutional IMG/JGI access
3300027896_55	3300027896_55	Bacteria	Unknown		unsupervised	IMG/JGI	Restricted	Requires institutional IMG/JGI access
3300029586_12	3300029586_12	Bacteria	Unknown		unsupervised	IMG/JGI	Restricted	Requires institutional IMG/JGI access
3300014699_2	3300014699_2	Bacteria	Unknown		unsupervised	IMG/JGI	Restricted	Requires institutional IMG/JGI access
3300029861_7	3300029861_7	Bacteria	Unknown		unsupervised	IMG/JGI	Restricted	Requires institutional IMG/JGI access
3300029545_8	3300029545_8	Bacteria	Unknown		unsupervised	IMG/JGI	Restricted	Requires institutional IMG/JGI access
3300011468_1	3300011468_1	Bacteria	Unknown		unsupervised	IMG/JGI	Restricted	Requires institutional IMG/JGI access
3300017788_71	3300017788_71	Bacteria	Unknown		unsupervised	IMG/JGI	Restricted	Requires institutional IMG/JGI access
3300029526_7	3300029526_7	Bacteria	Unknown		unsupervised	IMG/JGI	Restricted	Requires institutional IMG/JGI access
3300029358_22	3300029358_22	Bacteria	Unknown		unsupervised	IMG/JGI	Restricted	Requires institutional IMG/JGI access
3300020478_12	3300020478_12	Bacteria	Unknown		unsupervised	IMG/JGI	Restricted	Requires institutional IMG/JGI access
3300014713_10	3300014713_10	Bacteria	Unknown		unsupervised	IMG/JGI	Restricted	Requires institutional IMG/JGI access
3300020213_20	3300020213_20	Bacteria	Unknown		unsupervised	IMG/JGI	Restricted	Requires institutional IMG/JGI access
3300020295_5	3300020295_5	Bacteria	Unknown		unsupervised	IMG/JGI	Restricted	Requires institutional IMG/JGI access
3300011707_3	3300011707_3	Bacteria	Unknown		unsupervised	IMG/JGI	Restricted	Requires institutional IMG/JGI access
3300008593_2	3300008593_2	Bacteria	Unknown		unsupervised	IMG/JGI	Restricted	Requires institutional IMG/JGI access
3300025343_5	3300025343_5	Bacteria	Unknown		unsupervised	IMG/JGI	Restricted	Requires institutional IMG/JGI access
3300020361_21	3300020361_21	Bacteria	Unknown		unsupervised	IMG/JGI	Restricted	Requires institutional IMG/JGI access
3300013830_16	3300013830_16	Bacteria	Unknown		unsupervised	IMG/JGI	Restricted	Requires institutional IMG/JGI access
3300028974_3	3300028974_3	Bacteria	Unknown		unsupervised	IMG/JGI	Restricted	Requires institutional IMG/JGI access
3300027391_20	3300027391_20	Bacteria	Unknown		unsupervised	IMG/JGI	Restricted	Requires institutional IMG/JGI access
3300029842_28	3300029842_28	Bacteria	Unknown		unsupervised	IMG/JGI	Restricted	Requires institutional IMG/JGI access
3300014664_2	3300014664_2	Bacteria	Unknown		unsupervised	IMG/JGI	Restricted	Requires institutional IMG/JGI access
3300029839_17	3300029839_17	Bacteria	Unknown		unsupervised	IMG/JGI	Restricted	Requires institutional IMG/JGI access
3300029749_31	3300029749_31	Bacteria	Unknown		unsupervised	IMG/JGI	Restricted	Requires institutional IMG/JGI access
3300011851_6	3300011851_6	Bacteria	Unknown		unsupervised	IMG/JGI	Restricted	Requires institutional IMG/JGI access
3300029576_6	3300029576_6	Bacteria	Unknown		unsupervised	IMG/JGI	Restricted	Requires institutional IMG/JGI access
3300012842_7	3300012842_7	Bacteria	Unknown		unsupervised	IMG/JGI	Restricted	Requires institutional IMG/JGI access
3300008537_24	3300008537_24	Bacteria	Unknown		unsupervised	IMG/JGI	Restricted	Requires institutional IMG/JGI access
3300007208_23	3300007208_23	Bacteria	Unknown		unsupervised	IMG/JGI	Restricted	Requires institutional IMG/JGI access
3300025892_13	3300025892_13	Bacteria	Unknown		unsupervised	IMG/JGI	Restricted	Requires institutional IMG/JGI access
3300029891_15	3300029891_15	Bacteria	Unknown		unsupervised	IMG/JGI	Restricted	Requires institutional IMG/JGI access
3300020601_30	3300020601_30	Bacteria	Unknown		unsupervised	IMG/JGI	Restricted	Requires institutional IMG/JGI access
3300025270_14	3300025270_14	Bacteria	Unknown		unsupervised	IMG/JGI	Restricted	Requires institutional IMG/JGI access
3300029876_19	3300029876_19	Bacteria	Unknown		unsupervised	IMG/JGI	Restricted	Requires institutional IMG/JGI access
3300027316_10	3300027316_10	Bacteria	Unknown		unsupervised	IMG/JGI	Restricted	Requires institutional IMG/JGI access
3300029621_34	3300029621_34	Bacteria	Unknown		unsupervised	IMG/JGI	Restricted	Requires institutional IMG/JGI access
3300025597_3	3300025597_3	Bacteria	Unknown		unsupervised	IMG/JGI	Restricted	Requires institutional IMG/JGI access
3300029590_20	3300029590_20	Bacteria	Unknown		unsupervised	IMG/JGI	Restricted	Requires institutional IMG/JGI access
3300029356_25	3300029356_25	Bacteria	Unknown		unsupervised	IMG/JGI	Restricted	Requires institutional IMG/JGI access
3300026236_1	3300026236_1	Bacteria	Unknown		unsupervised	IMG/JGI	Restricted	Requires institutional IMG/JGI access
3300029435_22	3300029435_22	Bacteria	Unknown		unsupervised	IMG/JGI	Restricted	Requires institutional IMG/JGI access
3300018427_45	3300018427_45	Bacteria	Unknown		unsupervised	IMG/JGI	Restricted	Requires institutional IMG/JGI access
3300029403_12	3300029403_12	Bacteria	Unknown		unsupervised	IMG/JGI	Restricted	Requires institutional IMG/JGI access
3300026874_4	3300026874_4	Bacteria	Unknown		unsupervised	IMG/JGI	Restricted	Requires institutional IMG/JGI access
3300021306_20	3300021306_20	Bacteria	Unknown		unsupervised	IMG/JGI	Restricted	Requires institutional IMG/JGI access
2061766007_94	2061766007_94	Bacteria	Unknown		unsupervised	IMG/JGI	Restricted	Requires institutional IMG/JGI access
3300025138_13	3300025138_13	Bacteria	Unknown		unsupervised	IMG/JGI	Restricted	Requires institutional IMG/JGI access
3300029023_4	3300029023_4	Bacteria	Unknown		unsupervised	IMG/JGI	Restricted	Requires institutional IMG/JGI access
3300011989_43	3300011989_43	Bacteria	Unknown		unsupervised	IMG/JGI	Restricted	Requires institutional IMG/JGI access
3300026302_14	3300026302_14	Bacteria	Unknown		unsupervised	IMG/JGI	Restricted	Requires institutional IMG/JGI access
3300020128_4	3300020128_4	Bacteria	Unknown		unsupervised	IMG/JGI	Restricted	Requires institutional IMG/JGI access
3300026534_10	3300026534_10	Bacteria	Unknown		unsupervised	IMG/JGI	Restricted	Requires institutional IMG/JGI access
3300012974_19	3300012974_19	Bacteria	Unknown		unsupervised	IMG/JGI	Restricted	Requires institutional IMG/JGI access
3300028581_42	3300028581_42	Bacteria	Unknown		unsupervised	IMG/JGI	Restricted	Requires institutional IMG/JGI access
3300029555_19	3300029555_19	Bacteria	Unknown		unsupervised	IMG/JGI	Restricted	Requires institutional IMG/JGI access
3300025600_11	3300025600_11	Bacteria	Unknown		unsupervised	IMG/JGI	Restricted	Requires institutional IMG/JGI access
3300025677_11	3300025677_11	Bacteria	Unknown		unsupervised	IMG/JGI	Restricted	Requires institutional IMG/JGI access
3300011389_1	3300011389_1	Bacteria	Unknown		unsupervised	IMG/JGI	Restricted	Requires institutional IMG/JGI access
3300008081_11	3300008081_11	Bacteria	Unknown		unsupervised	IMG/JGI	Restricted	Requires institutional IMG/JGI access
3300029119_19	3300029119_19	Bacteria	Unknown		unsupervised	IMG/JGI	Restricted	Requires institutional IMG/JGI access
3300029297_14	3300029297_14	Bacteria	Unknown		unsupervised	IMG/JGI	Restricted	Requires institutional IMG/JGI access
3300007991_17	3300007991_17	Bacteria	Unknown		unsupervised	IMG/JGI	Restricted	Requires institutional IMG/JGI access
3300025297_22	3300025297_22	Bacteria	Unknown		unsupervised	IMG/JGI	Restricted	Requires institutional IMG/JGI access
3300007346_7	3300007346_7	Bacteria	Unknown		unsupervised	IMG/JGI	Restricted	Requires institutional IMG/JGI access
3300011527_2	3300011527_2	Bacteria	Unknown		unsupervised	IMG/JGI	Restricted	Requires institutional IMG/JGI access
3300012826_2	3300012826_2	Bacteria	Unknown		unsupervised	IMG/JGI	Restricted	Requires institutional IMG/JGI access
3300007993_7	3300007993_7	Bacteria	Unknown		unsupervised	IMG/JGI	Restricted	Requires institutional IMG/JGI access
3300029067_3	3300029067_3	Bacteria	Unknown		unsupervised	IMG/JGI	Restricted	Requires institutional IMG/JGI access
3300029542_15	3300029542_15	Bacteria	Unknown		unsupervised	IMG/JGI	Restricted	Requires institutional IMG/JGI access
3300008571_9	3300008571_9	Bacteria	Unknown		unsupervised	IMG/JGI	Restricted	Requires institutional IMG/JGI access
3300029828_29	3300029828_29	Bacteria	Unknown		unsupervised	IMG/JGI	Restricted	Requires institutional IMG/JGI access
3300012940_66	3300012940_66	Bacteria	Unknown		unsupervised	IMG/JGI	Restricted	Requires institutional IMG/JGI access
3300025431_16	3300025431_16	Bacteria	Unknown		unsupervised	IMG/JGI	Restricted	Requires institutional IMG/JGI access
3300010153_6	3300010153_6	Bacteria	Unknown		unsupervised	IMG/JGI	Restricted	Requires institutional IMG/JGI access
3300010285_12	3300010285_12	Bacteria	Unknown		unsupervised	IMG/JGI	Restricted	Requires institutional IMG/JGI access
3300014900_1	3300014900_1	Bacteria	Unknown		unsupervised	IMG/JGI	Restricted	Requires institutional IMG/JGI access
3300008144_22	3300008144_22	Bacteria	Unknown		unsupervised	IMG/JGI	Restricted	Requires institutional IMG/JGI access
3300011845_4	3300011845_4	Bacteria	Unknown		unsupervised	IMG/JGI	Restricted	Requires institutional IMG/JGI access
3300025247_6	3300025247_6	Bacteria	Unknown		unsupervised	IMG/JGI	Restricted	Requires institutional IMG/JGI access
3300022924_11	3300022924_11	Bacteria	Unknown		unsupervised	IMG/JGI	Restricted	Requires institutional IMG/JGI access
3300029893_17	3300029893_17	Bacteria	Unknown		unsupervised	IMG/JGI	Restricted	Requires institutional IMG/JGI access
3300007921_8	3300007921_8	Bacteria	Unknown		unsupervised	IMG/JGI	Restricted	Requires institutional IMG/JGI access
3300025260_9	3300025260_9	Bacteria	Unknown		unsupervised	IMG/JGI	Restricted	Requires institutional IMG/JGI access
3300026977_8	3300026977_8	Bacteria	Unknown		unsupervised	IMG/JGI	Restricted	Requires institutional IMG/JGI access
3300007805_5	3300007805_5	Bacteria	Unknown		unsupervised	IMG/JGI	Restricted	Requires institutional IMG/JGI access
3300014527_6	3300014527_6	Bacteria	Unknown		unsupervised	IMG/JGI	Restricted	Requires institutional IMG/JGI access
3300027283_40	3300027283_40	Bacteria	Unknown		unsupervised	IMG/JGI	Restricted	Requires institutional IMG/JGI access
3300017444_58	3300017444_58	Bacteria	Unknown		unsupervised	IMG/JGI	Restricted	Requires institutional IMG/JGI access
3300027864_27	3300027864_27	Bacteria	Unknown		unsupervised	IMG/JGI	Restricted	Requires institutional IMG/JGI access
3300025304_13	3300025304_13	Bacteria	Unknown		unsupervised	IMG/JGI	Restricted	Requires institutional IMG/JGI access
3300029788_33	3300029788_33	Bacteria	Unknown		unsupervised	IMG/JGI	Restricted	Requires institutional IMG/JGI access
3300029422_21	3300029422_21	Bacteria	Unknown		unsupervised	IMG/JGI	Restricted	Requires institutional IMG/JGI access
3300010273_23	3300010273_23	Bacteria	Unknown		unsupervised	IMG/JGI	Restricted	Requires institutional IMG/JGI access
3300028419_4	3300028419_4	Bacteria	Unknown		unsupervised	IMG/JGI	Restricted	Requires institutional IMG/JGI access
3300029338_12	3300029338_12	Bacteria	Unknown		unsupervised	IMG/JGI	Restricted	Requires institutional IMG/JGI access
3300029467_10	3300029467_10	Bacteria	Unknown		unsupervised	IMG/JGI	Restricted	Requires institutional IMG/JGI access
3300027309_2	3300027309_2	Bacteria	Unknown		unsupervised	IMG/JGI	Restricted	Requires institutional IMG/JGI access
3300025476_7	3300025476_7	Bacteria	Unknown		unsupervised	IMG/JGI	Restricted	Requires institutional IMG/JGI access
3300012007_12	3300012007_12	Bacteria	Unknown		unsupervised	IMG/JGI	Restricted	Requires institutional IMG/JGI access
3300027111_5	3300027111_5	Bacteria	Unknown		unsupervised	IMG/JGI	Restricted	Requires institutional IMG/JGI access
3300013830_24	3300013830_24	Bacteria	Unknown		unsupervised	IMG/JGI	Restricted	Requires institutional IMG/JGI access
3300022902_20	3300022902_20	Bacteria	Unknown		unsupervised	IMG/JGI	Restricted	Requires institutional IMG/JGI access
3300024968_5	3300024968_5	Bacteria	Unknown		unsupervised	IMG/JGI	Restricted	Requires institutional IMG/JGI access
3300025027_2	3300025027_2	Bacteria	Unknown		unsupervised	IMG/JGI	Restricted	Requires institutional IMG/JGI access
3300027055_13	3300027055_13	Bacteria	Unknown		unsupervised	IMG/JGI	Restricted	Requires institutional IMG/JGI access
3300025528_15	3300025528_15	Bacteria	Unknown		unsupervised	IMG/JGI	Restricted	Requires institutional IMG/JGI access
3300011360_5	3300011360_5	Bacteria	Unknown		unsupervised	IMG/JGI	Restricted	Requires institutional IMG/JGI access
3300029846_24	3300029846_24	Bacteria	Unknown		unsupervised	IMG/JGI	Restricted	Requires institutional IMG/JGI access
3300029796_25	3300029796_25	Bacteria	Unknown		unsupervised	IMG/JGI	Restricted	Requires institutional IMG/JGI access
3300029492_18	3300029492_18	Bacteria	Unknown		unsupervised	IMG/JGI	Restricted	Requires institutional IMG/JGI access
3300008364_9	3300008364_9	Bacteria	Unknown		unsupervised	IMG/JGI	Restricted	Requires institutional IMG/JGI access
3300012007_3	3300012007_3	Bacteria	Unknown		unsupervised	IMG/JGI	Restricted	Requires institutional IMG/JGI access
3300001835_20	3300001835_20	Bacteria	Unknown		unsupervised	IMG/JGI	Restricted	Requires institutional IMG/JGI access
3300020601_33	3300020601_33	Bacteria	Unknown		unsupervised	IMG/JGI	Restricted	Requires institutional IMG/JGI access
3300011898_4	3300011898_4	Bacteria	Unknown		unsupervised	IMG/JGI	Restricted	Requires institutional IMG/JGI access
3300017518_48	3300017518_48	Bacteria	Unknown		unsupervised	IMG/JGI	Restricted	Requires institutional IMG/JGI access
3300020367_1	3300020367_1	Bacteria	Unknown		unsupervised	IMG/JGI	Restricted	Requires institutional IMG/JGI access
3300027815_41	3300027815_41	Bacteria	Unknown		unsupervised	IMG/JGI	Restricted	Requires institutional IMG/JGI access
3300029129_12	3300029129_12	Bacteria	Unknown		unsupervised	IMG/JGI	Restricted	Requires institutional IMG/JGI access
3300029592_4	3300029592_4	Bacteria	Unknown		unsupervised	IMG/JGI	Restricted	Requires institutional IMG/JGI access
3300022753_83	3300022753_83	Bacteria	Unknown		unsupervised	IMG/JGI	Restricted	Requires institutional IMG/JGI access
3300029085_1	3300029085_1	Bacteria	Unknown		unsupervised	IMG/JGI	Restricted	Requires institutional IMG/JGI access
3300007803_9	3300007803_9	Bacteria	Unknown		unsupervised	IMG/JGI	Restricted	Requires institutional IMG/JGI access
3300014798_10	3300014798_10	Bacteria	Unknown		unsupervised	IMG/JGI	Restricted	Requires institutional IMG/JGI access
3300029665_9	3300029665_9	Bacteria	Unknown		unsupervised	IMG/JGI	Restricted	Requires institutional IMG/JGI access
3300028091_6	3300028091_6	Bacteria	Unknown		unsupervised	IMG/JGI	Restricted	Requires institutional IMG/JGI access
3300025296_6	3300025296_6	Bacteria	Unknown		unsupervised	IMG/JGI	Restricted	Requires institutional IMG/JGI access
3300029134_18	3300029134_18	Bacteria	Unknown		unsupervised	IMG/JGI	Restricted	Requires institutional IMG/JGI access
3300027283_12	3300027283_12	Bacteria	Unknown		unsupervised	IMG/JGI	Restricted	Requires institutional IMG/JGI access
3300029087_6	3300029087_6	Bacteria	Unknown		unsupervised	IMG/JGI	Restricted	Requires institutional IMG/JGI access
3300011387_2	3300011387_2	Bacteria	Unknown		unsupervised	IMG/JGI	Restricted	Requires institutional IMG/JGI access
3300029361_24	3300029361_24	Bacteria	Unknown		unsupervised	IMG/JGI	Restricted	Requires institutional IMG/JGI access
3300029073_2	3300029073_2	Bacteria	Unknown		unsupervised	IMG/JGI	Restricted	Requires institutional IMG/JGI access
3300005460_56	3300005460_56	Bacteria	Unknown		unsupervised	IMG/JGI	Restricted	Requires institutional IMG/JGI access
3300006460_9	3300006460_9	Bacteria	Unknown		unsupervised	IMG/JGI	Restricted	Requires institutional IMG/JGI access
3300029688_16	3300029688_16	Bacteria	Unknown		unsupervised	IMG/JGI	Restricted	Requires institutional IMG/JGI access
3300029703_16	3300029703_16	Bacteria	Unknown		unsupervised	IMG/JGI	Restricted	Requires institutional IMG/JGI access
3300014560_4	3300014560_4	Bacteria	Unknown		unsupervised	IMG/JGI	Restricted	Requires institutional IMG/JGI access
3300007654_22	3300007654_22	Bacteria	Unknown		unsupervised	IMG/JGI	Restricted	Requires institutional IMG/JGI access
3300025439_14	3300025439_14	Bacteria	Unknown		unsupervised	IMG/JGI	Restricted	Requires institutional IMG/JGI access
3300025542_3	3300025542_3	Bacteria	Unknown		unsupervised	IMG/JGI	Restricted	Requires institutional IMG/JGI access
3300029411_10	3300029411_10	Bacteria	Unknown		unsupervised	IMG/JGI	Restricted	Requires institutional IMG/JGI access
3300025603_12	3300025603_12	Bacteria	Unknown		unsupervised	IMG/JGI	Restricted	Requires institutional IMG/JGI access
3300029368_17	3300029368_17	Bacteria	Unknown		unsupervised	IMG/JGI	Restricted	Requires institutional IMG/JGI access
3300014016_1	3300014016_1	Bacteria	Unknown		unsupervised	IMG/JGI	Restricted	Requires institutional IMG/JGI access
3300012834_9	3300012834_9	Bacteria	Unknown		unsupervised	IMG/JGI	Restricted	Requires institutional IMG/JGI access
3300029113_10	3300029113_10	Bacteria	Unknown		unsupervised	IMG/JGI	Restricted	Requires institutional IMG/JGI access
3300013125_85	3300013125_85	Bacteria	Unknown		unsupervised	IMG/JGI	Restricted	Requires institutional IMG/JGI access
3300008714_4	3300008714_4	Bacteria	Unknown		unsupervised	IMG/JGI	Restricted	Requires institutional IMG/JGI access
3300025093_3	3300025093_3	Bacteria	Unknown		unsupervised	IMG/JGI	Restricted	Requires institutional IMG/JGI access
3300005470_7	3300005470_7	Bacteria	Unknown		unsupervised	IMG/JGI	Restricted	Requires institutional IMG/JGI access
3300008436_12	3300008436_12	Bacteria	Unknown		unsupervised	IMG/JGI	Restricted	Requires institutional IMG/JGI access
3300025103_13	3300025103_13	Bacteria	Unknown		unsupervised	IMG/JGI	Restricted	Requires institutional IMG/JGI access
3300026303_12	3300026303_12	Bacteria	Unknown		unsupervised	IMG/JGI	Restricted	Requires institutional IMG/JGI access
3300029386_25	3300029386_25	Bacteria	Unknown		unsupervised	IMG/JGI	Restricted	Requires institutional IMG/JGI access
3300013006_21	3300013006_21	Bacteria	Unknown		unsupervised	IMG/JGI	Restricted	Requires institutional IMG/JGI access
3300029575_30	3300029575_30	Bacteria	Unknown		unsupervised	IMG/JGI	Restricted	Requires institutional IMG/JGI access
3300008278_2	3300008278_2	Bacteria	Unknown		unsupervised	IMG/JGI	Restricted	Requires institutional IMG/JGI access
3300029595_33	3300029595_33	Bacteria	Unknown		unsupervised	IMG/JGI	Restricted	Requires institutional IMG/JGI access
3300021310_16	3300021310_16	Bacteria	Unknown		unsupervised	IMG/JGI	Restricted	Requires institutional IMG/JGI access
3300025892_34	3300025892_34	Bacteria	Unknown		unsupervised	IMG/JGI	Restricted	Requires institutional IMG/JGI access
3300014792_15	3300014792_15	Bacteria	Unknown		unsupervised	IMG/JGI	Restricted	Requires institutional IMG/JGI access
3300026971_12	3300026971_12	Bacteria	Unknown		unsupervised	IMG/JGI	Restricted	Requires institutional IMG/JGI access
3300024298_2	3300024298_2	Bacteria	Unknown		unsupervised	IMG/JGI	Restricted	Requires institutional IMG/JGI access
3300025491_4	3300025491_4	Bacteria	Unknown		unsupervised	IMG/JGI	Restricted	Requires institutional IMG/JGI access
3300029887_13	3300029887_13	Bacteria	Unknown		unsupervised	IMG/JGI	Restricted	Requires institutional IMG/JGI access
3300029796_24	3300029796_24	Bacteria	Unknown		unsupervised	IMG/JGI	Restricted	Requires institutional IMG/JGI access
3300025714_2	3300025714_2	Bacteria	Unknown		unsupervised	IMG/JGI	Restricted	Requires institutional IMG/JGI access
3300006502_5	3300006502_5	Bacteria	Unknown		unsupervised	IMG/JGI	Restricted	Requires institutional IMG/JGI access
3300029217_12	3300029217_12	Bacteria	Unknown		unsupervised	IMG/JGI	Restricted	Requires institutional IMG/JGI access
3300029821_25	3300029821_25	Bacteria	Unknown		unsupervised	IMG/JGI	Restricted	Requires institutional IMG/JGI access
3300011732_1	3300011732_1	Bacteria	Unknown		unsupervised	IMG/JGI	Restricted	Requires institutional IMG/JGI access
3300029380_29	3300029380_29	Bacteria	Unknown		unsupervised	IMG/JGI	Restricted	Requires institutional IMG/JGI access
3300011681_1	3300011681_1	Bacteria	Unknown		unsupervised	IMG/JGI	Restricted	Requires institutional IMG/JGI access
3300011778_5	3300011778_5	Bacteria	Unknown		unsupervised	IMG/JGI	Restricted	Requires institutional IMG/JGI access
3300012847_10	3300012847_10	Bacteria	Unknown		unsupervised	IMG/JGI	Restricted	Requires institutional IMG/JGI access
3300029731_20	3300029731_20	Bacteria	Unknown		unsupervised	IMG/JGI	Restricted	Requires institutional IMG/JGI access
Anncaliia	Anncaliia	Eukaryota	Unknown		unsupervised	Ensembl/Other	Unknown	Named organism, source unclear
Cryptomeria	Cryptomeria	Eukaryota	Unknown		unsupervised	Ensembl/Other	Unknown	Named organism, source unclear
3300029524_24	3300029524_24	Bacteria	Unknown		unsupervised	IMG/JGI	Restricted	Requires institutional IMG/JGI access
3300014807_10	3300014807_10	Bacteria	Unknown		unsupervised	IMG/JGI	Restricted	Requires institutional IMG/JGI access
3300008512_10	3300008512_10	Bacteria	Unknown		unsupervised	IMG/JGI	Restricted	Requires institutional IMG/JGI access
3300017963_35	3300017963_35	Bacteria	Unknown		unsupervised	IMG/JGI	Restricted	Requires institutional IMG/JGI access
3300021487_6	3300021487_6	Bacteria	Unknown		unsupervised	IMG/JGI	Restricted	Requires institutional IMG/JGI access
3300029049_15	3300029049_15	Bacteria	Unknown		unsupervised	IMG/JGI	Restricted	Requires institutional IMG/JGI access
3300025228_4	3300025228_4	Bacteria	Unknown		unsupervised	IMG/JGI	Restricted	Requires institutional IMG/JGI access
3300008635_23	3300008635_23	Bacteria	Unknown		unsupervised	IMG/JGI	Restricted	Requires institutional IMG/JGI access
3300029379_24	3300029379_24	Bacteria	Unknown		unsupervised	IMG/JGI	Restricted	Requires institutional IMG/JGI access
3300005621_1	3300005621_1	Bacteria	Unknown		unsupervised	IMG/JGI	Restricted	Requires institutional IMG/JGI access
3300012821_8	3300012821_8	Bacteria	Unknown		unsupervised	IMG/JGI	Restricted	Requires institutional IMG/JGI access
3300012433_1	3300012433_1	Bacteria	Unknown		unsupervised	IMG/JGI	Restricted	Requires institutional IMG/JGI access
3300008672_13	3300008672_13	Bacteria	Unknown		unsupervised	IMG/JGI	Restricted	Requires institutional IMG/JGI access
3300026992_6	3300026992_6	Bacteria	Unknown		unsupervised	IMG/JGI	Restricted	Requires institutional IMG/JGI access
3300005460_19	3300005460_19	Bacteria	Unknown		unsupervised	IMG/JGI	Restricted	Requires institutional IMG/JGI access
3300011760_2	3300011760_2	Bacteria	Unknown		unsupervised	IMG/JGI	Restricted	Requires institutional IMG/JGI access
3300014205_43	3300014205_43	Bacteria	Unknown		unsupervised	IMG/JGI	Restricted	Requires institutional IMG/JGI access
3300025708_45	3300025708_45	Bacteria	Unknown		unsupervised	IMG/JGI	Restricted	Requires institutional IMG/JGI access
3300001683_29	3300001683_29	Bacteria	Unknown		unsupervised	IMG/JGI	Restricted	Requires institutional IMG/JGI access
3300028048_91	3300028048_91	Bacteria	Unknown		unsupervised	IMG/JGI	Restricted	Requires institutional IMG/JGI access
3300026282_11	3300026282_11	Bacteria	Unknown		unsupervised	IMG/JGI	Restricted	Requires institutional IMG/JGI access
3300029622_17	3300029622_17	Bacteria	Unknown		unsupervised	IMG/JGI	Restricted	Requires institutional IMG/JGI access
3300014507_4	3300014507_4	Bacteria	Unknown		unsupervised	IMG/JGI	Restricted	Requires institutional IMG/JGI access
3300029112_14	3300029112_14	Bacteria	Unknown		unsupervised	IMG/JGI	Restricted	Requires institutional IMG/JGI access
3300028949_3	3300028949_3	Bacteria	Unknown		unsupervised	IMG/JGI	Restricted	Requires institutional IMG/JGI access
3300007991_15	3300007991_15	Bacteria	Unknown		unsupervised	IMG/JGI	Restricted	Requires institutional IMG/JGI access
3300029748_12	3300029748_12	Bacteria	Unknown		unsupervised	IMG/JGI	Restricted	Requires institutional IMG/JGI access
3300025876_28	3300025876_28	Bacteria	Unknown		unsupervised	IMG/JGI	Restricted	Requires institutional IMG/JGI access
3300008514_8	3300008514_8	Bacteria	Unknown		unsupervised	IMG/JGI	Restricted	Requires institutional IMG/JGI access
3300027309_10	3300027309_10	Bacteria	Unknown		unsupervised	IMG/JGI	Restricted	Requires institutional IMG/JGI access
3300014208_75	3300014208_75	Bacteria	Unknown		unsupervised	IMG/JGI	Restricted	Requires institutional IMG/JGI access
3300029874_9	3300029874_9	Bacteria	Unknown		unsupervised	IMG/JGI	Restricted	Requires institutional IMG/JGI access
3300029455_7	3300029455_7	Bacteria	Unknown		unsupervised	IMG/JGI	Restricted	Requires institutional IMG/JGI access
3300007346_6	3300007346_6	Bacteria	Unknown		unsupervised	IMG/JGI	Restricted	Requires institutional IMG/JGI access
3300020153_26	3300020153_26	Bacteria	Unknown		unsupervised	IMG/JGI	Restricted	Requires institutional IMG/JGI access
3300027623_22	3300027623_22	Bacteria	Unknown		unsupervised	IMG/JGI	Restricted	Requires institutional IMG/JGI access
3300022753_109	3300022753_109	Bacteria	Unknown		unsupervised	IMG/JGI	Restricted	Requires institutional IMG/JGI access
3300027965_37	3300027965_37	Bacteria	Unknown		unsupervised	IMG/JGI	Restricted	Requires institutional IMG/JGI access
3300029442_9	3300029442_9	Bacteria	Unknown		unsupervised	IMG/JGI	Restricted	Requires institutional IMG/JGI access
3300011952_3	3300011952_3	Bacteria	Unknown		unsupervised	IMG/JGI	Restricted	Requires institutional IMG/JGI access
3300007272_14	3300007272_14	Bacteria	Unknown		unsupervised	IMG/JGI	Restricted	Requires institutional IMG/JGI access
3300022738_13	3300022738_13	Bacteria	Unknown		unsupervised	IMG/JGI	Restricted	Requires institutional IMG/JGI access
3300025859_57	3300025859_57	Bacteria	Unknown		unsupervised	IMG/JGI	Restricted	Requires institutional IMG/JGI access
3300014068_1	3300014068_1	Bacteria	Unknown		unsupervised	IMG/JGI	Restricted	Requires institutional IMG/JGI access
3300025686_49	3300025686_49	Bacteria	Unknown		unsupervised	IMG/JGI	Restricted	Requires institutional IMG/JGI access
3300025536_10	3300025536_10	Bacteria	Unknown		unsupervised	IMG/JGI	Restricted	Requires institutional IMG/JGI access
3300025105_38	3300025105_38	Bacteria	Unknown		unsupervised	IMG/JGI	Restricted	Requires institutional IMG/JGI access
3300011913_2	3300011913_2	Bacteria	Unknown		unsupervised	IMG/JGI	Restricted	Requires institutional IMG/JGI access
3300025853_14	3300025853_14	Bacteria	Unknown		unsupervised	IMG/JGI	Restricted	Requires institutional IMG/JGI access
3300024491_1	3300024491_1	Bacteria	Unknown		unsupervised	IMG/JGI	Restricted	Requires institutional IMG/JGI access
3300028028_11	3300028028_11	Bacteria	Unknown		unsupervised	IMG/JGI	Restricted	Requires institutional IMG/JGI access
3300012826_9	3300012826_9	Bacteria	Unknown		unsupervised	IMG/JGI	Restricted	Requires institutional IMG/JGI access
3300011922_9	3300011922_9	Bacteria	Unknown		unsupervised	IMG/JGI	Restricted	Requires institutional IMG/JGI access
3300029934_10	3300029934_10	Bacteria	Unknown		unsupervised	IMG/JGI	Restricted	Requires institutional IMG/JGI access
3300006353_11	3300006353_11	Bacteria	Unknown		unsupervised	IMG/JGI	Restricted	Requires institutional IMG/JGI access
3300010279_24	3300010279_24	Bacteria	Unknown		unsupervised	IMG/JGI	Restricted	Requires institutional IMG/JGI access
3300026975_5	3300026975_5	Bacteria	Unknown		unsupervised	IMG/JGI	Restricted	Requires institutional IMG/JGI access
3300029840_9	3300029840_9	Bacteria	Unknown		unsupervised	IMG/JGI	Restricted	Requires institutional IMG/JGI access
3300007804_5	3300007804_5	Bacteria	Unknown		unsupervised	IMG/JGI	Restricted	Requires institutional IMG/JGI access
3300020280_4	3300020280_4	Bacteria	Unknown		unsupervised	IMG/JGI	Restricted	Requires institutional IMG/JGI access
3300029665_12	3300029665_12	Bacteria	Unknown		unsupervised	IMG/JGI	Restricted	Requires institutional IMG/JGI access
3300007188_7	3300007188_7	Bacteria	Unknown		unsupervised	IMG/JGI	Restricted	Requires institutional IMG/JGI access
3300027217_3	3300027217_3	Bacteria	Unknown		unsupervised	IMG/JGI	Restricted	Requires institutional IMG/JGI access
3300029444_31	3300029444_31	Bacteria	Unknown		unsupervised	IMG/JGI	Restricted	Requires institutional IMG/JGI access
3300008283_12	3300008283_12	Bacteria	Unknown		unsupervised	IMG/JGI	Restricted	Requires institutional IMG/JGI access
3300025502_8	3300025502_8	Bacteria	Unknown		unsupervised	IMG/JGI	Restricted	Requires institutional IMG/JGI access
3300008140_10	3300008140_10	Bacteria	Unknown		unsupervised	IMG/JGI	Restricted	Requires institutional IMG/JGI access
3300024946_1	3300024946_1	Bacteria	Unknown		unsupervised	IMG/JGI	Restricted	Requires institutional IMG/JGI access
3300027231_4	3300027231_4	Bacteria	Unknown		unsupervised	IMG/JGI	Restricted	Requires institutional IMG/JGI access
3300011203_3	3300011203_3	Bacteria	Unknown		unsupervised	IMG/JGI	Restricted	Requires institutional IMG/JGI access
3300008664_27	3300008664_27	Bacteria	Unknown		unsupervised	IMG/JGI	Restricted	Requires institutional IMG/JGI access
3300029885_4	3300029885_4	Bacteria	Unknown		unsupervised	IMG/JGI	Restricted	Requires institutional IMG/JGI access
3300011603_2	3300011603_2	Bacteria	Unknown		unsupervised	IMG/JGI	Restricted	Requires institutional IMG/JGI access
3300029858_28	3300029858_28	Bacteria	Unknown		unsupervised	IMG/JGI	Restricted	Requires institutional IMG/JGI access
3300025224_4	3300025224_4	Bacteria	Unknown		unsupervised	IMG/JGI	Restricted	Requires institutional IMG/JGI access
3300025304_22	3300025304_22	Bacteria	Unknown		unsupervised	IMG/JGI	Restricted	Requires institutional IMG/JGI access
3300029525_7	3300029525_7	Bacteria	Unknown		unsupervised	IMG/JGI	Restricted	Requires institutional IMG/JGI access
3300026522_63	3300026522_63	Bacteria	Unknown		unsupervised	IMG/JGI	Restricted	Requires institutional IMG/JGI access
3300025302_15	3300025302_15	Bacteria	Unknown		unsupervised	IMG/JGI	Restricted	Requires institutional IMG/JGI access
3300007952_1	3300007952_1	Bacteria	Unknown		unsupervised	IMG/JGI	Restricted	Requires institutional IMG/JGI access
3300029486_19	3300029486_19	Bacteria	Unknown		unsupervised	IMG/JGI	Restricted	Requires institutional IMG/JGI access
3300008149_3	3300008149_3	Bacteria	Unknown		unsupervised	IMG/JGI	Restricted	Requires institutional IMG/JGI access
3300008485_1	3300008485_1	Bacteria	Unknown		unsupervised	IMG/JGI	Restricted	Requires institutional IMG/JGI access
3300025093_2	3300025093_2	Bacteria	Unknown		unsupervised	IMG/JGI	Restricted	Requires institutional IMG/JGI access
3300013612_1	3300013612_1	Bacteria	Unknown		unsupervised	IMG/JGI	Restricted	Requires institutional IMG/JGI access
3300020358_19	3300020358_19	Bacteria	Unknown		unsupervised	IMG/JGI	Restricted	Requires institutional IMG/JGI access
3300029735_26	3300029735_26	Bacteria	Unknown		unsupervised	IMG/JGI	Restricted	Requires institutional IMG/JGI access
3300029056_15	3300029056_15	Bacteria	Unknown		unsupervised	IMG/JGI	Restricted	Requires institutional IMG/JGI access
2077657019_1	2077657019_1	Bacteria	Unknown		unsupervised	IMG/JGI	Restricted	Requires institutional IMG/JGI access
3300022227_19	3300022227_19	Bacteria	Unknown		unsupervised	IMG/JGI	Restricted	Requires institutional IMG/JGI access
3300013290_6	3300013290_6	Bacteria	Unknown		unsupervised	IMG/JGI	Restricted	Requires institutional IMG/JGI access
3300010162_100	3300010162_100	Bacteria	Unknown		unsupervised	IMG/JGI	Restricted	Requires institutional IMG/JGI access
3300008347_8	3300008347_8	Bacteria	Unknown		unsupervised	IMG/JGI	Restricted	Requires institutional IMG/JGI access
3300026289_8	3300026289_8	Bacteria	Unknown		unsupervised	IMG/JGI	Restricted	Requires institutional IMG/JGI access
3300016461_3	3300016461_3	Bacteria	Unknown		unsupervised	IMG/JGI	Restricted	Requires institutional IMG/JGI access
3300026096_3	3300026096_3	Bacteria	Unknown		unsupervised	IMG/JGI	Restricted	Requires institutional IMG/JGI access
3300007501_5	3300007501_5	Bacteria	Unknown		unsupervised	IMG/JGI	Restricted	Requires institutional IMG/JGI access
3300008664_3	3300008664_3	Bacteria	Unknown		unsupervised	IMG/JGI	Restricted	Requires institutional IMG/JGI access
3300029354_11	3300029354_11	Bacteria	Unknown		unsupervised	IMG/JGI	Restricted	Requires institutional IMG/JGI access
3300022181_17	3300022181_17	Bacteria	Unknown		unsupervised	IMG/JGI	Restricted	Requires institutional IMG/JGI access
3300013830_22	3300013830_22	Bacteria	Unknown		unsupervised	IMG/JGI	Restricted	Requires institutional IMG/JGI access
3300012816_11	3300012816_11	Bacteria	Unknown		unsupervised	IMG/JGI	Restricted	Requires institutional IMG/JGI access
3300027026_4	3300027026_4	Bacteria	Unknown		unsupervised	IMG/JGI	Restricted	Requires institutional IMG/JGI access
3300029788_22	3300029788_22	Bacteria	Unknown		unsupervised	IMG/JGI	Restricted	Requires institutional IMG/JGI access
3300027719_12	3300027719_12	Bacteria	Unknown		unsupervised	IMG/JGI	Restricted	Requires institutional IMG/JGI access
3300006499_10	3300006499_10	Bacteria	Unknown		unsupervised	IMG/JGI	Restricted	Requires institutional IMG/JGI access
3300014632_1	3300014632_1	Bacteria	Unknown		unsupervised	IMG/JGI	Restricted	Requires institutional IMG/JGI access
3300014037_15	3300014037_15	Bacteria	Unknown		unsupervised	IMG/JGI	Restricted	Requires institutional IMG/JGI access
3300011634_4	3300011634_4	Bacteria	Unknown		unsupervised	IMG/JGI	Restricted	Requires institutional IMG/JGI access
3300014071_3	3300014071_3	Bacteria	Unknown		unsupervised	IMG/JGI	Restricted	Requires institutional IMG/JGI access
3300027863_71	3300027863_71	Bacteria	Unknown		unsupervised	IMG/JGI	Restricted	Requires institutional IMG/JGI access
3300025488_30	3300025488_30	Bacteria	Unknown		unsupervised	IMG/JGI	Restricted	Requires institutional IMG/JGI access
3300014721_1	3300014721_1	Bacteria	Unknown		unsupervised	IMG/JGI	Restricted	Requires institutional IMG/JGI access
3300027672_83	3300027672_83	Bacteria	Unknown		unsupervised	IMG/JGI	Restricted	Requires institutional IMG/JGI access
3300029885_22	3300029885_22	Bacteria	Unknown		unsupervised	IMG/JGI	Restricted	Requires institutional IMG/JGI access
3300025246_8	3300025246_8	Bacteria	Unknown		unsupervised	IMG/JGI	Restricted	Requires institutional IMG/JGI access
3300011622_3	3300011622_3	Bacteria	Unknown		unsupervised	IMG/JGI	Restricted	Requires institutional IMG/JGI access
3300017426_29	3300017426_29	Bacteria	Unknown		unsupervised	IMG/JGI	Restricted	Requires institutional IMG/JGI access
3300006226_106	3300006226_106	Bacteria	Unknown		unsupervised	IMG/JGI	Restricted	Requires institutional IMG/JGI access
3300013990_2	3300013990_2	Bacteria	Unknown		unsupervised	IMG/JGI	Restricted	Requires institutional IMG/JGI access
3300013829_3	3300013829_3	Bacteria	Unknown		unsupervised	IMG/JGI	Restricted	Requires institutional IMG/JGI access
3300025044_12	3300025044_12	Bacteria	Unknown		unsupervised	IMG/JGI	Restricted	Requires institutional IMG/JGI access
3300029605_11	3300029605_11	Bacteria	Unknown		unsupervised	IMG/JGI	Restricted	Requires institutional IMG/JGI access
3300027051_18	3300027051_18	Bacteria	Unknown		unsupervised	IMG/JGI	Restricted	Requires institutional IMG/JGI access
3300029728_9	3300029728_9	Bacteria	Unknown		unsupervised	IMG/JGI	Restricted	Requires institutional IMG/JGI access
3300011958_3	3300011958_3	Bacteria	Unknown		unsupervised	IMG/JGI	Restricted	Requires institutional IMG/JGI access
3300014131_2	3300014131_2	Bacteria	Unknown		unsupervised	IMG/JGI	Restricted	Requires institutional IMG/JGI access
3300007865_1	3300007865_1	Bacteria	Unknown		unsupervised	IMG/JGI	Restricted	Requires institutional IMG/JGI access
3300028559_29	3300028559_29	Bacteria	Unknown		unsupervised	IMG/JGI	Restricted	Requires institutional IMG/JGI access
3300027968_45	3300027968_45	Bacteria	Unknown		unsupervised	IMG/JGI	Restricted	Requires institutional IMG/JGI access
3300027832_56	3300027832_56	Bacteria	Unknown		unsupervised	IMG/JGI	Restricted	Requires institutional IMG/JGI access
3300012796_1	3300012796_1	Bacteria	Unknown		unsupervised	IMG/JGI	Restricted	Requires institutional IMG/JGI access
3300025272_7	3300025272_7	Bacteria	Unknown		unsupervised	IMG/JGI	Restricted	Requires institutional IMG/JGI access
3300011559_1	3300011559_1	Bacteria	Unknown		unsupervised	IMG/JGI	Restricted	Requires institutional IMG/JGI access
3300025393_9	3300025393_9	Bacteria	Unknown		unsupervised	IMG/JGI	Restricted	Requires institutional IMG/JGI access
3300011704_1	3300011704_1	Bacteria	Unknown		unsupervised	IMG/JGI	Restricted	Requires institutional IMG/JGI access
3300025292_14	3300025292_14	Bacteria	Unknown		unsupervised	IMG/JGI	Restricted	Requires institutional IMG/JGI access
3300029570_14	3300029570_14	Bacteria	Unknown		unsupervised	IMG/JGI	Restricted	Requires institutional IMG/JGI access
3300014963_54	3300014963_54	Bacteria	Unknown		unsupervised	IMG/JGI	Restricted	Requires institutional IMG/JGI access
3300025694_12	3300025694_12	Bacteria	Unknown		unsupervised	IMG/JGI	Restricted	Requires institutional IMG/JGI access
3300029372_22	3300029372_22	Bacteria	Unknown		unsupervised	IMG/JGI	Restricted	Requires institutional IMG/JGI access
3300029737_28	3300029737_28	Bacteria	Unknown		unsupervised	IMG/JGI	Restricted	Requires institutional IMG/JGI access
3300011719_2	3300011719_2	Bacteria	Unknown		unsupervised	IMG/JGI	Restricted	Requires institutional IMG/JGI access
3300025657_36	3300025657_36	Bacteria	Unknown		unsupervised	IMG/JGI	Restricted	Requires institutional IMG/JGI access
3300029703_22	3300029703_22	Bacteria	Unknown		unsupervised	IMG/JGI	Restricted	Requires institutional IMG/JGI access
3300029730_23	3300029730_23	Bacteria	Unknown		unsupervised	IMG/JGI	Restricted	Requires institutional IMG/JGI access
3300029815_14	3300029815_14	Bacteria	Unknown		unsupervised	IMG/JGI	Restricted	Requires institutional IMG/JGI access
3300027790_18	3300027790_18	Bacteria	Unknown		unsupervised	IMG/JGI	Restricted	Requires institutional IMG/JGI access
3300007646_14	3300007646_14	Bacteria	Unknown		unsupervised	IMG/JGI	Restricted	Requires institutional IMG/JGI access
3300011384_2	3300011384_2	Bacteria	Unknown		unsupervised	IMG/JGI	Restricted	Requires institutional IMG/JGI access
3300011772_5	3300011772_5	Bacteria	Unknown		unsupervised	IMG/JGI	Restricted	Requires institutional IMG/JGI access
3300029249_6	3300029249_6	Bacteria	Unknown		unsupervised	IMG/JGI	Restricted	Requires institutional IMG/JGI access
3300021400_135	3300021400_135	Bacteria	Unknown		unsupervised	IMG/JGI	Restricted	Requires institutional IMG/JGI access
3300026967_6	3300026967_6	Bacteria	Unknown		unsupervised	IMG/JGI	Restricted	Requires institutional IMG/JGI access
3300029505_7	3300029505_7	Bacteria	Unknown		unsupervised	IMG/JGI	Restricted	Requires institutional IMG/JGI access
3300007285_9	3300007285_9	Bacteria	Unknown		unsupervised	IMG/JGI	Restricted	Requires institutional IMG/JGI access
3300029577_28	3300029577_28	Bacteria	Unknown		unsupervised	IMG/JGI	Restricted	Requires institutional IMG/JGI access
3300012001_15	3300012001_15	Bacteria	Unknown		unsupervised	IMG/JGI	Restricted	Requires institutional IMG/JGI access
3300014009_2	3300014009_2	Bacteria	Unknown		unsupervised	IMG/JGI	Restricted	Requires institutional IMG/JGI access
3300025393_8	3300025393_8	Bacteria	Unknown		unsupervised	IMG/JGI	Restricted	Requires institutional IMG/JGI access
3300012886_44	3300012886_44	Bacteria	Unknown		unsupervised	IMG/JGI	Restricted	Requires institutional IMG/JGI access
3300008326_3	3300008326_3	Bacteria	Unknown		unsupervised	IMG/JGI	Restricted	Requires institutional IMG/JGI access
3300029719_30	3300029719_30	Bacteria	Unknown		unsupervised	IMG/JGI	Restricted	Requires institutional IMG/JGI access
3300014953_3	3300014953_3	Bacteria	Unknown		unsupervised	IMG/JGI	Restricted	Requires institutional IMG/JGI access
3300007111_11	3300007111_11	Bacteria	Unknown		unsupervised	IMG/JGI	Restricted	Requires institutional IMG/JGI access
3300014205_71	3300014205_71	Bacteria	Unknown		unsupervised	IMG/JGI	Restricted	Requires institutional IMG/JGI access
3300006289_21	3300006289_21	Bacteria	Unknown		unsupervised	IMG/JGI	Restricted	Requires institutional IMG/JGI access
3300014048_2	3300014048_2	Bacteria	Unknown		unsupervised	IMG/JGI	Restricted	Requires institutional IMG/JGI access
3300011768_3	3300011768_3	Bacteria	Unknown		unsupervised	IMG/JGI	Restricted	Requires institutional IMG/JGI access
3300021376_50	3300021376_50	Bacteria	Unknown		unsupervised	IMG/JGI	Restricted	Requires institutional IMG/JGI access
3300029447_24	3300029447_24	Bacteria	Unknown		unsupervised	IMG/JGI	Restricted	Requires institutional IMG/JGI access
3300024919_3	3300024919_3	Bacteria	Unknown		unsupervised	IMG/JGI	Restricted	Requires institutional IMG/JGI access
3300027849_21	3300027849_21	Bacteria	Unknown		unsupervised	IMG/JGI	Restricted	Requires institutional IMG/JGI access
3300029361_11	3300029361_11	Bacteria	Unknown		unsupervised	IMG/JGI	Restricted	Requires institutional IMG/JGI access
3300011679_2	3300011679_2	Bacteria	Unknown		unsupervised	IMG/JGI	Restricted	Requires institutional IMG/JGI access
3300000154_14	3300000154_14	Bacteria	Unknown		unsupervised	IMG/JGI	Restricted	Requires institutional IMG/JGI access
3300025880_45	3300025880_45	Bacteria	Unknown		unsupervised	IMG/JGI	Restricted	Requires institutional IMG/JGI access
3300027901_34	3300027901_34	Bacteria	Unknown		unsupervised	IMG/JGI	Restricted	Requires institutional IMG/JGI access
3300006459_2	3300006459_2	Bacteria	Unknown		unsupervised	IMG/JGI	Restricted	Requires institutional IMG/JGI access
3300000470_5	3300000470_5	Bacteria	Unknown		unsupervised	IMG/JGI	Restricted	Requires institutional IMG/JGI access
3300014609_3	3300014609_3	Bacteria	Unknown		unsupervised	IMG/JGI	Restricted	Requires institutional IMG/JGI access
3300013563_1	3300013563_1	Bacteria	Unknown		unsupervised	IMG/JGI	Restricted	Requires institutional IMG/JGI access
3300014630_4	3300014630_4	Bacteria	Unknown		unsupervised	IMG/JGI	Restricted	Requires institutional IMG/JGI access
3300010282_28	3300010282_28	Bacteria	Unknown		unsupervised	IMG/JGI	Restricted	Requires institutional IMG/JGI access
3300027021_2	3300027021_2	Bacteria	Unknown		unsupervised	IMG/JGI	Restricted	Requires institutional IMG/JGI access
3300029788_18	3300029788_18	Bacteria	Unknown		unsupervised	IMG/JGI	Restricted	Requires institutional IMG/JGI access
3300008083_5	3300008083_5	Bacteria	Unknown		unsupervised	IMG/JGI	Restricted	Requires institutional IMG/JGI access
3300008630_1	3300008630_1	Bacteria	Unknown		unsupervised	IMG/JGI	Restricted	Requires institutional IMG/JGI access
3300025502_14	3300025502_14	Bacteria	Unknown		unsupervised	IMG/JGI	Restricted	Requires institutional IMG/JGI access
3300029127_3	3300029127_3	Bacteria	Unknown		unsupervised	IMG/JGI	Restricted	Requires institutional IMG/JGI access
3300027820_37	3300027820_37	Bacteria	Unknown		unsupervised	IMG/JGI	Restricted	Requires institutional IMG/JGI access
3300025713_9	3300025713_9	Bacteria	Unknown		unsupervised	IMG/JGI	Restricted	Requires institutional IMG/JGI access
3300028048_85	3300028048_85	Bacteria	Unknown		unsupervised	IMG/JGI	Restricted	Requires institutional IMG/JGI access
3300013583_1	3300013583_1	Bacteria	Unknown		unsupervised	IMG/JGI	Restricted	Requires institutional IMG/JGI access
3300029518_11	3300029518_11	Bacteria	Unknown		unsupervised	IMG/JGI	Restricted	Requires institutional IMG/JGI access
3300023233_7	3300023233_7	Bacteria	Unknown		unsupervised	IMG/JGI	Restricted	Requires institutional IMG/JGI access
3300002481_20	3300002481_20	Bacteria	Unknown		unsupervised	IMG/JGI	Restricted	Requires institutional IMG/JGI access
3300029246_19	3300029246_19	Bacteria	Unknown		unsupervised	IMG/JGI	Restricted	Requires institutional IMG/JGI access
3300007320_17	3300007320_17	Bacteria	Unknown		unsupervised	IMG/JGI	Restricted	Requires institutional IMG/JGI access
3300029336_30	3300029336_30	Bacteria	Unknown		unsupervised	IMG/JGI	Restricted	Requires institutional IMG/JGI access
3300020472_33	3300020472_33	Bacteria	Unknown		unsupervised	IMG/JGI	Restricted	Requires institutional IMG/JGI access
3300008073_10	3300008073_10	Bacteria	Unknown		unsupervised	IMG/JGI	Restricted	Requires institutional IMG/JGI access
3300029098_8	3300029098_8	Bacteria	Unknown		unsupervised	IMG/JGI	Restricted	Requires institutional IMG/JGI access
3300011590_3	3300011590_3	Bacteria	Unknown		unsupervised	IMG/JGI	Restricted	Requires institutional IMG/JGI access
3300002468_6	3300002468_6	Bacteria	Unknown		unsupervised	IMG/JGI	Restricted	Requires institutional IMG/JGI access
3300029703_24	3300029703_24	Bacteria	Unknown		unsupervised	IMG/JGI	Restricted	Requires institutional IMG/JGI access
3300021597_4	3300021597_4	Bacteria	Unknown		unsupervised	IMG/JGI	Restricted	Requires institutional IMG/JGI access
3300029583_28	3300029583_28	Bacteria	Unknown		unsupervised	IMG/JGI	Restricted	Requires institutional IMG/JGI access
3300012080_8	3300012080_8	Bacteria	Unknown		unsupervised	IMG/JGI	Restricted	Requires institutional IMG/JGI access
3300021092_59	3300021092_59	Bacteria	Unknown		unsupervised	IMG/JGI	Restricted	Requires institutional IMG/JGI access
3300002481_18	3300002481_18	Bacteria	Unknown		unsupervised	IMG/JGI	Restricted	Requires institutional IMG/JGI access
3300029546_14	3300029546_14	Bacteria	Unknown		unsupervised	IMG/JGI	Restricted	Requires institutional IMG/JGI access
3300021093_15	3300021093_15	Bacteria	Unknown		unsupervised	IMG/JGI	Restricted	Requires institutional IMG/JGI access
3300006307_7	3300006307_7	Bacteria	Unknown		unsupervised	IMG/JGI	Restricted	Requires institutional IMG/JGI access
3300021400_79	3300021400_79	Bacteria	Unknown		unsupervised	IMG/JGI	Restricted	Requires institutional IMG/JGI access
3300029446_24	3300029446_24	Bacteria	Unknown		unsupervised	IMG/JGI	Restricted	Requires institutional IMG/JGI access
3300027419_28	3300027419_28	Bacteria	Unknown		unsupervised	IMG/JGI	Restricted	Requires institutional IMG/JGI access
3300029566_15	3300029566_15	Bacteria	Unknown		unsupervised	IMG/JGI	Restricted	Requires institutional IMG/JGI access
3300006722_6	3300006722_6	Bacteria	Unknown		unsupervised	IMG/JGI	Restricted	Requires institutional IMG/JGI access
3300011692_2	3300011692_2	Bacteria	Unknown		unsupervised	IMG/JGI	Restricted	Requires institutional IMG/JGI access
3300000052_6	3300000052_6	Bacteria	Unknown		unsupervised	IMG/JGI	Restricted	Requires institutional IMG/JGI access
3300026991_4	3300026991_4	Bacteria	Unknown		unsupervised	IMG/JGI	Restricted	Requires institutional IMG/JGI access
3300025740_16	3300025740_16	Bacteria	Unknown		unsupervised	IMG/JGI	Restricted	Requires institutional IMG/JGI access
3300029477_14	3300029477_14	Bacteria	Unknown		unsupervised	IMG/JGI	Restricted	Requires institutional IMG/JGI access
3300027365_5	3300027365_5	Bacteria	Unknown		unsupervised	IMG/JGI	Restricted	Requires institutional IMG/JGI access
3300027796_14	3300027796_14	Bacteria	Unknown		unsupervised	IMG/JGI	Restricted	Requires institutional IMG/JGI access
3300026289_20	3300026289_20	Bacteria	Unknown		unsupervised	IMG/JGI	Restricted	Requires institutional IMG/JGI access
3300017470_21	3300017470_21	Bacteria	Unknown		unsupervised	IMG/JGI	Restricted	Requires institutional IMG/JGI access
3300014952_9	3300014952_9	Bacteria	Unknown		unsupervised	IMG/JGI	Restricted	Requires institutional IMG/JGI access
3300024903_2	3300024903_2	Bacteria	Unknown		unsupervised	IMG/JGI	Restricted	Requires institutional IMG/JGI access
3300029575_20	3300029575_20	Bacteria	Unknown		unsupervised	IMG/JGI	Restricted	Requires institutional IMG/JGI access
3300025530_4	3300025530_4	Bacteria	Unknown		unsupervised	IMG/JGI	Restricted	Requires institutional IMG/JGI access
3300011691_1	3300011691_1	Bacteria	Unknown		unsupervised	IMG/JGI	Restricted	Requires institutional IMG/JGI access
3300024276_2	3300024276_2	Bacteria	Unknown		unsupervised	IMG/JGI	Restricted	Requires institutional IMG/JGI access
3300027965_45	3300027965_45	Bacteria	Unknown		unsupervised	IMG/JGI	Restricted	Requires institutional IMG/JGI access
3300011559_2	3300011559_2	Bacteria	Unknown		unsupervised	IMG/JGI	Restricted	Requires institutional IMG/JGI access
3300022844_3	3300022844_3	Bacteria	Unknown		unsupervised	IMG/JGI	Restricted	Requires institutional IMG/JGI access
3300012248_3	3300012248_3	Bacteria	Unknown		unsupervised	IMG/JGI	Restricted	Requires institutional IMG/JGI access
3300029478_10	3300029478_10	Bacteria	Unknown		unsupervised	IMG/JGI	Restricted	Requires institutional IMG/JGI access
3300008080_25	3300008080_25	Bacteria	Unknown		unsupervised	IMG/JGI	Restricted	Requires institutional IMG/JGI access
3300029488_16	3300029488_16	Bacteria	Unknown		unsupervised	IMG/JGI	Restricted	Requires institutional IMG/JGI access
3300029582_22	3300029582_22	Bacteria	Unknown		unsupervised	IMG/JGI	Restricted	Requires institutional IMG/JGI access
3300028399_9	3300028399_9	Bacteria	Unknown		unsupervised	IMG/JGI	Restricted	Requires institutional IMG/JGI access
3300012813_9	3300012813_9	Bacteria	Unknown		unsupervised	IMG/JGI	Restricted	Requires institutional IMG/JGI access
3300029611_28	3300029611_28	Bacteria	Unknown		unsupervised	IMG/JGI	Restricted	Requires institutional IMG/JGI access
3300029890_9	3300029890_9	Bacteria	Unknown		unsupervised	IMG/JGI	Restricted	Requires institutional IMG/JGI access
3300021326_11	3300021326_11	Bacteria	Unknown		unsupervised	IMG/JGI	Restricted	Requires institutional IMG/JGI access
3300022821_11	3300022821_11	Bacteria	Unknown		unsupervised	IMG/JGI	Restricted	Requires institutional IMG/JGI access
3300026289_7	3300026289_7	Bacteria	Unknown		unsupervised	IMG/JGI	Restricted	Requires institutional IMG/JGI access
3300007297_21	3300007297_21	Bacteria	Unknown		unsupervised	IMG/JGI	Restricted	Requires institutional IMG/JGI access
3300029377_26	3300029377_26	Bacteria	Unknown		unsupervised	IMG/JGI	Restricted	Requires institutional IMG/JGI access
3300027365_7	3300027365_7	Bacteria	Unknown		unsupervised	IMG/JGI	Restricted	Requires institutional IMG/JGI access
3300026209_23	3300026209_23	Bacteria	Unknown		unsupervised	IMG/JGI	Restricted	Requires institutional IMG/JGI access
3300011158_2	3300011158_2	Bacteria	Unknown		unsupervised	IMG/JGI	Restricted	Requires institutional IMG/JGI access
3300029484_15	3300029484_15	Bacteria	Unknown		unsupervised	IMG/JGI	Restricted	Requires institutional IMG/JGI access
3300029750_11	3300029750_11	Bacteria	Unknown		unsupervised	IMG/JGI	Restricted	Requires institutional IMG/JGI access
3300008620_3	3300008620_3	Bacteria	Unknown		unsupervised	IMG/JGI	Restricted	Requires institutional IMG/JGI access
3300027965_55	3300027965_55	Bacteria	Unknown		unsupervised	IMG/JGI	Restricted	Requires institutional IMG/JGI access
3300029383_5	3300029383_5	Bacteria	Unknown		unsupervised	IMG/JGI	Restricted	Requires institutional IMG/JGI access
3300029594_16	3300029594_16	Bacteria	Unknown		unsupervised	IMG/JGI	Restricted	Requires institutional IMG/JGI access
3300007802_14	3300007802_14	Bacteria	Unknown		unsupervised	IMG/JGI	Restricted	Requires institutional IMG/JGI access
3300029711_29	3300029711_29	Bacteria	Unknown		unsupervised	IMG/JGI	Restricted	Requires institutional IMG/JGI access
3300007360_10	3300007360_10	Bacteria	Unknown		unsupervised	IMG/JGI	Restricted	Requires institutional IMG/JGI access
3300008421_11	3300008421_11	Bacteria	Unknown		unsupervised	IMG/JGI	Restricted	Requires institutional IMG/JGI access
3300011938_1	3300011938_1	Bacteria	Unknown		unsupervised	IMG/JGI	Restricted	Requires institutional IMG/JGI access
3300029611_14	3300029611_14	Bacteria	Unknown		unsupervised	IMG/JGI	Restricted	Requires institutional IMG/JGI access
3300029704_11	3300029704_11	Bacteria	Unknown		unsupervised	IMG/JGI	Restricted	Requires institutional IMG/JGI access
3300007641_11	3300007641_11	Bacteria	Unknown		unsupervised	IMG/JGI	Restricted	Requires institutional IMG/JGI access
3300006441_3	3300006441_3	Bacteria	Unknown		unsupervised	IMG/JGI	Restricted	Requires institutional IMG/JGI access
3300025689_21	3300025689_21	Bacteria	Unknown		unsupervised	IMG/JGI	Restricted	Requires institutional IMG/JGI access
3300008360_14	3300008360_14	Bacteria	Unknown		unsupervised	IMG/JGI	Restricted	Requires institutional IMG/JGI access
3300022916_39	3300022916_39	Bacteria	Unknown		unsupervised	IMG/JGI	Restricted	Requires institutional IMG/JGI access
3300017646_13	3300017646_13	Bacteria	Unknown		unsupervised	IMG/JGI	Restricted	Requires institutional IMG/JGI access
3300027312_9	3300027312_9	Bacteria	Unknown		unsupervised	IMG/JGI	Restricted	Requires institutional IMG/JGI access
3300025924_23	3300025924_23	Bacteria	Unknown		unsupervised	IMG/JGI	Restricted	Requires institutional IMG/JGI access
3300025913_194	3300025913_194	Bacteria	Unknown		unsupervised	IMG/JGI	Restricted	Requires institutional IMG/JGI access
3300027819_28	3300027819_28	Bacteria	Unknown		unsupervised	IMG/JGI	Restricted	Requires institutional IMG/JGI access
3300011507_3	3300011507_3	Bacteria	Unknown		unsupervised	IMG/JGI	Restricted	Requires institutional IMG/JGI access
3300027835_107	3300027835_107	Bacteria	Unknown		unsupervised	IMG/JGI	Restricted	Requires institutional IMG/JGI access
3300029331_14	3300029331_14	Bacteria	Unknown		unsupervised	IMG/JGI	Restricted	Requires institutional IMG/JGI access
3300029672_12	3300029672_12	Bacteria	Unknown		unsupervised	IMG/JGI	Restricted	Requires institutional IMG/JGI access
3300012798_4	3300012798_4	Bacteria	Unknown		unsupervised	IMG/JGI	Restricted	Requires institutional IMG/JGI access
3300029245_15	3300029245_15	Bacteria	Unknown		unsupervised	IMG/JGI	Restricted	Requires institutional IMG/JGI access
3300029741_15	3300029741_15	Bacteria	Unknown		unsupervised	IMG/JGI	Restricted	Requires institutional IMG/JGI access
3300029241_14	3300029241_14	Bacteria	Unknown		unsupervised	IMG/JGI	Restricted	Requires institutional IMG/JGI access
3300012858_4	3300012858_4	Bacteria	Unknown		unsupervised	IMG/JGI	Restricted	Requires institutional IMG/JGI access
3300029065_2	3300029065_2	Bacteria	Unknown		unsupervised	IMG/JGI	Restricted	Requires institutional IMG/JGI access
3300017655_16	3300017655_16	Bacteria	Unknown		unsupervised	IMG/JGI	Restricted	Requires institutional IMG/JGI access
3300029592_11	3300029592_11	Bacteria	Unknown		unsupervised	IMG/JGI	Restricted	Requires institutional IMG/JGI access
3300025683_31	3300025683_31	Bacteria	Unknown		unsupervised	IMG/JGI	Restricted	Requires institutional IMG/JGI access
3300029125_13	3300029125_13	Bacteria	Unknown		unsupervised	IMG/JGI	Restricted	Requires institutional IMG/JGI access
3300028581_62	3300028581_62	Bacteria	Unknown		unsupervised	IMG/JGI	Restricted	Requires institutional IMG/JGI access
3300008622_11	3300008622_11	Bacteria	Unknown		unsupervised	IMG/JGI	Restricted	Requires institutional IMG/JGI access
3300029708_33	3300029708_33	Bacteria	Unknown		unsupervised	IMG/JGI	Restricted	Requires institutional IMG/JGI access
3300029483_26	3300029483_26	Bacteria	Unknown		unsupervised	IMG/JGI	Restricted	Requires institutional IMG/JGI access
3300024509_5	3300024509_5	Bacteria	Unknown		unsupervised	IMG/JGI	Restricted	Requires institutional IMG/JGI access
3300012889_2	3300012889_2	Bacteria	Unknown		unsupervised	IMG/JGI	Restricted	Requires institutional IMG/JGI access
3300020192_29	3300020192_29	Bacteria	Unknown		unsupervised	IMG/JGI	Restricted	Requires institutional IMG/JGI access
3300025686_8	3300025686_8	Bacteria	Unknown		unsupervised	IMG/JGI	Restricted	Requires institutional IMG/JGI access
3300012149_5	3300012149_5	Bacteria	Unknown		unsupervised	IMG/JGI	Restricted	Requires institutional IMG/JGI access
3300014655_9	3300014655_9	Bacteria	Unknown		unsupervised	IMG/JGI	Restricted	Requires institutional IMG/JGI access
3300029746_23	3300029746_23	Bacteria	Unknown		unsupervised	IMG/JGI	Restricted	Requires institutional IMG/JGI access
3300011839_3	3300011839_3	Bacteria	Unknown		unsupervised	IMG/JGI	Restricted	Requires institutional IMG/JGI access
3300025623_36	3300025623_36	Bacteria	Unknown		unsupervised	IMG/JGI	Restricted	Requires institutional IMG/JGI access
3300029452_7	3300029452_7	Bacteria	Unknown		unsupervised	IMG/JGI	Restricted	Requires institutional IMG/JGI access
3300027328_11	3300027328_11	Bacteria	Unknown		unsupervised	IMG/JGI	Restricted	Requires institutional IMG/JGI access
3300021371_16	3300021371_16	Bacteria	Unknown		unsupervised	IMG/JGI	Restricted	Requires institutional IMG/JGI access
3300029236_15	3300029236_15	Bacteria	Unknown		unsupervised	IMG/JGI	Restricted	Requires institutional IMG/JGI access
3300029736_15	3300029736_15	Bacteria	Unknown		unsupervised	IMG/JGI	Restricted	Requires institutional IMG/JGI access
3300020153_44	3300020153_44	Bacteria	Unknown		unsupervised	IMG/JGI	Restricted	Requires institutional IMG/JGI access
3300027319_8	3300027319_8	Bacteria	Unknown		unsupervised	IMG/JGI	Restricted	Requires institutional IMG/JGI access
3300025682_39	3300025682_39	Bacteria	Unknown		unsupervised	IMG/JGI	Restricted	Requires institutional IMG/JGI access
3300029707_11	3300029707_11	Bacteria	Unknown		unsupervised	IMG/JGI	Restricted	Requires institutional IMG/JGI access
3300025483_13	3300025483_13	Bacteria	Unknown		unsupervised	IMG/JGI	Restricted	Requires institutional IMG/JGI access
3300029330_15	3300029330_15	Bacteria	Unknown		unsupervised	IMG/JGI	Restricted	Requires institutional IMG/JGI access
3300012193_1	3300012193_1	Bacteria	Unknown		unsupervised	IMG/JGI	Restricted	Requires institutional IMG/JGI access
3300020185_34	3300020185_34	Bacteria	Unknown		unsupervised	IMG/JGI	Restricted	Requires institutional IMG/JGI access
3300007065_4	3300007065_4	Bacteria	Unknown		unsupervised	IMG/JGI	Restricted	Requires institutional IMG/JGI access
3300011639_4	3300011639_4	Bacteria	Unknown		unsupervised	IMG/JGI	Restricted	Requires institutional IMG/JGI access
3300029447_35	3300029447_35	Bacteria	Unknown		unsupervised	IMG/JGI	Restricted	Requires institutional IMG/JGI access
3300014168_10	3300014168_10	Bacteria	Unknown		unsupervised	IMG/JGI	Restricted	Requires institutional IMG/JGI access
3300017989_66	3300017989_66	Bacteria	Unknown		unsupervised	IMG/JGI	Restricted	Requires institutional IMG/JGI access
3300029085_4	3300029085_4	Bacteria	Unknown		unsupervised	IMG/JGI	Restricted	Requires institutional IMG/JGI access
3300029603_22	3300029603_22	Bacteria	Unknown		unsupervised	IMG/JGI	Restricted	Requires institutional IMG/JGI access
3300011845_1	3300011845_1	Bacteria	Unknown		unsupervised	IMG/JGI	Restricted	Requires institutional IMG/JGI access
3300025546_29	3300025546_29	Bacteria	Unknown		unsupervised	IMG/JGI	Restricted	Requires institutional IMG/JGI access
3300025343_9	3300025343_9	Bacteria	Unknown		unsupervised	IMG/JGI	Restricted	Requires institutional IMG/JGI access
3300029038_8	3300029038_8	Bacteria	Unknown		unsupervised	IMG/JGI	Restricted	Requires institutional IMG/JGI access
3300013494_2	3300013494_2	Bacteria	Unknown		unsupervised	IMG/JGI	Restricted	Requires institutional IMG/JGI access
3300029544_16	3300029544_16	Bacteria	Unknown		unsupervised	IMG/JGI	Restricted	Requires institutional IMG/JGI access
3300029544_17	3300029544_17	Bacteria	Unknown		unsupervised	IMG/JGI	Restricted	Requires institutional IMG/JGI access
3300007100_5	3300007100_5	Bacteria	Unknown		unsupervised	IMG/JGI	Restricted	Requires institutional IMG/JGI access
3300011478_3	3300011478_3	Bacteria	Unknown		unsupervised	IMG/JGI	Restricted	Requires institutional IMG/JGI access
3300025351_10	3300025351_10	Bacteria	Unknown		unsupervised	IMG/JGI	Restricted	Requires institutional IMG/JGI access
3300024054_55	3300024054_55	Bacteria	Unknown		unsupervised	IMG/JGI	Restricted	Requires institutional IMG/JGI access
3300029436_30	3300029436_30	Bacteria	Unknown		unsupervised	IMG/JGI	Restricted	Requires institutional IMG/JGI access
3300029774_15	3300029774_15	Bacteria	Unknown		unsupervised	IMG/JGI	Restricted	Requires institutional IMG/JGI access
3300013123_78	3300013123_78	Bacteria	Unknown		unsupervised	IMG/JGI	Restricted	Requires institutional IMG/JGI access
3300020277_1	3300020277_1	Bacteria	Unknown		unsupervised	IMG/JGI	Restricted	Requires institutional IMG/JGI access
3300014073_4	3300014073_4	Bacteria	Unknown		unsupervised	IMG/JGI	Restricted	Requires institutional IMG/JGI access
3300025476_6	3300025476_6	Bacteria	Unknown		unsupervised	IMG/JGI	Restricted	Requires institutional IMG/JGI access
3300029720_20	3300029720_20	Bacteria	Unknown		unsupervised	IMG/JGI	Restricted	Requires institutional IMG/JGI access
3300026255_8	3300026255_8	Bacteria	Unknown		unsupervised	IMG/JGI	Restricted	Requires institutional IMG/JGI access
3300029661_18	3300029661_18	Bacteria	Unknown		unsupervised	IMG/JGI	Restricted	Requires institutional IMG/JGI access
3300012859_4	3300012859_4	Bacteria	Unknown		unsupervised	IMG/JGI	Restricted	Requires institutional IMG/JGI access
3300029421_10	3300029421_10	Bacteria	Unknown		unsupervised	IMG/JGI	Restricted	Requires institutional IMG/JGI access
3300021414_6	3300021414_6	Bacteria	Unknown		unsupervised	IMG/JGI	Restricted	Requires institutional IMG/JGI access
3300029136_30	3300029136_30	Bacteria	Unknown		unsupervised	IMG/JGI	Restricted	Requires institutional IMG/JGI access
3300029378_13	3300029378_13	Bacteria	Unknown		unsupervised	IMG/JGI	Restricted	Requires institutional IMG/JGI access
3300025436_4	3300025436_4	Bacteria	Unknown		unsupervised	IMG/JGI	Restricted	Requires institutional IMG/JGI access
3300025274_6	3300025274_6	Bacteria	Unknown		unsupervised	IMG/JGI	Restricted	Requires institutional IMG/JGI access
3300029873_16	3300029873_16	Bacteria	Unknown		unsupervised	IMG/JGI	Restricted	Requires institutional IMG/JGI access
3300029129_14	3300029129_14	Bacteria	Unknown		unsupervised	IMG/JGI	Restricted	Requires institutional IMG/JGI access
3300027983_43	3300027983_43	Bacteria	Unknown		unsupervised	IMG/JGI	Restricted	Requires institutional IMG/JGI access
3300029893_20	3300029893_20	Bacteria	Unknown		unsupervised	IMG/JGI	Restricted	Requires institutional IMG/JGI access
3300029527_7	3300029527_7	Bacteria	Unknown		unsupervised	IMG/JGI	Restricted	Requires institutional IMG/JGI access
3300011516_1	3300011516_1	Bacteria	Unknown		unsupervised	IMG/JGI	Restricted	Requires institutional IMG/JGI access
3300028580_9	3300028580_9	Bacteria	Unknown		unsupervised	IMG/JGI	Restricted	Requires institutional IMG/JGI access
3300005722_2	3300005722_2	Bacteria	Unknown		unsupervised	IMG/JGI	Restricted	Requires institutional IMG/JGI access
3300029573_28	3300029573_28	Bacteria	Unknown		unsupervised	IMG/JGI	Restricted	Requires institutional IMG/JGI access
3300029246_18	3300029246_18	Bacteria	Unknown		unsupervised	IMG/JGI	Restricted	Requires institutional IMG/JGI access
3300025393_11	3300025393_11	Bacteria	Unknown		unsupervised	IMG/JGI	Restricted	Requires institutional IMG/JGI access
3300011914_8	3300011914_8	Bacteria	Unknown		unsupervised	IMG/JGI	Restricted	Requires institutional IMG/JGI access
3300021091_37	3300021091_37	Bacteria	Unknown		unsupervised	IMG/JGI	Restricted	Requires institutional IMG/JGI access
3300029215_13	3300029215_13	Bacteria	Unknown		unsupervised	IMG/JGI	Restricted	Requires institutional IMG/JGI access
3300029543_14	3300029543_14	Bacteria	Unknown		unsupervised	IMG/JGI	Restricted	Requires institutional IMG/JGI access
3300025094_44	3300025094_44	Bacteria	Unknown		unsupervised	IMG/JGI	Restricted	Requires institutional IMG/JGI access
3300025713_53	3300025713_53	Bacteria	Unknown		unsupervised	IMG/JGI	Restricted	Requires institutional IMG/JGI access
3300027294_10	3300027294_10	Bacteria	Unknown		unsupervised	IMG/JGI	Restricted	Requires institutional IMG/JGI access
3300027800_51	3300027800_51	Bacteria	Unknown		unsupervised	IMG/JGI	Restricted	Requires institutional IMG/JGI access
3300029356_23	3300029356_23	Bacteria	Unknown		unsupervised	IMG/JGI	Restricted	Requires institutional IMG/JGI access
3300028601_37	3300028601_37	Bacteria	Unknown		unsupervised	IMG/JGI	Restricted	Requires institutional IMG/JGI access
3300025737_70	3300025737_70	Bacteria	Unknown		unsupervised	IMG/JGI	Restricted	Requires institutional IMG/JGI access
3300029576_19	3300029576_19	Bacteria	Unknown		unsupervised	IMG/JGI	Restricted	Requires institutional IMG/JGI access
3300011565_1	3300011565_1	Bacteria	Unknown		unsupervised	IMG/JGI	Restricted	Requires institutional IMG/JGI access
3300024433_20	3300024433_20	Bacteria	Unknown		unsupervised	IMG/JGI	Restricted	Requires institutional IMG/JGI access
3300011140_1	3300011140_1	Bacteria	Unknown		unsupervised	IMG/JGI	Restricted	Requires institutional IMG/JGI access
3300011232_6	3300011232_6	Bacteria	Unknown		unsupervised	IMG/JGI	Restricted	Requires institutional IMG/JGI access
3300025518_15	3300025518_15	Bacteria	Unknown		unsupervised	IMG/JGI	Restricted	Requires institutional IMG/JGI access
3300007994_10	3300007994_10	Bacteria	Unknown		unsupervised	IMG/JGI	Restricted	Requires institutional IMG/JGI access
3300027796_28	3300027796_28	Bacteria	Unknown		unsupervised	IMG/JGI	Restricted	Requires institutional IMG/JGI access
3300019861_21	3300019861_21	Bacteria	Unknown		unsupervised	IMG/JGI	Restricted	Requires institutional IMG/JGI access
3300000062_40	3300000062_40	Bacteria	Unknown		unsupervised	IMG/JGI	Restricted	Requires institutional IMG/JGI access
3300008754_9	3300008754_9	Bacteria	Unknown		unsupervised	IMG/JGI	Restricted	Requires institutional IMG/JGI access
3300026518_21	3300026518_21	Bacteria	Unknown		unsupervised	IMG/JGI	Restricted	Requires institutional IMG/JGI access
3300027790_17	3300027790_17	Bacteria	Unknown		unsupervised	IMG/JGI	Restricted	Requires institutional IMG/JGI access
3300029500_4	3300029500_4	Bacteria	Unknown		unsupervised	IMG/JGI	Restricted	Requires institutional IMG/JGI access
3300014208_108	3300014208_108	Bacteria	Unknown		unsupervised	IMG/JGI	Restricted	Requires institutional IMG/JGI access
3300029476_17	3300029476_17	Bacteria	Unknown		unsupervised	IMG/JGI	Restricted	Requires institutional IMG/JGI access
3300029435_8	3300029435_8	Bacteria	Unknown		unsupervised	IMG/JGI	Restricted	Requires institutional IMG/JGI access
3300009769_52	3300009769_52	Bacteria	Unknown		unsupervised	IMG/JGI	Restricted	Requires institutional IMG/JGI access
3300029785_7	3300029785_7	Bacteria	Unknown		unsupervised	IMG/JGI	Restricted	Requires institutional IMG/JGI access
3300027340_9	3300027340_9	Bacteria	Unknown		unsupervised	IMG/JGI	Restricted	Requires institutional IMG/JGI access
3300029755_9	3300029755_9	Bacteria	Unknown		unsupervised	IMG/JGI	Restricted	Requires institutional IMG/JGI access
3300014167_9	3300014167_9	Bacteria	Unknown		unsupervised	IMG/JGI	Restricted	Requires institutional IMG/JGI access
3300008077_21	3300008077_21	Bacteria	Unknown		unsupervised	IMG/JGI	Restricted	Requires institutional IMG/JGI access
3300007968_7	3300007968_7	Bacteria	Unknown		unsupervised	IMG/JGI	Restricted	Requires institutional IMG/JGI access
3300004628_40	3300004628_40	Bacteria	Unknown		unsupervised	IMG/JGI	Restricted	Requires institutional IMG/JGI access
3300027312_10	3300027312_10	Bacteria	Unknown		unsupervised	IMG/JGI	Restricted	Requires institutional IMG/JGI access
3300025597_28	3300025597_28	Bacteria	Unknown		unsupervised	IMG/JGI	Restricted	Requires institutional IMG/JGI access
3300028129_12	3300028129_12	Bacteria	Unknown		unsupervised	IMG/JGI	Restricted	Requires institutional IMG/JGI access
3300027968_44	3300027968_44	Bacteria	Unknown		unsupervised	IMG/JGI	Restricted	Requires institutional IMG/JGI access
3300025296_8	3300025296_8	Bacteria	Unknown		unsupervised	IMG/JGI	Restricted	Requires institutional IMG/JGI access
3300008134_15	3300008134_15	Bacteria	Unknown		unsupervised	IMG/JGI	Restricted	Requires institutional IMG/JGI access
3300025079_7	3300025079_7	Bacteria	Unknown		unsupervised	IMG/JGI	Restricted	Requires institutional IMG/JGI access
3300007878_3	3300007878_3	Bacteria	Unknown		unsupervised	IMG/JGI	Restricted	Requires institutional IMG/JGI access
3300014555_6	3300014555_6	Bacteria	Unknown		unsupervised	IMG/JGI	Restricted	Requires institutional IMG/JGI access
3300029752_13	3300029752_13	Bacteria	Unknown		unsupervised	IMG/JGI	Restricted	Requires institutional IMG/JGI access
3300027983_40	3300027983_40	Bacteria	Unknown		unsupervised	IMG/JGI	Restricted	Requires institutional IMG/JGI access
3300020187_40	3300020187_40	Bacteria	Unknown		unsupervised	IMG/JGI	Restricted	Requires institutional IMG/JGI access
3300029684_24	3300029684_24	Bacteria	Unknown		unsupervised	IMG/JGI	Restricted	Requires institutional IMG/JGI access
3300025519_2	3300025519_2	Bacteria	Unknown		unsupervised	IMG/JGI	Restricted	Requires institutional IMG/JGI access
3300025498_22	3300025498_22	Bacteria	Unknown		unsupervised	IMG/JGI	Restricted	Requires institutional IMG/JGI access
3300020721_3	3300020721_3	Bacteria	Unknown		unsupervised	IMG/JGI	Restricted	Requires institutional IMG/JGI access
3300007079_4	3300007079_4	Bacteria	Unknown		unsupervised	IMG/JGI	Restricted	Requires institutional IMG/JGI access
3300029580_27	3300029580_27	Bacteria	Unknown		unsupervised	IMG/JGI	Restricted	Requires institutional IMG/JGI access
3300012827_4	3300012827_4	Bacteria	Unknown		unsupervised	IMG/JGI	Restricted	Requires institutional IMG/JGI access
3300025715_12	3300025715_12	Bacteria	Unknown		unsupervised	IMG/JGI	Restricted	Requires institutional IMG/JGI access
3300027706_23	3300027706_23	Bacteria	Unknown		unsupervised	IMG/JGI	Restricted	Requires institutional IMG/JGI access
3300014754_5	3300014754_5	Bacteria	Unknown		unsupervised	IMG/JGI	Restricted	Requires institutional IMG/JGI access
3300024953_7	3300024953_7	Bacteria	Unknown		unsupervised	IMG/JGI	Restricted	Requires institutional IMG/JGI access
3300011753_1	3300011753_1	Bacteria	Unknown		unsupervised	IMG/JGI	Restricted	Requires institutional IMG/JGI access
3300022888_20	3300022888_20	Bacteria	Unknown		unsupervised	IMG/JGI	Restricted	Requires institutional IMG/JGI access
3300007316_5	3300007316_5	Bacteria	Unknown		unsupervised	IMG/JGI	Restricted	Requires institutional IMG/JGI access
3300014520_4	3300014520_4	Bacteria	Unknown		unsupervised	IMG/JGI	Restricted	Requires institutional IMG/JGI access
3300011736_1	3300011736_1	Bacteria	Unknown		unsupervised	IMG/JGI	Restricted	Requires institutional IMG/JGI access
3300027986_59	3300027986_59	Bacteria	Unknown		unsupervised	IMG/JGI	Restricted	Requires institutional IMG/JGI access
3300029696_10	3300029696_10	Bacteria	Unknown		unsupervised	IMG/JGI	Restricted	Requires institutional IMG/JGI access
3300029794_31	3300029794_31	Bacteria	Unknown		unsupervised	IMG/JGI	Restricted	Requires institutional IMG/JGI access
3300008504_7	3300008504_7	Bacteria	Unknown		unsupervised	IMG/JGI	Restricted	Requires institutional IMG/JGI access
3300008493_7	3300008493_7	Bacteria	Unknown		unsupervised	IMG/JGI	Restricted	Requires institutional IMG/JGI access
3300010287_7	3300010287_7	Bacteria	Unknown		unsupervised	IMG/JGI	Restricted	Requires institutional IMG/JGI access
3300012111_10	3300012111_10	Bacteria	Unknown		unsupervised	IMG/JGI	Restricted	Requires institutional IMG/JGI access
3300006832_5	3300006832_5	Bacteria	Unknown		unsupervised	IMG/JGI	Restricted	Requires institutional IMG/JGI access
3300011986_7	3300011986_7	Bacteria	Unknown		unsupervised	IMG/JGI	Restricted	Requires institutional IMG/JGI access
3300025862_18	3300025862_18	Bacteria	Unknown		unsupervised	IMG/JGI	Restricted	Requires institutional IMG/JGI access
3300012281_2	3300012281_2	Bacteria	Unknown		unsupervised	IMG/JGI	Restricted	Requires institutional IMG/JGI access
3300024320_12	3300024320_12	Bacteria	Unknown		unsupervised	IMG/JGI	Restricted	Requires institutional IMG/JGI access
3300014793_8	3300014793_8	Bacteria	Unknown		unsupervised	IMG/JGI	Restricted	Requires institutional IMG/JGI access
3300020367_4	3300020367_4	Bacteria	Unknown		unsupervised	IMG/JGI	Restricted	Requires institutional IMG/JGI access
3300008585_4	3300008585_4	Bacteria	Unknown		unsupervised	IMG/JGI	Restricted	Requires institutional IMG/JGI access
3300025518_14	3300025518_14	Bacteria	Unknown		unsupervised	IMG/JGI	Restricted	Requires institutional IMG/JGI access
3300029717_13	3300029717_13	Bacteria	Unknown		unsupervised	IMG/JGI	Restricted	Requires institutional IMG/JGI access
3300029730_20	3300029730_20	Bacteria	Unknown		unsupervised	IMG/JGI	Restricted	Requires institutional IMG/JGI access
3300013877_5	3300013877_5	Bacteria	Unknown		unsupervised	IMG/JGI	Restricted	Requires institutional IMG/JGI access
3300029125_11	3300029125_11	Bacteria	Unknown		unsupervised	IMG/JGI	Restricted	Requires institutional IMG/JGI access
3300025613_4	3300025613_4	Bacteria	Unknown		unsupervised	IMG/JGI	Restricted	Requires institutional IMG/JGI access
3300027909_76	3300027909_76	Bacteria	Unknown		unsupervised	IMG/JGI	Restricted	Requires institutional IMG/JGI access
3300020476_18	3300020476_18	Bacteria	Unknown		unsupervised	IMG/JGI	Restricted	Requires institutional IMG/JGI access
3300029559_25	3300029559_25	Bacteria	Unknown		unsupervised	IMG/JGI	Restricted	Requires institutional IMG/JGI access
3300012889_28	3300012889_28	Bacteria	Unknown		unsupervised	IMG/JGI	Restricted	Requires institutional IMG/JGI access
3300029567_20	3300029567_20	Bacteria	Unknown		unsupervised	IMG/JGI	Restricted	Requires institutional IMG/JGI access
3300024351_2	3300024351_2	Bacteria	Unknown		unsupervised	IMG/JGI	Restricted	Requires institutional IMG/JGI access
3300027977_39	3300027977_39	Bacteria	Unknown		unsupervised	IMG/JGI	Restricted	Requires institutional IMG/JGI access
3300029706_21	3300029706_21	Bacteria	Unknown		unsupervised	IMG/JGI	Restricted	Requires institutional IMG/JGI access
3300017788_79	3300017788_79	Bacteria	Unknown		unsupervised	IMG/JGI	Restricted	Requires institutional IMG/JGI access
3300026286_16	3300026286_16	Bacteria	Unknown		unsupervised	IMG/JGI	Restricted	Requires institutional IMG/JGI access
3300017963_54	3300017963_54	Bacteria	Unknown		unsupervised	IMG/JGI	Restricted	Requires institutional IMG/JGI access
3300025294_15	3300025294_15	Bacteria	Unknown		unsupervised	IMG/JGI	Restricted	Requires institutional IMG/JGI access
3300011134_3	3300011134_3	Bacteria	Unknown		unsupervised	IMG/JGI	Restricted	Requires institutional IMG/JGI access
3300024353_49	3300024353_49	Bacteria	Unknown		unsupervised	IMG/JGI	Restricted	Requires institutional IMG/JGI access
3300007527_11	3300007527_11	Bacteria	Unknown		unsupervised	IMG/JGI	Restricted	Requires institutional IMG/JGI access
3300027815_34	3300027815_34	Bacteria	Unknown		unsupervised	IMG/JGI	Restricted	Requires institutional IMG/JGI access
3300027673_16	3300027673_16	Bacteria	Unknown		unsupervised	IMG/JGI	Restricted	Requires institutional IMG/JGI access
3300024044_10	3300024044_10	Bacteria	Unknown		unsupervised	IMG/JGI	Restricted	Requires institutional IMG/JGI access
3300024292_6	3300024292_6	Bacteria	Unknown		unsupervised	IMG/JGI	Restricted	Requires institutional IMG/JGI access
3300029754_10	3300029754_10	Bacteria	Unknown		unsupervised	IMG/JGI	Restricted	Requires institutional IMG/JGI access
3300011900_3	3300011900_3	Bacteria	Unknown		unsupervised	IMG/JGI	Restricted	Requires institutional IMG/JGI access
3300029451_4	3300029451_4	Bacteria	Unknown		unsupervised	IMG/JGI	Restricted	Requires institutional IMG/JGI access
3300026311_35	3300026311_35	Bacteria	Unknown		unsupervised	IMG/JGI	Restricted	Requires institutional IMG/JGI access
3300028173_14	3300028173_14	Bacteria	Unknown		unsupervised	IMG/JGI	Restricted	Requires institutional IMG/JGI access
3300029001_4	3300029001_4	Bacteria	Unknown		unsupervised	IMG/JGI	Restricted	Requires institutional IMG/JGI access
3300029365_17	3300029365_17	Bacteria	Unknown		unsupervised	IMG/JGI	Restricted	Requires institutional IMG/JGI access
3300029131_11	3300029131_11	Bacteria	Unknown		unsupervised	IMG/JGI	Restricted	Requires institutional IMG/JGI access
3300029489_18	3300029489_18	Bacteria	Unknown		unsupervised	IMG/JGI	Restricted	Requires institutional IMG/JGI access
3300029743_28	3300029743_28	Bacteria	Unknown		unsupervised	IMG/JGI	Restricted	Requires institutional IMG/JGI access
3300027790_31	3300027790_31	Bacteria	Unknown		unsupervised	IMG/JGI	Restricted	Requires institutional IMG/JGI access
3300027863_80	3300027863_80	Bacteria	Unknown		unsupervised	IMG/JGI	Restricted	Requires institutional IMG/JGI access
3300029444_27	3300029444_27	Bacteria	Unknown		unsupervised	IMG/JGI	Restricted	Requires institutional IMG/JGI access
3300029745_25	3300029745_25	Bacteria	Unknown		unsupervised	IMG/JGI	Restricted	Requires institutional IMG/JGI access
3300026970_9	3300026970_9	Bacteria	Unknown		unsupervised	IMG/JGI	Restricted	Requires institutional IMG/JGI access
3300008634_25	3300008634_25	Bacteria	Unknown		unsupervised	IMG/JGI	Restricted	Requires institutional IMG/JGI access
3300029615_27	3300029615_27	Bacteria	Unknown		unsupervised	IMG/JGI	Restricted	Requires institutional IMG/JGI access
3300014764_8	3300014764_8	Bacteria	Unknown		unsupervised	IMG/JGI	Restricted	Requires institutional IMG/JGI access
3300029541_22	3300029541_22	Bacteria	Unknown		unsupervised	IMG/JGI	Restricted	Requires institutional IMG/JGI access
3300029206_8	3300029206_8	Bacteria	Unknown		unsupervised	IMG/JGI	Restricted	Requires institutional IMG/JGI access
3300025094_33	3300025094_33	Bacteria	Unknown		unsupervised	IMG/JGI	Restricted	Requires institutional IMG/JGI access
3300029610_19	3300029610_19	Bacteria	Unknown		unsupervised	IMG/JGI	Restricted	Requires institutional IMG/JGI access
3300029027_8	3300029027_8	Bacteria	Unknown		unsupervised	IMG/JGI	Restricted	Requires institutional IMG/JGI access
3300014505_1	3300014505_1	Bacteria	Unknown		unsupervised	IMG/JGI	Restricted	Requires institutional IMG/JGI access
3300008522_6	3300008522_6	Bacteria	Unknown		unsupervised	IMG/JGI	Restricted	Requires institutional IMG/JGI access
3300026518_14	3300026518_14	Bacteria	Unknown		unsupervised	IMG/JGI	Restricted	Requires institutional IMG/JGI access
3300025350_6	3300025350_6	Bacteria	Unknown		unsupervised	IMG/JGI	Restricted	Requires institutional IMG/JGI access
3300025933_24	3300025933_24	Bacteria	Unknown		unsupervised	IMG/JGI	Restricted	Requires institutional IMG/JGI access
3300029578_26	3300029578_26	Bacteria	Unknown		unsupervised	IMG/JGI	Restricted	Requires institutional IMG/JGI access
3300025775_26	3300025775_26	Bacteria	Unknown		unsupervised	IMG/JGI	Restricted	Requires institutional IMG/JGI access
3300029474_17	3300029474_17	Bacteria	Unknown		unsupervised	IMG/JGI	Restricted	Requires institutional IMG/JGI access
3300020144_7	3300020144_7	Bacteria	Unknown		unsupervised	IMG/JGI	Restricted	Requires institutional IMG/JGI access
3300024282_5	3300024282_5	Bacteria	Unknown		unsupervised	IMG/JGI	Restricted	Requires institutional IMG/JGI access
3300029856_18	3300029856_18	Bacteria	Unknown		unsupervised	IMG/JGI	Restricted	Requires institutional IMG/JGI access
3300011826_2	3300011826_2	Bacteria	Unknown		unsupervised	IMG/JGI	Restricted	Requires institutional IMG/JGI access
3300007802_11	3300007802_11	Bacteria	Unknown		unsupervised	IMG/JGI	Restricted	Requires institutional IMG/JGI access
3300008079_12	3300008079_12	Bacteria	Unknown		unsupervised	IMG/JGI	Restricted	Requires institutional IMG/JGI access
3300027373_23	3300027373_23	Bacteria	Unknown		unsupervised	IMG/JGI	Restricted	Requires institutional IMG/JGI access
3300013328_1	3300013328_1	Bacteria	Unknown		unsupervised	IMG/JGI	Restricted	Requires institutional IMG/JGI access
3300025105_21	3300025105_21	Bacteria	Unknown		unsupervised	IMG/JGI	Restricted	Requires institutional IMG/JGI access
3300027607_27	3300027607_27	Bacteria	Unknown		unsupervised	IMG/JGI	Restricted	Requires institutional IMG/JGI access
3300029243_25	3300029243_25	Bacteria	Unknown		unsupervised	IMG/JGI	Restricted	Requires institutional IMG/JGI access
3300011742_3	3300011742_3	Bacteria	Unknown		unsupervised	IMG/JGI	Restricted	Requires institutional IMG/JGI access
3300022920_19	3300022920_19	Bacteria	Unknown		unsupervised	IMG/JGI	Restricted	Requires institutional IMG/JGI access
3300024302_21	3300024302_21	Bacteria	Unknown		unsupervised	IMG/JGI	Restricted	Requires institutional IMG/JGI access
3300007780_3	3300007780_3	Bacteria	Unknown		unsupervised	IMG/JGI	Restricted	Requires institutional IMG/JGI access
3300025039_2	3300025039_2	Bacteria	Unknown		unsupervised	IMG/JGI	Restricted	Requires institutional IMG/JGI access
3300027906_5	3300027906_5	Bacteria	Unknown		unsupervised	IMG/JGI	Restricted	Requires institutional IMG/JGI access
3300024327_17	3300024327_17	Bacteria	Unknown		unsupervised	IMG/JGI	Restricted	Requires institutional IMG/JGI access
3300029414_18	3300029414_18	Bacteria	Unknown		unsupervised	IMG/JGI	Restricted	Requires institutional IMG/JGI access
3300029438_15	3300029438_15	Bacteria	Unknown		unsupervised	IMG/JGI	Restricted	Requires institutional IMG/JGI access
3300000568_35	3300000568_35	Bacteria	Unknown		unsupervised	IMG/JGI	Restricted	Requires institutional IMG/JGI access
3300029114_9	3300029114_9	Bacteria	Unknown		unsupervised	IMG/JGI	Restricted	Requires institutional IMG/JGI access
3300029430_11	3300029430_11	Bacteria	Unknown		unsupervised	IMG/JGI	Restricted	Requires institutional IMG/JGI access
3300024043_5	3300024043_5	Bacteria	Unknown		unsupervised	IMG/JGI	Restricted	Requires institutional IMG/JGI access
3300025302_13	3300025302_13	Bacteria	Unknown		unsupervised	IMG/JGI	Restricted	Requires institutional IMG/JGI access
3300029246_9	3300029246_9	Bacteria	Unknown		unsupervised	IMG/JGI	Restricted	Requires institutional IMG/JGI access
3300012826_6	3300012826_6	Bacteria	Unknown		unsupervised	IMG/JGI	Restricted	Requires institutional IMG/JGI access
3300008732_8	3300008732_8	Bacteria	Unknown		unsupervised	IMG/JGI	Restricted	Requires institutional IMG/JGI access
3300008363_6	3300008363_6	Bacteria	Unknown		unsupervised	IMG/JGI	Restricted	Requires institutional IMG/JGI access
3300014491_18	3300014491_18	Bacteria	Unknown		unsupervised	IMG/JGI	Restricted	Requires institutional IMG/JGI access
3300011811_3	3300011811_3	Bacteria	Unknown		unsupervised	IMG/JGI	Restricted	Requires institutional IMG/JGI access
3300014954_7	3300014954_7	Bacteria	Unknown		unsupervised	IMG/JGI	Restricted	Requires institutional IMG/JGI access
3300007498_15	3300007498_15	Bacteria	Unknown		unsupervised	IMG/JGI	Restricted	Requires institutional IMG/JGI access
3300029720_35	3300029720_35	Bacteria	Unknown		unsupervised	IMG/JGI	Restricted	Requires institutional IMG/JGI access
3300028173_9	3300028173_9	Bacteria	Unknown		unsupervised	IMG/JGI	Restricted	Requires institutional IMG/JGI access
3300012314_4	3300012314_4	Bacteria	Unknown		unsupervised	IMG/JGI	Restricted	Requires institutional IMG/JGI access
3300024423_14	3300024423_14	Bacteria	Unknown		unsupervised	IMG/JGI	Restricted	Requires institutional IMG/JGI access
3300008096_33	3300008096_33	Bacteria	Unknown		unsupervised	IMG/JGI	Restricted	Requires institutional IMG/JGI access
3300027807_17	3300027807_17	Bacteria	Unknown		unsupervised	IMG/JGI	Restricted	Requires institutional IMG/JGI access
3300029712_32	3300029712_32	Bacteria	Unknown		unsupervised	IMG/JGI	Restricted	Requires institutional IMG/JGI access
3300029198_17	3300029198_17	Bacteria	Unknown		unsupervised	IMG/JGI	Restricted	Requires institutional IMG/JGI access
3300005689_1	3300005689_1	Bacteria	Unknown		unsupervised	IMG/JGI	Restricted	Requires institutional IMG/JGI access
3300029500_5	3300029500_5	Bacteria	Unknown		unsupervised	IMG/JGI	Restricted	Requires institutional IMG/JGI access
3300020447_6	3300020447_6	Bacteria	Unknown		unsupervised	IMG/JGI	Restricted	Requires institutional IMG/JGI access
3300022939_20	3300022939_20	Bacteria	Unknown		unsupervised	IMG/JGI	Restricted	Requires institutional IMG/JGI access
3300013497_4	3300013497_4	Bacteria	Unknown		unsupervised	IMG/JGI	Restricted	Requires institutional IMG/JGI access
3300007641_7	3300007641_7	Bacteria	Unknown		unsupervised	IMG/JGI	Restricted	Requires institutional IMG/JGI access
3300023244_9	3300023244_9	Bacteria	Unknown		unsupervised	IMG/JGI	Restricted	Requires institutional IMG/JGI access
3300013851_2	3300013851_2	Bacteria	Unknown		unsupervised	IMG/JGI	Restricted	Requires institutional IMG/JGI access
3300026117_1	3300026117_1	Bacteria	Unknown		unsupervised	IMG/JGI	Restricted	Requires institutional IMG/JGI access
3300014950_7	3300014950_7	Bacteria	Unknown		unsupervised	IMG/JGI	Restricted	Requires institutional IMG/JGI access
3300014901_2	3300014901_2	Bacteria	Unknown		unsupervised	IMG/JGI	Restricted	Requires institutional IMG/JGI access
3300007742_29	3300007742_29	Bacteria	Unknown		unsupervised	IMG/JGI	Restricted	Requires institutional IMG/JGI access
3300029492_19	3300029492_19	Bacteria	Unknown		unsupervised	IMG/JGI	Restricted	Requires institutional IMG/JGI access
3300020196_48	3300020196_48	Bacteria	Unknown		unsupervised	IMG/JGI	Restricted	Requires institutional IMG/JGI access
3300008734_28	3300008734_28	Bacteria	Unknown		unsupervised	IMG/JGI	Restricted	Requires institutional IMG/JGI access
3300025903_13	3300025903_13	Bacteria	Unknown		unsupervised	IMG/JGI	Restricted	Requires institutional IMG/JGI access
3300029518_12	3300029518_12	Bacteria	Unknown		unsupervised	IMG/JGI	Restricted	Requires institutional IMG/JGI access
3300011484_2	3300011484_2	Bacteria	Unknown		unsupervised	IMG/JGI	Restricted	Requires institutional IMG/JGI access
3300025644_15	3300025644_15	Bacteria	Unknown		unsupervised	IMG/JGI	Restricted	Requires institutional IMG/JGI access
3300005858_28	3300005858_28	Bacteria	Unknown		unsupervised	IMG/JGI	Restricted	Requires institutional IMG/JGI access
3300029782_18	3300029782_18	Bacteria	Unknown		unsupervised	IMG/JGI	Restricted	Requires institutional IMG/JGI access
3300014919_6	3300014919_6	Bacteria	Unknown		unsupervised	IMG/JGI	Restricted	Requires institutional IMG/JGI access
3300027828_49	3300027828_49	Bacteria	Unknown		unsupervised	IMG/JGI	Restricted	Requires institutional IMG/JGI access
3300029388_27	3300029388_27	Bacteria	Unknown		unsupervised	IMG/JGI	Restricted	Requires institutional IMG/JGI access
3300029483_17	3300029483_17	Bacteria	Unknown		unsupervised	IMG/JGI	Restricted	Requires institutional IMG/JGI access
3300008541_13	3300008541_13	Bacteria	Unknown		unsupervised	IMG/JGI	Restricted	Requires institutional IMG/JGI access
3300022135_1	3300022135_1	Bacteria	Unknown		unsupervised	IMG/JGI	Restricted	Requires institutional IMG/JGI access
3300029133_10	3300029133_10	Bacteria	Unknown		unsupervised	IMG/JGI	Restricted	Requires institutional IMG/JGI access
3300027498_16	3300027498_16	Bacteria	Unknown		unsupervised	IMG/JGI	Restricted	Requires institutional IMG/JGI access
3300025225_8	3300025225_8	Bacteria	Unknown		unsupervised	IMG/JGI	Restricted	Requires institutional IMG/JGI access
3300012889_4	3300012889_4	Bacteria	Unknown		unsupervised	IMG/JGI	Restricted	Requires institutional IMG/JGI access
3300007793_14	3300007793_14	Bacteria	Unknown		unsupervised	IMG/JGI	Restricted	Requires institutional IMG/JGI access
3300026967_7	3300026967_7	Bacteria	Unknown		unsupervised	IMG/JGI	Restricted	Requires institutional IMG/JGI access
3300025298_22	3300025298_22	Bacteria	Unknown		unsupervised	IMG/JGI	Restricted	Requires institutional IMG/JGI access
3300025706_22	3300025706_22	Bacteria	Unknown		unsupervised	IMG/JGI	Restricted	Requires institutional IMG/JGI access
3300007299_2	3300007299_2	Bacteria	Unknown		unsupervised	IMG/JGI	Restricted	Requires institutional IMG/JGI access
3300029815_25	3300029815_25	Bacteria	Unknown		unsupervised	IMG/JGI	Restricted	Requires institutional IMG/JGI access
3300013427_10	3300013427_10	Bacteria	Unknown		unsupervised	IMG/JGI	Restricted	Requires institutional IMG/JGI access
3300029620_31	3300029620_31	Bacteria	Unknown		unsupervised	IMG/JGI	Restricted	Requires institutional IMG/JGI access
3300006243_4	3300006243_4	Bacteria	Unknown		unsupervised	IMG/JGI	Restricted	Requires institutional IMG/JGI access
3300025981_13	3300025981_13	Bacteria	Unknown		unsupervised	IMG/JGI	Restricted	Requires institutional IMG/JGI access
3300029136_23	3300029136_23	Bacteria	Unknown		unsupervised	IMG/JGI	Restricted	Requires institutional IMG/JGI access
3300029462_13	3300029462_13	Bacteria	Unknown		unsupervised	IMG/JGI	Restricted	Requires institutional IMG/JGI access
3300029844_15	3300029844_15	Bacteria	Unknown		unsupervised	IMG/JGI	Restricted	Requires institutional IMG/JGI access
3300029332_23	3300029332_23	Bacteria	Unknown		unsupervised	IMG/JGI	Restricted	Requires institutional IMG/JGI access
3300013130_51	3300013130_51	Bacteria	Unknown		unsupervised	IMG/JGI	Restricted	Requires institutional IMG/JGI access
3300025161_12	3300025161_12	Bacteria	Unknown		unsupervised	IMG/JGI	Restricted	Requires institutional IMG/JGI access
3300008080_21	3300008080_21	Bacteria	Unknown		unsupervised	IMG/JGI	Restricted	Requires institutional IMG/JGI access
3300029773_18	3300029773_18	Bacteria	Unknown		unsupervised	IMG/JGI	Restricted	Requires institutional IMG/JGI access
3300027535_2	3300027535_2	Bacteria	Unknown		unsupervised	IMG/JGI	Restricted	Requires institutional IMG/JGI access
3300029593_22	3300029593_22	Bacteria	Unknown		unsupervised	IMG/JGI	Restricted	Requires institutional IMG/JGI access
3300008132_22	3300008132_22	Bacteria	Unknown		unsupervised	IMG/JGI	Restricted	Requires institutional IMG/JGI access
3300012283_6	3300012283_6	Bacteria	Unknown		unsupervised	IMG/JGI	Restricted	Requires institutional IMG/JGI access
3300026962_8	3300026962_8	Bacteria	Unknown		unsupervised	IMG/JGI	Restricted	Requires institutional IMG/JGI access
3300025507_14	3300025507_14	Bacteria	Unknown		unsupervised	IMG/JGI	Restricted	Requires institutional IMG/JGI access
3300025226_11	3300025226_11	Bacteria	Unknown		unsupervised	IMG/JGI	Restricted	Requires institutional IMG/JGI access
3300007067_4	3300007067_4	Bacteria	Unknown		unsupervised	IMG/JGI	Restricted	Requires institutional IMG/JGI access
3300029453_5	3300029453_5	Bacteria	Unknown		unsupervised	IMG/JGI	Restricted	Requires institutional IMG/JGI access
3300029669_12	3300029669_12	Bacteria	Unknown		unsupervised	IMG/JGI	Restricted	Requires institutional IMG/JGI access
3300022845_2	3300022845_2	Bacteria	Unknown		unsupervised	IMG/JGI	Restricted	Requires institutional IMG/JGI access
3300027111_6	3300027111_6	Bacteria	Unknown		unsupervised	IMG/JGI	Restricted	Requires institutional IMG/JGI access
3300029768_25	3300029768_25	Bacteria	Unknown		unsupervised	IMG/JGI	Restricted	Requires institutional IMG/JGI access
3300029328_9	3300029328_9	Bacteria	Unknown		unsupervised	IMG/JGI	Restricted	Requires institutional IMG/JGI access
3300014287_3	3300014287_3	Bacteria	Unknown		unsupervised	IMG/JGI	Restricted	Requires institutional IMG/JGI access
3300028628_7	3300028628_7	Bacteria	Unknown		unsupervised	IMG/JGI	Restricted	Requires institutional IMG/JGI access
3300026907_3	3300026907_3	Bacteria	Unknown		unsupervised	IMG/JGI	Restricted	Requires institutional IMG/JGI access
3300011841_3	3300011841_3	Bacteria	Unknown		unsupervised	IMG/JGI	Restricted	Requires institutional IMG/JGI access
3300026989_4	3300026989_4	Bacteria	Unknown		unsupervised	IMG/JGI	Restricted	Requires institutional IMG/JGI access
3300013306_34	3300013306_34	Bacteria	Unknown		unsupervised	IMG/JGI	Restricted	Requires institutional IMG/JGI access
3300008077_36	3300008077_36	Bacteria	Unknown		unsupervised	IMG/JGI	Restricted	Requires institutional IMG/JGI access
3300025649_16	3300025649_16	Bacteria	Unknown		unsupervised	IMG/JGI	Restricted	Requires institutional IMG/JGI access
3300027781_13	3300027781_13	Bacteria	Unknown		unsupervised	IMG/JGI	Restricted	Requires institutional IMG/JGI access
3300026980_5	3300026980_5	Bacteria	Unknown		unsupervised	IMG/JGI	Restricted	Requires institutional IMG/JGI access
3300005278_8	3300005278_8	Bacteria	Unknown		unsupervised	IMG/JGI	Restricted	Requires institutional IMG/JGI access
3300025296_12	3300025296_12	Bacteria	Unknown		unsupervised	IMG/JGI	Restricted	Requires institutional IMG/JGI access
3300029515_14	3300029515_14	Bacteria	Unknown		unsupervised	IMG/JGI	Restricted	Requires institutional IMG/JGI access
3300025602_17	3300025602_17	Bacteria	Unknown		unsupervised	IMG/JGI	Restricted	Requires institutional IMG/JGI access
3300029520_8	3300029520_8	Bacteria	Unknown		unsupervised	IMG/JGI	Restricted	Requires institutional IMG/JGI access
3300029844_19	3300029844_19	Bacteria	Unknown		unsupervised	IMG/JGI	Restricted	Requires institutional IMG/JGI access
3300027415_2	3300027415_2	Bacteria	Unknown		unsupervised	IMG/JGI	Restricted	Requires institutional IMG/JGI access
3300012631_3	3300012631_3	Bacteria	Unknown		unsupervised	IMG/JGI	Restricted	Requires institutional IMG/JGI access
3300005529_56	3300005529_56	Bacteria	Unknown		unsupervised	IMG/JGI	Restricted	Requires institutional IMG/JGI access
3300029788_13	3300029788_13	Bacteria	Unknown		unsupervised	IMG/JGI	Restricted	Requires institutional IMG/JGI access
3300029702_28	3300029702_28	Bacteria	Unknown		unsupervised	IMG/JGI	Restricted	Requires institutional IMG/JGI access
3300008419_2	3300008419_2	Bacteria	Unknown		unsupervised	IMG/JGI	Restricted	Requires institutional IMG/JGI access
3300025679_17	3300025679_17	Bacteria	Unknown		unsupervised	IMG/JGI	Restricted	Requires institutional IMG/JGI access
3300027835_51	3300027835_51	Bacteria	Unknown		unsupervised	IMG/JGI	Restricted	Requires institutional IMG/JGI access
3300011230_1	3300011230_1	Bacteria	Unknown		unsupervised	IMG/JGI	Restricted	Requires institutional IMG/JGI access
3300028048_87	3300028048_87	Bacteria	Unknown		unsupervised	IMG/JGI	Restricted	Requires institutional IMG/JGI access
3300029376_17	3300029376_17	Bacteria	Unknown		unsupervised	IMG/JGI	Restricted	Requires institutional IMG/JGI access
3300011604_2	3300011604_2	Bacteria	Unknown		unsupervised	IMG/JGI	Restricted	Requires institutional IMG/JGI access
3300028991_2	3300028991_2	Bacteria	Unknown		unsupervised	IMG/JGI	Restricted	Requires institutional IMG/JGI access
3300029594_20	3300029594_20	Bacteria	Unknown		unsupervised	IMG/JGI	Restricted	Requires institutional IMG/JGI access
3300029257_20	3300029257_20	Bacteria	Unknown		unsupervised	IMG/JGI	Restricted	Requires institutional IMG/JGI access
3300029354_26	3300029354_26	Bacteria	Unknown		unsupervised	IMG/JGI	Restricted	Requires institutional IMG/JGI access
3300007996_12	3300007996_12	Bacteria	Unknown		unsupervised	IMG/JGI	Restricted	Requires institutional IMG/JGI access
3300020222_64	3300020222_64	Bacteria	Unknown		unsupervised	IMG/JGI	Restricted	Requires institutional IMG/JGI access
3300009566_5	3300009566_5	Bacteria	Unknown		unsupervised	IMG/JGI	Restricted	Requires institutional IMG/JGI access
3300029583_13	3300029583_13	Bacteria	Unknown		unsupervised	IMG/JGI	Restricted	Requires institutional IMG/JGI access
3300012533_40	3300012533_40	Bacteria	Unknown		unsupervised	IMG/JGI	Restricted	Requires institutional IMG/JGI access
3300011726_4	3300011726_4	Bacteria	Unknown		unsupervised	IMG/JGI	Restricted	Requires institutional IMG/JGI access
3300003868_3	3300003868_3	Bacteria	Unknown		unsupervised	IMG/JGI	Restricted	Requires institutional IMG/JGI access
3300012824_7	3300012824_7	Bacteria	Unknown		unsupervised	IMG/JGI	Restricted	Requires institutional IMG/JGI access
3300020198_16	3300020198_16	Bacteria	Unknown		unsupervised	IMG/JGI	Restricted	Requires institutional IMG/JGI access
3300020477_34	3300020477_34	Bacteria	Unknown		unsupervised	IMG/JGI	Restricted	Requires institutional IMG/JGI access
3300029617_11	3300029617_11	Bacteria	Unknown		unsupervised	IMG/JGI	Restricted	Requires institutional IMG/JGI access
3300010269_28	3300010269_28	Bacteria	Unknown		unsupervised	IMG/JGI	Restricted	Requires institutional IMG/JGI access
3300011223_3	3300011223_3	Bacteria	Unknown		unsupervised	IMG/JGI	Restricted	Requires institutional IMG/JGI access
3300025624_3	3300025624_3	Bacteria	Unknown		unsupervised	IMG/JGI	Restricted	Requires institutional IMG/JGI access
3300028557_40	3300028557_40	Bacteria	Unknown		unsupervised	IMG/JGI	Restricted	Requires institutional IMG/JGI access
3300028576_16	3300028576_16	Bacteria	Unknown		unsupervised	IMG/JGI	Restricted	Requires institutional IMG/JGI access
3300017426_21	3300017426_21	Bacteria	Unknown		unsupervised	IMG/JGI	Restricted	Requires institutional IMG/JGI access
3300029713_21	3300029713_21	Bacteria	Unknown		unsupervised	IMG/JGI	Restricted	Requires institutional IMG/JGI access
3300007853_2	3300007853_2	Bacteria	Unknown		unsupervised	IMG/JGI	Restricted	Requires institutional IMG/JGI access
3300027606_11	3300027606_11	Bacteria	Unknown		unsupervised	IMG/JGI	Restricted	Requires institutional IMG/JGI access
3300029634_11	3300029634_11	Bacteria	Unknown		unsupervised	IMG/JGI	Restricted	Requires institutional IMG/JGI access
3300029355_14	3300029355_14	Bacteria	Unknown		unsupervised	IMG/JGI	Restricted	Requires institutional IMG/JGI access
3300029391_16	3300029391_16	Bacteria	Unknown		unsupervised	IMG/JGI	Restricted	Requires institutional IMG/JGI access
3300007976_17	3300007976_17	Bacteria	Unknown		unsupervised	IMG/JGI	Restricted	Requires institutional IMG/JGI access
3300029851_24	3300029851_24	Bacteria	Unknown		unsupervised	IMG/JGI	Restricted	Requires institutional IMG/JGI access
3300020295_2	3300020295_2	Bacteria	Unknown		unsupervised	IMG/JGI	Restricted	Requires institutional IMG/JGI access
3300029877_6	3300029877_6	Bacteria	Unknown		unsupervised	IMG/JGI	Restricted	Requires institutional IMG/JGI access
3300029738_25	3300029738_25	Bacteria	Unknown		unsupervised	IMG/JGI	Restricted	Requires institutional IMG/JGI access
3300008063_22	3300008063_22	Bacteria	Unknown		unsupervised	IMG/JGI	Restricted	Requires institutional IMG/JGI access
3300029257_12	3300029257_12	Bacteria	Unknown		unsupervised	IMG/JGI	Restricted	Requires institutional IMG/JGI access
3300029073_4	3300029073_4	Bacteria	Unknown		unsupervised	IMG/JGI	Restricted	Requires institutional IMG/JGI access
3300029358_9	3300029358_9	Bacteria	Unknown		unsupervised	IMG/JGI	Restricted	Requires institutional IMG/JGI access
3300027373_15	3300027373_15	Bacteria	Unknown		unsupervised	IMG/JGI	Restricted	Requires institutional IMG/JGI access
3300029114_11	3300029114_11	Bacteria	Unknown		unsupervised	IMG/JGI	Restricted	Requires institutional IMG/JGI access
3300027284_25	3300027284_25	Bacteria	Unknown		unsupervised	IMG/JGI	Restricted	Requires institutional IMG/JGI access
3300027510_24	3300027510_24	Bacteria	Unknown		unsupervised	IMG/JGI	Restricted	Requires institutional IMG/JGI access
3300029523_29	3300029523_29	Bacteria	Unknown		unsupervised	IMG/JGI	Restricted	Requires institutional IMG/JGI access
3300029618_23	3300029618_23	Bacteria	Unknown		unsupervised	IMG/JGI	Restricted	Requires institutional IMG/JGI access
3300027800_18	3300027800_18	Bacteria	Unknown		unsupervised	IMG/JGI	Restricted	Requires institutional IMG/JGI access
3300003178_3	3300003178_3	Bacteria	Unknown		unsupervised	IMG/JGI	Restricted	Requires institutional IMG/JGI access
3300029212_8	3300029212_8	Bacteria	Unknown		unsupervised	IMG/JGI	Restricted	Requires institutional IMG/JGI access
3300006502_25	3300006502_25	Bacteria	Unknown		unsupervised	IMG/JGI	Restricted	Requires institutional IMG/JGI access
3300014589_2	3300014589_2	Bacteria	Unknown		unsupervised	IMG/JGI	Restricted	Requires institutional IMG/JGI access
3300029847_32	3300029847_32	Bacteria	Unknown		unsupervised	IMG/JGI	Restricted	Requires institutional IMG/JGI access
3300029135_16	3300029135_16	Bacteria	Unknown		unsupervised	IMG/JGI	Restricted	Requires institutional IMG/JGI access
3300029538_9	3300029538_9	Bacteria	Unknown		unsupervised	IMG/JGI	Restricted	Requires institutional IMG/JGI access
3300029211_5	3300029211_5	Bacteria	Unknown		unsupervised	IMG/JGI	Restricted	Requires institutional IMG/JGI access
3300011859_1	3300011859_1	Bacteria	Unknown		unsupervised	IMG/JGI	Restricted	Requires institutional IMG/JGI access
3300011815_1	3300011815_1	Bacteria	Unknown		unsupervised	IMG/JGI	Restricted	Requires institutional IMG/JGI access
3300025678_39	3300025678_39	Bacteria	Unknown		unsupervised	IMG/JGI	Restricted	Requires institutional IMG/JGI access
3300029478_17	3300029478_17	Bacteria	Unknown		unsupervised	IMG/JGI	Restricted	Requires institutional IMG/JGI access
3300025855_19	3300025855_19	Bacteria	Unknown		unsupervised	IMG/JGI	Restricted	Requires institutional IMG/JGI access
3300029366_4	3300029366_4	Bacteria	Unknown		unsupervised	IMG/JGI	Restricted	Requires institutional IMG/JGI access
3300028631_15	3300028631_15	Bacteria	Unknown		unsupervised	IMG/JGI	Restricted	Requires institutional IMG/JGI access
3300027224_4	3300027224_4	Bacteria	Unknown		unsupervised	IMG/JGI	Restricted	Requires institutional IMG/JGI access
3300024044_14	3300024044_14	Bacteria	Unknown		unsupervised	IMG/JGI	Restricted	Requires institutional IMG/JGI access
3300029389_17	3300029389_17	Bacteria	Unknown		unsupervised	IMG/JGI	Restricted	Requires institutional IMG/JGI access
3300026797_2	3300026797_2	Bacteria	Unknown		unsupervised	IMG/JGI	Restricted	Requires institutional IMG/JGI access
3300025347_23	3300025347_23	Bacteria	Unknown		unsupervised	IMG/JGI	Restricted	Requires institutional IMG/JGI access
3300008346_15	3300008346_15	Bacteria	Unknown		unsupervised	IMG/JGI	Restricted	Requires institutional IMG/JGI access
3300025673_14	3300025673_14	Bacteria	Unknown		unsupervised	IMG/JGI	Restricted	Requires institutional IMG/JGI access
3300012894_9	3300012894_9	Bacteria	Unknown		unsupervised	IMG/JGI	Restricted	Requires institutional IMG/JGI access
3300029719_27	3300029719_27	Bacteria	Unknown		unsupervised	IMG/JGI	Restricted	Requires institutional IMG/JGI access
3300008585_3	3300008585_3	Bacteria	Unknown		unsupervised	IMG/JGI	Restricted	Requires institutional IMG/JGI access
3300023249_8	3300023249_8	Bacteria	Unknown		unsupervised	IMG/JGI	Restricted	Requires institutional IMG/JGI access
3300029519_19	3300029519_19	Bacteria	Unknown		unsupervised	IMG/JGI	Restricted	Requires institutional IMG/JGI access
3300029544_13	3300029544_13	Bacteria	Unknown		unsupervised	IMG/JGI	Restricted	Requires institutional IMG/JGI access
3300027239_5	3300027239_5	Bacteria	Unknown		unsupervised	IMG/JGI	Restricted	Requires institutional IMG/JGI access
3300026963_3	3300026963_3	Bacteria	Unknown		unsupervised	IMG/JGI	Restricted	Requires institutional IMG/JGI access
3300029106_8	3300029106_8	Bacteria	Unknown		unsupervised	IMG/JGI	Restricted	Requires institutional IMG/JGI access
3300019487_24	3300019487_24	Bacteria	Unknown		unsupervised	IMG/JGI	Restricted	Requires institutional IMG/JGI access
3300025179_2	3300025179_2	Bacteria	Unknown		unsupervised	IMG/JGI	Restricted	Requires institutional IMG/JGI access
3300022750_9	3300022750_9	Bacteria	Unknown		unsupervised	IMG/JGI	Restricted	Requires institutional IMG/JGI access
3300013922_1	3300013922_1	Bacteria	Unknown		unsupervised	IMG/JGI	Restricted	Requires institutional IMG/JGI access
3300029698_11	3300029698_11	Bacteria	Unknown		unsupervised	IMG/JGI	Restricted	Requires institutional IMG/JGI access
3300025695_18	3300025695_18	Bacteria	Unknown		unsupervised	IMG/JGI	Restricted	Requires institutional IMG/JGI access
3300013132_99	3300013132_99	Bacteria	Unknown		unsupervised	IMG/JGI	Restricted	Requires institutional IMG/JGI access
3300025724_5	3300025724_5	Bacteria	Unknown		unsupervised	IMG/JGI	Restricted	Requires institutional IMG/JGI access
3300007940_3	3300007940_3	Bacteria	Unknown		unsupervised	IMG/JGI	Restricted	Requires institutional IMG/JGI access
3300011903_3	3300011903_3	Bacteria	Unknown		unsupervised	IMG/JGI	Restricted	Requires institutional IMG/JGI access
3300025575_12	3300025575_12	Bacteria	Unknown		unsupervised	IMG/JGI	Restricted	Requires institutional IMG/JGI access
3300005838_15	3300005838_15	Bacteria	Unknown		unsupervised	IMG/JGI	Restricted	Requires institutional IMG/JGI access
3300009363_19	3300009363_19	Bacteria	Unknown		unsupervised	IMG/JGI	Restricted	Requires institutional IMG/JGI access
3300020183_41	3300020183_41	Bacteria	Unknown		unsupervised	IMG/JGI	Restricted	Requires institutional IMG/JGI access
3300013502_12	3300013502_12	Bacteria	Unknown		unsupervised	IMG/JGI	Restricted	Requires institutional IMG/JGI access
3300027851_30	3300027851_30	Bacteria	Unknown		unsupervised	IMG/JGI	Restricted	Requires institutional IMG/JGI access
3300028265_1	3300028265_1	Bacteria	Unknown		unsupervised	IMG/JGI	Restricted	Requires institutional IMG/JGI access
3300026236_3	3300026236_3	Bacteria	Unknown		unsupervised	IMG/JGI	Restricted	Requires institutional IMG/JGI access
3300029877_9	3300029877_9	Bacteria	Unknown		unsupervised	IMG/JGI	Restricted	Requires institutional IMG/JGI access
3300012829_15	3300012829_15	Bacteria	Unknown		unsupervised	IMG/JGI	Restricted	Requires institutional IMG/JGI access
3300026971_1	3300026971_1	Bacteria	Unknown		unsupervised	IMG/JGI	Restricted	Requires institutional IMG/JGI access
3300011986_6	3300011986_6	Bacteria	Unknown		unsupervised	IMG/JGI	Restricted	Requires institutional IMG/JGI access
3300015360_72	3300015360_72	Bacteria	Unknown		unsupervised	IMG/JGI	Restricted	Requires institutional IMG/JGI access
3300029204_17	3300029204_17	Bacteria	Unknown		unsupervised	IMG/JGI	Restricted	Requires institutional IMG/JGI access
3300019374_16	3300019374_16	Bacteria	Unknown		unsupervised	IMG/JGI	Restricted	Requires institutional IMG/JGI access
3300021387_81	3300021387_81	Bacteria	Unknown		unsupervised	IMG/JGI	Restricted	Requires institutional IMG/JGI access
3300020591_8	3300020591_8	Bacteria	Unknown		unsupervised	IMG/JGI	Restricted	Requires institutional IMG/JGI access
3300029556_9	3300029556_9	Bacteria	Unknown		unsupervised	IMG/JGI	Restricted	Requires institutional IMG/JGI access
3300011602_5	3300011602_5	Bacteria	Unknown		unsupervised	IMG/JGI	Restricted	Requires institutional IMG/JGI access
3300027276_37	3300027276_37	Bacteria	Unknown		unsupervised	IMG/JGI	Restricted	Requires institutional IMG/JGI access
3300013014_18	3300013014_18	Bacteria	Unknown		unsupervised	IMG/JGI	Restricted	Requires institutional IMG/JGI access
3300029650_6	3300029650_6	Bacteria	Unknown		unsupervised	IMG/JGI	Restricted	Requires institutional IMG/JGI access
3300025890_31	3300025890_31	Bacteria	Unknown		unsupervised	IMG/JGI	Restricted	Requires institutional IMG/JGI access
3300011985_13	3300011985_13	Bacteria	Unknown		unsupervised	IMG/JGI	Restricted	Requires institutional IMG/JGI access
3300020477_39	3300020477_39	Bacteria	Unknown		unsupervised	IMG/JGI	Restricted	Requires institutional IMG/JGI access
3300029712_11	3300029712_11	Bacteria	Unknown		unsupervised	IMG/JGI	Restricted	Requires institutional IMG/JGI access
3300007348_2	3300007348_2	Bacteria	Unknown		unsupervised	IMG/JGI	Restricted	Requires institutional IMG/JGI access
3300025229_9	3300025229_9	Bacteria	Unknown		unsupervised	IMG/JGI	Restricted	Requires institutional IMG/JGI access
3300010269_37	3300010269_37	Bacteria	Unknown		unsupervised	IMG/JGI	Restricted	Requires institutional IMG/JGI access
3300011833_4	3300011833_4	Bacteria	Unknown		unsupervised	IMG/JGI	Restricted	Requires institutional IMG/JGI access
3300008153_7	3300008153_7	Bacteria	Unknown		unsupervised	IMG/JGI	Restricted	Requires institutional IMG/JGI access
3300012274_3	3300012274_3	Bacteria	Unknown		unsupervised	IMG/JGI	Restricted	Requires institutional IMG/JGI access
3300011749_5	3300011749_5	Bacteria	Unknown		unsupervised	IMG/JGI	Restricted	Requires institutional IMG/JGI access
3300020144_10	3300020144_10	Bacteria	Unknown		unsupervised	IMG/JGI	Restricted	Requires institutional IMG/JGI access
3300029176_6	3300029176_6	Bacteria	Unknown		unsupervised	IMG/JGI	Restricted	Requires institutional IMG/JGI access
3300025669_5	3300025669_5	Bacteria	Unknown		unsupervised	IMG/JGI	Restricted	Requires institutional IMG/JGI access
3300013882_2	3300013882_2	Bacteria	Unknown		unsupervised	IMG/JGI	Restricted	Requires institutional IMG/JGI access
3300029795_33	3300029795_33	Bacteria	Unknown		unsupervised	IMG/JGI	Restricted	Requires institutional IMG/JGI access
3300005286_10	3300005286_10	Bacteria	Unknown		unsupervised	IMG/JGI	Restricted	Requires institutional IMG/JGI access
3300027965_34	3300027965_34	Bacteria	Unknown		unsupervised	IMG/JGI	Restricted	Requires institutional IMG/JGI access
3300029388_9	3300029388_9	Bacteria	Unknown		unsupervised	IMG/JGI	Restricted	Requires institutional IMG/JGI access
3300029066_2	3300029066_2	Bacteria	Unknown		unsupervised	IMG/JGI	Restricted	Requires institutional IMG/JGI access
3300028569_25	3300028569_25	Bacteria	Unknown		unsupervised	IMG/JGI	Restricted	Requires institutional IMG/JGI access
3300007222_7	3300007222_7	Bacteria	Unknown		unsupervised	IMG/JGI	Restricted	Requires institutional IMG/JGI access
3300011742_2	3300011742_2	Bacteria	Unknown		unsupervised	IMG/JGI	Restricted	Requires institutional IMG/JGI access
3300005661_8	3300005661_8	Bacteria	Unknown		unsupervised	IMG/JGI	Restricted	Requires institutional IMG/JGI access
3300028582_22	3300028582_22	Bacteria	Unknown		unsupervised	IMG/JGI	Restricted	Requires institutional IMG/JGI access
3300029441_12	3300029441_12	Bacteria	Unknown		unsupervised	IMG/JGI	Restricted	Requires institutional IMG/JGI access
3300029426_17	3300029426_17	Bacteria	Unknown		unsupervised	IMG/JGI	Restricted	Requires institutional IMG/JGI access
3300007853_11	3300007853_11	Bacteria	Unknown		unsupervised	IMG/JGI	Restricted	Requires institutional IMG/JGI access
3300003272_11	3300003272_11	Bacteria	Unknown		unsupervised	IMG/JGI	Restricted	Requires institutional IMG/JGI access
3300006195_27	3300006195_27	Bacteria	Unknown		unsupervised	IMG/JGI	Restricted	Requires institutional IMG/JGI access
3300029577_8	3300029577_8	Bacteria	Unknown		unsupervised	IMG/JGI	Restricted	Requires institutional IMG/JGI access
3300027322_3	3300027322_3	Bacteria	Unknown		unsupervised	IMG/JGI	Restricted	Requires institutional IMG/JGI access
3300010055_9	3300010055_9	Bacteria	Unknown		unsupervised	IMG/JGI	Restricted	Requires institutional IMG/JGI access
3300008623_1	3300008623_1	Bacteria	Unknown		unsupervised	IMG/JGI	Restricted	Requires institutional IMG/JGI access
3300014149_8	3300014149_8	Bacteria	Unknown		unsupervised	IMG/JGI	Restricted	Requires institutional IMG/JGI access
3300008541_30	3300008541_30	Bacteria	Unknown		unsupervised	IMG/JGI	Restricted	Requires institutional IMG/JGI access
3300007994_13	3300007994_13	Bacteria	Unknown		unsupervised	IMG/JGI	Restricted	Requires institutional IMG/JGI access
3300013131_97	3300013131_97	Bacteria	Unknown		unsupervised	IMG/JGI	Restricted	Requires institutional IMG/JGI access
3300010280_36	3300010280_36	Bacteria	Unknown		unsupervised	IMG/JGI	Restricted	Requires institutional IMG/JGI access
3300029712_13	3300029712_13	Bacteria	Unknown		unsupervised	IMG/JGI	Restricted	Requires institutional IMG/JGI access
3300018018_22	3300018018_22	Bacteria	Unknown		unsupervised	IMG/JGI	Restricted	Requires institutional IMG/JGI access
3300029458_5	3300029458_5	Bacteria	Unknown		unsupervised	IMG/JGI	Restricted	Requires institutional IMG/JGI access
3300011701_2	3300011701_2	Bacteria	Unknown		unsupervised	IMG/JGI	Restricted	Requires institutional IMG/JGI access
3300029383_8	3300029383_8	Bacteria	Unknown		unsupervised	IMG/JGI	Restricted	Requires institutional IMG/JGI access
3300028603_106	3300028603_106	Bacteria	Unknown		unsupervised	IMG/JGI	Restricted	Requires institutional IMG/JGI access
3300029135_26	3300029135_26	Bacteria	Unknown		unsupervised	IMG/JGI	Restricted	Requires institutional IMG/JGI access
3300029513_10	3300029513_10	Bacteria	Unknown		unsupervised	IMG/JGI	Restricted	Requires institutional IMG/JGI access
3300010265_20	3300010265_20	Bacteria	Unknown		unsupervised	IMG/JGI	Restricted	Requires institutional IMG/JGI access
3300029439_23	3300029439_23	Bacteria	Unknown		unsupervised	IMG/JGI	Restricted	Requires institutional IMG/JGI access
3300008638_3	3300008638_3	Bacteria	Unknown		unsupervised	IMG/JGI	Restricted	Requires institutional IMG/JGI access
3300014552_3	3300014552_3	Bacteria	Unknown		unsupervised	IMG/JGI	Restricted	Requires institutional IMG/JGI access
3300029412_18	3300029412_18	Bacteria	Unknown		unsupervised	IMG/JGI	Restricted	Requires institutional IMG/JGI access
3300010428_46	3300010428_46	Bacteria	Unknown		unsupervised	IMG/JGI	Restricted	Requires institutional IMG/JGI access
3300029456_6	3300029456_6	Bacteria	Unknown		unsupervised	IMG/JGI	Restricted	Requires institutional IMG/JGI access
3300029475_18	3300029475_18	Bacteria	Unknown		unsupervised	IMG/JGI	Restricted	Requires institutional IMG/JGI access
3300027968_33	3300027968_33	Bacteria	Unknown		unsupervised	IMG/JGI	Restricted	Requires institutional IMG/JGI access
3300022912_40	3300022912_40	Bacteria	Unknown		unsupervised	IMG/JGI	Restricted	Requires institutional IMG/JGI access
3300006564_29	3300006564_29	Bacteria	Unknown		unsupervised	IMG/JGI	Restricted	Requires institutional IMG/JGI access
3300029088_9	3300029088_9	Bacteria	Unknown		unsupervised	IMG/JGI	Restricted	Requires institutional IMG/JGI access
3300029852_14	3300029852_14	Bacteria	Unknown		unsupervised	IMG/JGI	Restricted	Requires institutional IMG/JGI access
3300025342_3	3300025342_3	Bacteria	Unknown		unsupervised	IMG/JGI	Restricted	Requires institutional IMG/JGI access
3300013621_1	3300013621_1	Bacteria	Unknown		unsupervised	IMG/JGI	Restricted	Requires institutional IMG/JGI access
3300008672_21	3300008672_21	Bacteria	Unknown		unsupervised	IMG/JGI	Restricted	Requires institutional IMG/JGI access
3300023055_12	3300023055_12	Bacteria	Unknown		unsupervised	IMG/JGI	Restricted	Requires institutional IMG/JGI access
3300024221_7	3300024221_7	Bacteria	Unknown		unsupervised	IMG/JGI	Restricted	Requires institutional IMG/JGI access
3300020152_14	3300020152_14	Bacteria	Unknown		unsupervised	IMG/JGI	Restricted	Requires institutional IMG/JGI access
3300008079_6	3300008079_6	Bacteria	Unknown		unsupervised	IMG/JGI	Restricted	Requires institutional IMG/JGI access
3300029830_20	3300029830_20	Bacteria	Unknown		unsupervised	IMG/JGI	Restricted	Requires institutional IMG/JGI access
3300020185_38	3300020185_38	Bacteria	Unknown		unsupervised	IMG/JGI	Restricted	Requires institutional IMG/JGI access
3300014018_1	3300014018_1	Bacteria	Unknown		unsupervised	IMG/JGI	Restricted	Requires institutional IMG/JGI access
3300014684_4	3300014684_4	Bacteria	Unknown		unsupervised	IMG/JGI	Restricted	Requires institutional IMG/JGI access
3300014536_3	3300014536_3	Bacteria	Unknown		unsupervised	IMG/JGI	Restricted	Requires institutional IMG/JGI access
3300024951_2	3300024951_2	Bacteria	Unknown		unsupervised	IMG/JGI	Restricted	Requires institutional IMG/JGI access
3300027509_25	3300027509_25	Bacteria	Unknown		unsupervised	IMG/JGI	Restricted	Requires institutional IMG/JGI access
3300026561_11	3300026561_11	Bacteria	Unknown		unsupervised	IMG/JGI	Restricted	Requires institutional IMG/JGI access
3300020201_39	3300020201_39	Bacteria	Unknown		unsupervised	IMG/JGI	Restricted	Requires institutional IMG/JGI access
3300011571_4	3300011571_4	Bacteria	Unknown		unsupervised	IMG/JGI	Restricted	Requires institutional IMG/JGI access
3300018024_19	3300018024_19	Bacteria	Unknown		unsupervised	IMG/JGI	Restricted	Requires institutional IMG/JGI access
3300025681_15	3300025681_15	Bacteria	Unknown		unsupervised	IMG/JGI	Restricted	Requires institutional IMG/JGI access
3300029206_10	3300029206_10	Bacteria	Unknown		unsupervised	IMG/JGI	Restricted	Requires institutional IMG/JGI access
3300014963_13	3300014963_13	Bacteria	Unknown		unsupervised	IMG/JGI	Restricted	Requires institutional IMG/JGI access
3300025608_12	3300025608_12	Bacteria	Unknown		unsupervised	IMG/JGI	Restricted	Requires institutional IMG/JGI access
3300029784_9	3300029784_9	Bacteria	Unknown		unsupervised	IMG/JGI	Restricted	Requires institutional IMG/JGI access
3300029443_26	3300029443_26	Bacteria	Unknown		unsupervised	IMG/JGI	Restricted	Requires institutional IMG/JGI access
3300026972_7	3300026972_7	Bacteria	Unknown		unsupervised	IMG/JGI	Restricted	Requires institutional IMG/JGI access
3300010279_7	3300010279_7	Bacteria	Unknown		unsupervised	IMG/JGI	Restricted	Requires institutional IMG/JGI access
3300013692_2	3300013692_2	Bacteria	Unknown		unsupervised	IMG/JGI	Restricted	Requires institutional IMG/JGI access
3300008103_10	3300008103_10	Bacteria	Unknown		unsupervised	IMG/JGI	Restricted	Requires institutional IMG/JGI access
3300029075_5	3300029075_5	Bacteria	Unknown		unsupervised	IMG/JGI	Restricted	Requires institutional IMG/JGI access
3300014514_4	3300014514_4	Bacteria	Unknown		unsupervised	IMG/JGI	Restricted	Requires institutional IMG/JGI access
3300029419_18	3300029419_18	Bacteria	Unknown		unsupervised	IMG/JGI	Restricted	Requires institutional IMG/JGI access
3300008155_21	3300008155_21	Bacteria	Unknown		unsupervised	IMG/JGI	Restricted	Requires institutional IMG/JGI access
3300029368_9	3300029368_9	Bacteria	Unknown		unsupervised	IMG/JGI	Restricted	Requires institutional IMG/JGI access
3300025587_25	3300025587_25	Bacteria	Unknown		unsupervised	IMG/JGI	Restricted	Requires institutional IMG/JGI access
3300027015_4	3300027015_4	Bacteria	Unknown		unsupervised	IMG/JGI	Restricted	Requires institutional IMG/JGI access
3300029738_23	3300029738_23	Bacteria	Unknown		unsupervised	IMG/JGI	Restricted	Requires institutional IMG/JGI access
3300025859_44	3300025859_44	Bacteria	Unknown		unsupervised	IMG/JGI	Restricted	Requires institutional IMG/JGI access
3300029350_11	3300029350_11	Bacteria	Unknown		unsupervised	IMG/JGI	Restricted	Requires institutional IMG/JGI access
3300024252_13	3300024252_13	Bacteria	Unknown		unsupervised	IMG/JGI	Restricted	Requires institutional IMG/JGI access
3300028418_10	3300028418_10	Bacteria	Unknown		unsupervised	IMG/JGI	Restricted	Requires institutional IMG/JGI access
Lottia	Lottia	Eukaryota	Unknown		unsupervised	Ensembl/Other	Unknown	Named organism, source unclear
3300000164_13	3300000164_13	Bacteria	Unknown		unsupervised	IMG/JGI	Restricted	Requires institutional IMG/JGI access
3300027276_28	3300027276_28	Bacteria	Unknown		unsupervised	IMG/JGI	Restricted	Requires institutional IMG/JGI access
3300029746_22	3300029746_22	Bacteria	Unknown		unsupervised	IMG/JGI	Restricted	Requires institutional IMG/JGI access
3300007722_55	3300007722_55	Bacteria	Unknown		unsupervised	IMG/JGI	Restricted	Requires institutional IMG/JGI access
3300029056_20	3300029056_20	Bacteria	Unknown		unsupervised	IMG/JGI	Restricted	Requires institutional IMG/JGI access
3300005298_15	3300005298_15	Bacteria	Unknown		unsupervised	IMG/JGI	Restricted	Requires institutional IMG/JGI access
3300029394_16	3300029394_16	Bacteria	Unknown		unsupervised	IMG/JGI	Restricted	Requires institutional IMG/JGI access
3300025342_2	3300025342_2	Bacteria	Unknown		unsupervised	IMG/JGI	Restricted	Requires institutional IMG/JGI access
3300026518_7	3300026518_7	Bacteria	Unknown		unsupervised	IMG/JGI	Restricted	Requires institutional IMG/JGI access
3300025286_10	3300025286_10	Bacteria	Unknown		unsupervised	IMG/JGI	Restricted	Requires institutional IMG/JGI access
3300021604_8	3300021604_8	Bacteria	Unknown		unsupervised	IMG/JGI	Restricted	Requires institutional IMG/JGI access
3300008512_1	3300008512_1	Bacteria	Unknown		unsupervised	IMG/JGI	Restricted	Requires institutional IMG/JGI access
3300029528_8	3300029528_8	Bacteria	Unknown		unsupervised	IMG/JGI	Restricted	Requires institutional IMG/JGI access
3300029013_12	3300029013_12	Bacteria	Unknown		unsupervised	IMG/JGI	Restricted	Requires institutional IMG/JGI access
2061766007_88	2061766007_88	Bacteria	Unknown		unsupervised	IMG/JGI	Restricted	Requires institutional IMG/JGI access
3300029292_13	3300029292_13	Bacteria	Unknown		unsupervised	IMG/JGI	Restricted	Requires institutional IMG/JGI access
3300029815_18	3300029815_18	Bacteria	Unknown		unsupervised	IMG/JGI	Restricted	Requires institutional IMG/JGI access
3300012837_13	3300012837_13	Bacteria	Unknown		unsupervised	IMG/JGI	Restricted	Requires institutional IMG/JGI access
3300029563_24	3300029563_24	Bacteria	Unknown		unsupervised	IMG/JGI	Restricted	Requires institutional IMG/JGI access
3300014557_14	3300014557_14	Bacteria	Unknown		unsupervised	IMG/JGI	Restricted	Requires institutional IMG/JGI access
3300012246_1	3300012246_1	Bacteria	Unknown		unsupervised	IMG/JGI	Restricted	Requires institutional IMG/JGI access
3300029437_8	3300029437_8	Bacteria	Unknown		unsupervised	IMG/JGI	Restricted	Requires institutional IMG/JGI access
3300014530_9	3300014530_9	Bacteria	Unknown		unsupervised	IMG/JGI	Restricted	Requires institutional IMG/JGI access
3300029607_30	3300029607_30	Bacteria	Unknown		unsupervised	IMG/JGI	Restricted	Requires institutional IMG/JGI access
3300008128_2	3300008128_2	Bacteria	Unknown		unsupervised	IMG/JGI	Restricted	Requires institutional IMG/JGI access
3300025909_105	3300025909_105	Bacteria	Unknown		unsupervised	IMG/JGI	Restricted	Requires institutional IMG/JGI access
3300029563_10	3300029563_10	Bacteria	Unknown		unsupervised	IMG/JGI	Restricted	Requires institutional IMG/JGI access
3300029571_20	3300029571_20	Bacteria	Unknown		unsupervised	IMG/JGI	Restricted	Requires institutional IMG/JGI access
3300007853_5	3300007853_5	Bacteria	Unknown		unsupervised	IMG/JGI	Restricted	Requires institutional IMG/JGI access
3300008734_12	3300008734_12	Bacteria	Unknown		unsupervised	IMG/JGI	Restricted	Requires institutional IMG/JGI access
3300029888_13	3300029888_13	Bacteria	Unknown		unsupervised	IMG/JGI	Restricted	Requires institutional IMG/JGI access
3300007296_21	3300007296_21	Bacteria	Unknown		unsupervised	IMG/JGI	Restricted	Requires institutional IMG/JGI access
3300029194_13	3300029194_13	Bacteria	Unknown		unsupervised	IMG/JGI	Restricted	Requires institutional IMG/JGI access
3300025044_15	3300025044_15	Bacteria	Unknown		unsupervised	IMG/JGI	Restricted	Requires institutional IMG/JGI access
3300027276_46	3300027276_46	Bacteria	Unknown		unsupervised	IMG/JGI	Restricted	Requires institutional IMG/JGI access
3300007798_5	3300007798_5	Bacteria	Unknown		unsupervised	IMG/JGI	Restricted	Requires institutional IMG/JGI access
3300029040_7	3300029040_7	Bacteria	Unknown		unsupervised	IMG/JGI	Restricted	Requires institutional IMG/JGI access
3300026290_37	3300026290_37	Bacteria	Unknown		unsupervised	IMG/JGI	Restricted	Requires institutional IMG/JGI access
3300013006_53	3300013006_53	Bacteria	Unknown		unsupervised	IMG/JGI	Restricted	Requires institutional IMG/JGI access
3300028969_5	3300028969_5	Bacteria	Unknown		unsupervised	IMG/JGI	Restricted	Requires institutional IMG/JGI access
3300006523_8	3300006523_8	Bacteria	Unknown		unsupervised	IMG/JGI	Restricted	Requires institutional IMG/JGI access
3300029394_27	3300029394_27	Bacteria	Unknown		unsupervised	IMG/JGI	Restricted	Requires institutional IMG/JGI access
3300025224_6	3300025224_6	Bacteria	Unknown		unsupervised	IMG/JGI	Restricted	Requires institutional IMG/JGI access
3300027958_14	3300027958_14	Bacteria	Unknown		unsupervised	IMG/JGI	Restricted	Requires institutional IMG/JGI access
3300029738_21	3300029738_21	Bacteria	Unknown		unsupervised	IMG/JGI	Restricted	Requires institutional IMG/JGI access
3300029331_7	3300029331_7	Bacteria	Unknown		unsupervised	IMG/JGI	Restricted	Requires institutional IMG/JGI access
3300025201_4	3300025201_4	Bacteria	Unknown		unsupervised	IMG/JGI	Restricted	Requires institutional IMG/JGI access
3300010262_20	3300010262_20	Bacteria	Unknown		unsupervised	IMG/JGI	Restricted	Requires institutional IMG/JGI access
3300021561_29	3300021561_29	Bacteria	Unknown		unsupervised	IMG/JGI	Restricted	Requires institutional IMG/JGI access
3300011153_2	3300011153_2	Bacteria	Unknown		unsupervised	IMG/JGI	Restricted	Requires institutional IMG/JGI access
3300027968_22	3300027968_22	Bacteria	Unknown		unsupervised	IMG/JGI	Restricted	Requires institutional IMG/JGI access
3300025266_10	3300025266_10	Bacteria	Unknown		unsupervised	IMG/JGI	Restricted	Requires institutional IMG/JGI access
3300028073_7	3300028073_7	Bacteria	Unknown		unsupervised	IMG/JGI	Restricted	Requires institutional IMG/JGI access
3300028269_1	3300028269_1	Bacteria	Unknown		unsupervised	IMG/JGI	Restricted	Requires institutional IMG/JGI access
3300008060_3	3300008060_3	Bacteria	Unknown		unsupervised	IMG/JGI	Restricted	Requires institutional IMG/JGI access
3300029329_15	3300029329_15	Bacteria	Unknown		unsupervised	IMG/JGI	Restricted	Requires institutional IMG/JGI access
3300003093_1	3300003093_1	Bacteria	Unknown		unsupervised	IMG/JGI	Restricted	Requires institutional IMG/JGI access
3300029435_11	3300029435_11	Bacteria	Unknown		unsupervised	IMG/JGI	Restricted	Requires institutional IMG/JGI access
3300025477_17	3300025477_17	Bacteria	Unknown		unsupervised	IMG/JGI	Restricted	Requires institutional IMG/JGI access
3300029860_14	3300029860_14	Bacteria	Unknown		unsupervised	IMG/JGI	Restricted	Requires institutional IMG/JGI access
3300005326_28	3300005326_28	Bacteria	Unknown		unsupervised	IMG/JGI	Restricted	Requires institutional IMG/JGI access
3300020109_82	3300020109_82	Bacteria	Unknown		unsupervised	IMG/JGI	Restricted	Requires institutional IMG/JGI access
3300025913_28	3300025913_28	Bacteria	Unknown		unsupervised	IMG/JGI	Restricted	Requires institutional IMG/JGI access
3300014826_10	3300014826_10	Bacteria	Unknown		unsupervised	IMG/JGI	Restricted	Requires institutional IMG/JGI access
3300012848_3	3300012848_3	Bacteria	Unknown		unsupervised	IMG/JGI	Restricted	Requires institutional IMG/JGI access
3300029488_22	3300029488_22	Bacteria	Unknown		unsupervised	IMG/JGI	Restricted	Requires institutional IMG/JGI access
3300018430_71	3300018430_71	Bacteria	Unknown		unsupervised	IMG/JGI	Restricted	Requires institutional IMG/JGI access
3300020204_41	3300020204_41	Bacteria	Unknown		unsupervised	IMG/JGI	Restricted	Requires institutional IMG/JGI access
3300007802_10	3300007802_10	Bacteria	Unknown		unsupervised	IMG/JGI	Restricted	Requires institutional IMG/JGI access
3300010275_23	3300010275_23	Bacteria	Unknown		unsupervised	IMG/JGI	Restricted	Requires institutional IMG/JGI access
3300029714_6	3300029714_6	Bacteria	Unknown		unsupervised	IMG/JGI	Restricted	Requires institutional IMG/JGI access
3300025682_58	3300025682_58	Bacteria	Unknown		unsupervised	IMG/JGI	Restricted	Requires institutional IMG/JGI access
3300002092_7	3300002092_7	Bacteria	Unknown		unsupervised	IMG/JGI	Restricted	Requires institutional IMG/JGI access
3300029708_19	3300029708_19	Bacteria	Unknown		unsupervised	IMG/JGI	Restricted	Requires institutional IMG/JGI access
3300021444_5	3300021444_5	Bacteria	Unknown		unsupervised	IMG/JGI	Restricted	Requires institutional IMG/JGI access
3300029748_24	3300029748_24	Bacteria	Unknown		unsupervised	IMG/JGI	Restricted	Requires institutional IMG/JGI access
3300029777_11	3300029777_11	Bacteria	Unknown		unsupervised	IMG/JGI	Restricted	Requires institutional IMG/JGI access
3300024954_3	3300024954_3	Bacteria	Unknown		unsupervised	IMG/JGI	Restricted	Requires institutional IMG/JGI access
3300022661_64	3300022661_64	Bacteria	Unknown		unsupervised	IMG/JGI	Restricted	Requires institutional IMG/JGI access
3300005286_51	3300005286_51	Bacteria	Unknown		unsupervised	IMG/JGI	Restricted	Requires institutional IMG/JGI access
3300012842_1	3300012842_1	Bacteria	Unknown		unsupervised	IMG/JGI	Restricted	Requires institutional IMG/JGI access
3300025809_42	3300025809_42	Bacteria	Unknown		unsupervised	IMG/JGI	Restricted	Requires institutional IMG/JGI access
3300014808_9	3300014808_9	Bacteria	Unknown		unsupervised	IMG/JGI	Restricted	Requires institutional IMG/JGI access
3300020478_31	3300020478_31	Bacteria	Unknown		unsupervised	IMG/JGI	Restricted	Requires institutional IMG/JGI access
3300029546_11	3300029546_11	Bacteria	Unknown		unsupervised	IMG/JGI	Restricted	Requires institutional IMG/JGI access
3300029527_2	3300029527_2	Bacteria	Unknown		unsupervised	IMG/JGI	Restricted	Requires institutional IMG/JGI access
3300027863_179	3300027863_179	Bacteria	Unknown		unsupervised	IMG/JGI	Restricted	Requires institutional IMG/JGI access
3300022862_6	3300022862_6	Bacteria	Unknown		unsupervised	IMG/JGI	Restricted	Requires institutional IMG/JGI access
3300029241_10	3300029241_10	Bacteria	Unknown		unsupervised	IMG/JGI	Restricted	Requires institutional IMG/JGI access
3300027566_13	3300027566_13	Bacteria	Unknown		unsupervised	IMG/JGI	Restricted	Requires institutional IMG/JGI access
3300013982_1	3300013982_1	Bacteria	Unknown		unsupervised	IMG/JGI	Restricted	Requires institutional IMG/JGI access
3300029707_29	3300029707_29	Bacteria	Unknown		unsupervised	IMG/JGI	Restricted	Requires institutional IMG/JGI access
3300029399_10	3300029399_10	Bacteria	Unknown		unsupervised	IMG/JGI	Restricted	Requires institutional IMG/JGI access
3300029339_9	3300029339_9	Bacteria	Unknown		unsupervised	IMG/JGI	Restricted	Requires institutional IMG/JGI access
3300029906_27	3300029906_27	Bacteria	Unknown		unsupervised	IMG/JGI	Restricted	Requires institutional IMG/JGI access
3300011907_5	3300011907_5	Bacteria	Unknown		unsupervised	IMG/JGI	Restricted	Requires institutional IMG/JGI access
3300005529_129	3300005529_129	Bacteria	Unknown		unsupervised	IMG/JGI	Restricted	Requires institutional IMG/JGI access
3300029295_14	3300029295_14	Bacteria	Unknown		unsupervised	IMG/JGI	Restricted	Requires institutional IMG/JGI access
3300005964_7	3300005964_7	Bacteria	Unknown		unsupervised	IMG/JGI	Restricted	Requires institutional IMG/JGI access
3300029749_7	3300029749_7	Bacteria	Unknown		unsupervised	IMG/JGI	Restricted	Requires institutional IMG/JGI access
3300029099_6	3300029099_6	Bacteria	Unknown		unsupervised	IMG/JGI	Restricted	Requires institutional IMG/JGI access
3300027980_14	3300027980_14	Bacteria	Unknown		unsupervised	IMG/JGI	Restricted	Requires institutional IMG/JGI access
3300029720_41	3300029720_41	Bacteria	Unknown		unsupervised	IMG/JGI	Restricted	Requires institutional IMG/JGI access
3300029570_26	3300029570_26	Bacteria	Unknown		unsupervised	IMG/JGI	Restricted	Requires institutional IMG/JGI access
3300024038_7	3300024038_7	Bacteria	Unknown		unsupervised	IMG/JGI	Restricted	Requires institutional IMG/JGI access
3300009772_7	3300009772_7	Bacteria	Unknown		unsupervised	IMG/JGI	Restricted	Requires institutional IMG/JGI access
3300029343_24	3300029343_24	Bacteria	Unknown		unsupervised	IMG/JGI	Restricted	Requires institutional IMG/JGI access
3300011359_1	3300011359_1	Bacteria	Unknown		unsupervised	IMG/JGI	Restricted	Requires institutional IMG/JGI access
3300012824_13	3300012824_13	Bacteria	Unknown		unsupervised	IMG/JGI	Restricted	Requires institutional IMG/JGI access
3300008717_10	3300008717_10	Bacteria	Unknown		unsupervised	IMG/JGI	Restricted	Requires institutional IMG/JGI access
3300014573_6	3300014573_6	Bacteria	Unknown		unsupervised	IMG/JGI	Restricted	Requires institutional IMG/JGI access
3300027532_14	3300027532_14	Bacteria	Unknown		unsupervised	IMG/JGI	Restricted	Requires institutional IMG/JGI access
3300025762_43	3300025762_43	Bacteria	Unknown		unsupervised	IMG/JGI	Restricted	Requires institutional IMG/JGI access
3300012067_2	3300012067_2	Bacteria	Unknown		unsupervised	IMG/JGI	Restricted	Requires institutional IMG/JGI access
3300025809_51	3300025809_51	Bacteria	Unknown		unsupervised	IMG/JGI	Restricted	Requires institutional IMG/JGI access
3300029076_3	3300029076_3	Bacteria	Unknown		unsupervised	IMG/JGI	Restricted	Requires institutional IMG/JGI access
3300013855_2	3300013855_2	Bacteria	Unknown		unsupervised	IMG/JGI	Restricted	Requires institutional IMG/JGI access
3300017444_52	3300017444_52	Bacteria	Unknown		unsupervised	IMG/JGI	Restricted	Requires institutional IMG/JGI access
3300029338_13	3300029338_13	Bacteria	Unknown		unsupervised	IMG/JGI	Restricted	Requires institutional IMG/JGI access
3300005669_3	3300005669_3	Bacteria	Unknown		unsupervised	IMG/JGI	Restricted	Requires institutional IMG/JGI access
3300007705_8	3300007705_8	Bacteria	Unknown		unsupervised	IMG/JGI	Restricted	Requires institutional IMG/JGI access
3300009770_32	3300009770_32	Bacteria	Unknown		unsupervised	IMG/JGI	Restricted	Requires institutional IMG/JGI access
3300026970_4	3300026970_4	Bacteria	Unknown		unsupervised	IMG/JGI	Restricted	Requires institutional IMG/JGI access
3300012853_7	3300012853_7	Bacteria	Unknown		unsupervised	IMG/JGI	Restricted	Requires institutional IMG/JGI access
3300010162_26	3300010162_26	Bacteria	Unknown		unsupervised	IMG/JGI	Restricted	Requires institutional IMG/JGI access
3300027592_10	3300027592_10	Bacteria	Unknown		unsupervised	IMG/JGI	Restricted	Requires institutional IMG/JGI access
3300026194_21	3300026194_21	Bacteria	Unknown		unsupervised	IMG/JGI	Restricted	Requires institutional IMG/JGI access
3300029197_7	3300029197_7	Bacteria	Unknown		unsupervised	IMG/JGI	Restricted	Requires institutional IMG/JGI access
3300011892_6	3300011892_6	Bacteria	Unknown		unsupervised	IMG/JGI	Restricted	Requires institutional IMG/JGI access
3300029433_13	3300029433_13	Bacteria	Unknown		unsupervised	IMG/JGI	Restricted	Requires institutional IMG/JGI access
3300008547_8	3300008547_8	Bacteria	Unknown		unsupervised	IMG/JGI	Restricted	Requires institutional IMG/JGI access
3300029247_19	3300029247_19	Bacteria	Unknown		unsupervised	IMG/JGI	Restricted	Requires institutional IMG/JGI access
3300026263_16	3300026263_16	Bacteria	Unknown		unsupervised	IMG/JGI	Restricted	Requires institutional IMG/JGI access
3300029563_9	3300029563_9	Bacteria	Unknown		unsupervised	IMG/JGI	Restricted	Requires institutional IMG/JGI access
3300021319_36	3300021319_36	Bacteria	Unknown		unsupervised	IMG/JGI	Restricted	Requires institutional IMG/JGI access
3300012821_4	3300012821_4	Bacteria	Unknown		unsupervised	IMG/JGI	Restricted	Requires institutional IMG/JGI access
3300029532_9	3300029532_9	Bacteria	Unknown		unsupervised	IMG/JGI	Restricted	Requires institutional IMG/JGI access
3300027796_41	3300027796_41	Bacteria	Unknown		unsupervised	IMG/JGI	Restricted	Requires institutional IMG/JGI access
3300021843_36	3300021843_36	Bacteria	Unknown		unsupervised	IMG/JGI	Restricted	Requires institutional IMG/JGI access
3300021387_133	3300021387_133	Bacteria	Unknown		unsupervised	IMG/JGI	Restricted	Requires institutional IMG/JGI access
3300011900_2	3300011900_2	Bacteria	Unknown		unsupervised	IMG/JGI	Restricted	Requires institutional IMG/JGI access
3300029375_12	3300029375_12	Bacteria	Unknown		unsupervised	IMG/JGI	Restricted	Requires institutional IMG/JGI access
3300011213_7	3300011213_7	Bacteria	Unknown		unsupervised	IMG/JGI	Restricted	Requires institutional IMG/JGI access
3300011736_4	3300011736_4	Bacteria	Unknown		unsupervised	IMG/JGI	Restricted	Requires institutional IMG/JGI access
3300029621_15	3300029621_15	Bacteria	Unknown		unsupervised	IMG/JGI	Restricted	Requires institutional IMG/JGI access
3300026194_22	3300026194_22	Bacteria	Unknown		unsupervised	IMG/JGI	Restricted	Requires institutional IMG/JGI access
3300020183_29	3300020183_29	Bacteria	Unknown		unsupervised	IMG/JGI	Restricted	Requires institutional IMG/JGI access
3300014963_40	3300014963_40	Bacteria	Unknown		unsupervised	IMG/JGI	Restricted	Requires institutional IMG/JGI access
3300025740_7	3300025740_7	Bacteria	Unknown		unsupervised	IMG/JGI	Restricted	Requires institutional IMG/JGI access
3300022661_88	3300022661_88	Bacteria	Unknown		unsupervised	IMG/JGI	Restricted	Requires institutional IMG/JGI access
3300014964_35	3300014964_35	Bacteria	Unknown		unsupervised	IMG/JGI	Restricted	Requires institutional IMG/JGI access
3300026267_9	3300026267_9	Bacteria	Unknown		unsupervised	IMG/JGI	Restricted	Requires institutional IMG/JGI access
3300007500_16	3300007500_16	Bacteria	Unknown		unsupervised	IMG/JGI	Restricted	Requires institutional IMG/JGI access
3300001096_15	3300001096_15	Bacteria	Unknown		unsupervised	IMG/JGI	Restricted	Requires institutional IMG/JGI access
3300012853_4	3300012853_4	Bacteria	Unknown		unsupervised	IMG/JGI	Restricted	Requires institutional IMG/JGI access
3300011603_1	3300011603_1	Bacteria	Unknown		unsupervised	IMG/JGI	Restricted	Requires institutional IMG/JGI access
3300008101_26	3300008101_26	Bacteria	Unknown		unsupervised	IMG/JGI	Restricted	Requires institutional IMG/JGI access
3300029552_5	3300029552_5	Bacteria	Unknown		unsupervised	IMG/JGI	Restricted	Requires institutional IMG/JGI access
3300006215_1	3300006215_1	Bacteria	Unknown		unsupervised	IMG/JGI	Restricted	Requires institutional IMG/JGI access
3300014675_4	3300014675_4	Bacteria	Unknown		unsupervised	IMG/JGI	Restricted	Requires institutional IMG/JGI access
3300008134_16	3300008134_16	Bacteria	Unknown		unsupervised	IMG/JGI	Restricted	Requires institutional IMG/JGI access
3300029352_9	3300029352_9	Bacteria	Unknown		unsupervised	IMG/JGI	Restricted	Requires institutional IMG/JGI access
3300029589_39	3300029589_39	Bacteria	Unknown		unsupervised	IMG/JGI	Restricted	Requires institutional IMG/JGI access
3300026290_3	3300026290_3	Bacteria	Unknown		unsupervised	IMG/JGI	Restricted	Requires institutional IMG/JGI access
3300029694_19	3300029694_19	Bacteria	Unknown		unsupervised	IMG/JGI	Restricted	Requires institutional IMG/JGI access
Abies	Abies	Eukaryota	Unknown		unsupervised	Ensembl/Other	Unknown	Named organism, source unclear
3300008272_10	3300008272_10	Bacteria	Unknown		unsupervised	IMG/JGI	Restricted	Requires institutional IMG/JGI access
3300029608_17	3300029608_17	Bacteria	Unknown		unsupervised	IMG/JGI	Restricted	Requires institutional IMG/JGI access
3300006302_7	3300006302_7	Bacteria	Unknown		unsupervised	IMG/JGI	Restricted	Requires institutional IMG/JGI access
3300002168_49	3300002168_49	Bacteria	Unknown		unsupervised	IMG/JGI	Restricted	Requires institutional IMG/JGI access
3300011604_3	3300011604_3	Bacteria	Unknown		unsupervised	IMG/JGI	Restricted	Requires institutional IMG/JGI access
3300029082_9	3300029082_9	Bacteria	Unknown		unsupervised	IMG/JGI	Restricted	Requires institutional IMG/JGI access
3300025094_18	3300025094_18	Bacteria	Unknown		unsupervised	IMG/JGI	Restricted	Requires institutional IMG/JGI access
3300021318_33	3300021318_33	Bacteria	Unknown		unsupervised	IMG/JGI	Restricted	Requires institutional IMG/JGI access
3300029303_20	3300029303_20	Bacteria	Unknown		unsupervised	IMG/JGI	Restricted	Requires institutional IMG/JGI access
3300029316_16	3300029316_16	Bacteria	Unknown		unsupervised	IMG/JGI	Restricted	Requires institutional IMG/JGI access
3300014970_9	3300014970_9	Bacteria	Unknown		unsupervised	IMG/JGI	Restricted	Requires institutional IMG/JGI access
3300006459_12	3300006459_12	Bacteria	Unknown		unsupervised	IMG/JGI	Restricted	Requires institutional IMG/JGI access
3300029117_16	3300029117_16	Bacteria	Unknown		unsupervised	IMG/JGI	Restricted	Requires institutional IMG/JGI access
3300027276_11	3300027276_11	Bacteria	Unknown		unsupervised	IMG/JGI	Restricted	Requires institutional IMG/JGI access
3300029328_16	3300029328_16	Bacteria	Unknown		unsupervised	IMG/JGI	Restricted	Requires institutional IMG/JGI access
3300027832_48	3300027832_48	Bacteria	Unknown		unsupervised	IMG/JGI	Restricted	Requires institutional IMG/JGI access
3300027810_7	3300027810_7	Bacteria	Unknown		unsupervised	IMG/JGI	Restricted	Requires institutional IMG/JGI access
3300029784_23	3300029784_23	Bacteria	Unknown		unsupervised	IMG/JGI	Restricted	Requires institutional IMG/JGI access
3300011002_21	3300011002_21	Bacteria	Unknown		unsupervised	IMG/JGI	Restricted	Requires institutional IMG/JGI access
3300024356_4	3300024356_4	Bacteria	Unknown		unsupervised	IMG/JGI	Restricted	Requires institutional IMG/JGI access
3300029376_23	3300029376_23	Bacteria	Unknown		unsupervised	IMG/JGI	Restricted	Requires institutional IMG/JGI access
3300029245_27	3300029245_27	Bacteria	Unknown		unsupervised	IMG/JGI	Restricted	Requires institutional IMG/JGI access
3300029057_12	3300029057_12	Bacteria	Unknown		unsupervised	IMG/JGI	Restricted	Requires institutional IMG/JGI access
3300029716_30	3300029716_30	Bacteria	Unknown		unsupervised	IMG/JGI	Restricted	Requires institutional IMG/JGI access
3300011667_3	3300011667_3	Bacteria	Unknown		unsupervised	IMG/JGI	Restricted	Requires institutional IMG/JGI access
3300011492_1	3300011492_1	Bacteria	Unknown		unsupervised	IMG/JGI	Restricted	Requires institutional IMG/JGI access
3300008144_19	3300008144_19	Bacteria	Unknown		unsupervised	IMG/JGI	Restricted	Requires institutional IMG/JGI access
3300011950_5	3300011950_5	Bacteria	Unknown		unsupervised	IMG/JGI	Restricted	Requires institutional IMG/JGI access
3300007519_62	3300007519_62	Bacteria	Unknown		unsupervised	IMG/JGI	Restricted	Requires institutional IMG/JGI access
3300029587_13	3300029587_13	Bacteria	Unknown		unsupervised	IMG/JGI	Restricted	Requires institutional IMG/JGI access
3300027323_30	3300027323_30	Bacteria	Unknown		unsupervised	IMG/JGI	Restricted	Requires institutional IMG/JGI access
3300025231_11	3300025231_11	Bacteria	Unknown		unsupervised	IMG/JGI	Restricted	Requires institutional IMG/JGI access
3300008486_37	3300008486_37	Bacteria	Unknown		unsupervised	IMG/JGI	Restricted	Requires institutional IMG/JGI access
3300027607_43	3300027607_43	Bacteria	Unknown		unsupervised	IMG/JGI	Restricted	Requires institutional IMG/JGI access
3300029661_23	3300029661_23	Bacteria	Unknown		unsupervised	IMG/JGI	Restricted	Requires institutional IMG/JGI access
3300013353_4	3300013353_4	Bacteria	Unknown		unsupervised	IMG/JGI	Restricted	Requires institutional IMG/JGI access
3300011210_2	3300011210_2	Bacteria	Unknown		unsupervised	IMG/JGI	Restricted	Requires institutional IMG/JGI access
3300007067_6	3300007067_6	Bacteria	Unknown		unsupervised	IMG/JGI	Restricted	Requires institutional IMG/JGI access
3300027819_108	3300027819_108	Bacteria	Unknown		unsupervised	IMG/JGI	Restricted	Requires institutional IMG/JGI access
3300029758_19	3300029758_19	Bacteria	Unknown		unsupervised	IMG/JGI	Restricted	Requires institutional IMG/JGI access
3300025229_4	3300025229_4	Bacteria	Unknown		unsupervised	IMG/JGI	Restricted	Requires institutional IMG/JGI access
3300014553_4	3300014553_4	Bacteria	Unknown		unsupervised	IMG/JGI	Restricted	Requires institutional IMG/JGI access
3300012833_4	3300012833_4	Bacteria	Unknown		unsupervised	IMG/JGI	Restricted	Requires institutional IMG/JGI access
3300025161_66	3300025161_66	Bacteria	Unknown		unsupervised	IMG/JGI	Restricted	Requires institutional IMG/JGI access
3300008155_7	3300008155_7	Bacteria	Unknown		unsupervised	IMG/JGI	Restricted	Requires institutional IMG/JGI access
3300026287_17	3300026287_17	Bacteria	Unknown		unsupervised	IMG/JGI	Restricted	Requires institutional IMG/JGI access
3300029763_16	3300029763_16	Bacteria	Unknown		unsupervised	IMG/JGI	Restricted	Requires institutional IMG/JGI access
3300029120_25	3300029120_25	Bacteria	Unknown		unsupervised	IMG/JGI	Restricted	Requires institutional IMG/JGI access
3300025093_10	3300025093_10	Bacteria	Unknown		unsupervised	IMG/JGI	Restricted	Requires institutional IMG/JGI access
3300007793_18	3300007793_18	Bacteria	Unknown		unsupervised	IMG/JGI	Restricted	Requires institutional IMG/JGI access
3300029395_16	3300029395_16	Bacteria	Unknown		unsupervised	IMG/JGI	Restricted	Requires institutional IMG/JGI access
3300028047_19	3300028047_19	Bacteria	Unknown		unsupervised	IMG/JGI	Restricted	Requires institutional IMG/JGI access
3300020726_3	3300020726_3	Bacteria	Unknown		unsupervised	IMG/JGI	Restricted	Requires institutional IMG/JGI access
3300011807_4	3300011807_4	Bacteria	Unknown		unsupervised	IMG/JGI	Restricted	Requires institutional IMG/JGI access
3300027773_19	3300027773_19	Bacteria	Unknown		unsupervised	IMG/JGI	Restricted	Requires institutional IMG/JGI access
3300022912_28	3300022912_28	Bacteria	Unknown		unsupervised	IMG/JGI	Restricted	Requires institutional IMG/JGI access
3300011593_2	3300011593_2	Bacteria	Unknown		unsupervised	IMG/JGI	Restricted	Requires institutional IMG/JGI access
3300011783_5	3300011783_5	Bacteria	Unknown		unsupervised	IMG/JGI	Restricted	Requires institutional IMG/JGI access
3300025847_45	3300025847_45	Bacteria	Unknown		unsupervised	IMG/JGI	Restricted	Requires institutional IMG/JGI access
3300029633_5	3300029633_5	Bacteria	Unknown		unsupervised	IMG/JGI	Restricted	Requires institutional IMG/JGI access
3300020383_8	3300020383_8	Bacteria	Unknown		unsupervised	IMG/JGI	Restricted	Requires institutional IMG/JGI access
3300012648_3	3300012648_3	Bacteria	Unknown		unsupervised	IMG/JGI	Restricted	Requires institutional IMG/JGI access
3300008680_22	3300008680_22	Bacteria	Unknown		unsupervised	IMG/JGI	Restricted	Requires institutional IMG/JGI access
3300008728_37	3300008728_37	Bacteria	Unknown		unsupervised	IMG/JGI	Restricted	Requires institutional IMG/JGI access
3300025296_53	3300025296_53	Bacteria	Unknown		unsupervised	IMG/JGI	Restricted	Requires institutional IMG/JGI access
3300011985_20	3300011985_20	Bacteria	Unknown		unsupervised	IMG/JGI	Restricted	Requires institutional IMG/JGI access
3300006321_26	3300006321_26	Bacteria	Unknown		unsupervised	IMG/JGI	Restricted	Requires institutional IMG/JGI access
3300027733_7	3300027733_7	Bacteria	Unknown		unsupervised	IMG/JGI	Restricted	Requires institutional IMG/JGI access
3300019775_6	3300019775_6	Bacteria	Unknown		unsupervised	IMG/JGI	Restricted	Requires institutional IMG/JGI access
3300027607_10	3300027607_10	Bacteria	Unknown		unsupervised	IMG/JGI	Restricted	Requires institutional IMG/JGI access
3300009393_13	3300009393_13	Bacteria	Unknown		unsupervised	IMG/JGI	Restricted	Requires institutional IMG/JGI access
3300018475_131	3300018475_131	Bacteria	Unknown		unsupervised	IMG/JGI	Restricted	Requires institutional IMG/JGI access
3300029245_22	3300029245_22	Bacteria	Unknown		unsupervised	IMG/JGI	Restricted	Requires institutional IMG/JGI access
3300005460_47	3300005460_47	Bacteria	Unknown		unsupervised	IMG/JGI	Restricted	Requires institutional IMG/JGI access
3300006292_33	3300006292_33	Bacteria	Unknown		unsupervised	IMG/JGI	Restricted	Requires institutional IMG/JGI access
3300012842_15	3300012842_15	Bacteria	Unknown		unsupervised	IMG/JGI	Restricted	Requires institutional IMG/JGI access
3300026863_14	3300026863_14	Bacteria	Unknown		unsupervised	IMG/JGI	Restricted	Requires institutional IMG/JGI access
3300014815_19	3300014815_19	Bacteria	Unknown		unsupervised	IMG/JGI	Restricted	Requires institutional IMG/JGI access
3300012834_7	3300012834_7	Bacteria	Unknown		unsupervised	IMG/JGI	Restricted	Requires institutional IMG/JGI access
3300008520_21	3300008520_21	Bacteria	Unknown		unsupervised	IMG/JGI	Restricted	Requires institutional IMG/JGI access
3300011513_4	3300011513_4	Bacteria	Unknown		unsupervised	IMG/JGI	Restricted	Requires institutional IMG/JGI access
3300027491_8	3300027491_8	Bacteria	Unknown		unsupervised	IMG/JGI	Restricted	Requires institutional IMG/JGI access
3300005286_31	3300005286_31	Bacteria	Unknown		unsupervised	IMG/JGI	Restricted	Requires institutional IMG/JGI access
3300010263_10	3300010263_10	Bacteria	Unknown		unsupervised	IMG/JGI	Restricted	Requires institutional IMG/JGI access
3300017540_18	3300017540_18	Bacteria	Unknown		unsupervised	IMG/JGI	Restricted	Requires institutional IMG/JGI access
3300018878_161	3300018878_161	Bacteria	Unknown		unsupervised	IMG/JGI	Restricted	Requires institutional IMG/JGI access
3300021091_56	3300021091_56	Bacteria	Unknown		unsupervised	IMG/JGI	Restricted	Requires institutional IMG/JGI access
3300017518_41	3300017518_41	Bacteria	Unknown		unsupervised	IMG/JGI	Restricted	Requires institutional IMG/JGI access
3300011761_2	3300011761_2	Bacteria	Unknown		unsupervised	IMG/JGI	Restricted	Requires institutional IMG/JGI access
3300017650_9	3300017650_9	Bacteria	Unknown		unsupervised	IMG/JGI	Restricted	Requires institutional IMG/JGI access
3300029703_29	3300029703_29	Bacteria	Unknown		unsupervised	IMG/JGI	Restricted	Requires institutional IMG/JGI access
3300025292_12	3300025292_12	Bacteria	Unknown		unsupervised	IMG/JGI	Restricted	Requires institutional IMG/JGI access
3300029386_10	3300029386_10	Bacteria	Unknown		unsupervised	IMG/JGI	Restricted	Requires institutional IMG/JGI access
3300029815_24	3300029815_24	Bacteria	Unknown		unsupervised	IMG/JGI	Restricted	Requires institutional IMG/JGI access
3300028067_2	3300028067_2	Bacteria	Unknown		unsupervised	IMG/JGI	Restricted	Requires institutional IMG/JGI access
3300021338_8	3300021338_8	Bacteria	Unknown		unsupervised	IMG/JGI	Restricted	Requires institutional IMG/JGI access
3300008360_21	3300008360_21	Bacteria	Unknown		unsupervised	IMG/JGI	Restricted	Requires institutional IMG/JGI access
3300017646_14	3300017646_14	Bacteria	Unknown		unsupervised	IMG/JGI	Restricted	Requires institutional IMG/JGI access
3300010263_8	3300010263_8	Bacteria	Unknown		unsupervised	IMG/JGI	Restricted	Requires institutional IMG/JGI access
3300008404_5	3300008404_5	Bacteria	Unknown		unsupervised	IMG/JGI	Restricted	Requires institutional IMG/JGI access
3300025665_34	3300025665_34	Bacteria	Unknown		unsupervised	IMG/JGI	Restricted	Requires institutional IMG/JGI access
3300022753_118	3300022753_118	Bacteria	Unknown		unsupervised	IMG/JGI	Restricted	Requires institutional IMG/JGI access
3300028083_2	3300028083_2	Bacteria	Unknown		unsupervised	IMG/JGI	Restricted	Requires institutional IMG/JGI access
3300027566_83	3300027566_83	Bacteria	Unknown		unsupervised	IMG/JGI	Restricted	Requires institutional IMG/JGI access
3300029589_37	3300029589_37	Bacteria	Unknown		unsupervised	IMG/JGI	Restricted	Requires institutional IMG/JGI access
3300027773_56	3300027773_56	Bacteria	Unknown		unsupervised	IMG/JGI	Restricted	Requires institutional IMG/JGI access
3300027848_58	3300027848_58	Bacteria	Unknown		unsupervised	IMG/JGI	Restricted	Requires institutional IMG/JGI access
3300000032_19	3300000032_19	Bacteria	Unknown		unsupervised	IMG/JGI	Restricted	Requires institutional IMG/JGI access
3300029441_10	3300029441_10	Bacteria	Unknown		unsupervised	IMG/JGI	Restricted	Requires institutional IMG/JGI access
3300029583_14	3300029583_14	Bacteria	Unknown		unsupervised	IMG/JGI	Restricted	Requires institutional IMG/JGI access
3300012816_4	3300012816_4	Bacteria	Unknown		unsupervised	IMG/JGI	Restricted	Requires institutional IMG/JGI access
3300025498_18	3300025498_18	Bacteria	Unknown		unsupervised	IMG/JGI	Restricted	Requires institutional IMG/JGI access
3300027980_40	3300027980_40	Bacteria	Unknown		unsupervised	IMG/JGI	Restricted	Requires institutional IMG/JGI access
3300029848_17	3300029848_17	Bacteria	Unknown		unsupervised	IMG/JGI	Restricted	Requires institutional IMG/JGI access
3300001567_19	3300001567_19	Bacteria	Unknown		unsupervised	IMG/JGI	Restricted	Requires institutional IMG/JGI access
3300007299_21	3300007299_21	Bacteria	Unknown		unsupervised	IMG/JGI	Restricted	Requires institutional IMG/JGI access
3300018415_20	3300018415_20	Bacteria	Unknown		unsupervised	IMG/JGI	Restricted	Requires institutional IMG/JGI access
3300029368_14	3300029368_14	Bacteria	Unknown		unsupervised	IMG/JGI	Restricted	Requires institutional IMG/JGI access
3300025611_5	3300025611_5	Bacteria	Unknown		unsupervised	IMG/JGI	Restricted	Requires institutional IMG/JGI access
3300025613_6	3300025613_6	Bacteria	Unknown		unsupervised	IMG/JGI	Restricted	Requires institutional IMG/JGI access
3300029137_5	3300029137_5	Bacteria	Unknown		unsupervised	IMG/JGI	Restricted	Requires institutional IMG/JGI access
3300027276_4	3300027276_4	Bacteria	Unknown		unsupervised	IMG/JGI	Restricted	Requires institutional IMG/JGI access
3300014938_6	3300014938_6	Bacteria	Unknown		unsupervised	IMG/JGI	Restricted	Requires institutional IMG/JGI access
3300029634_7	3300029634_7	Bacteria	Unknown		unsupervised	IMG/JGI	Restricted	Requires institutional IMG/JGI access
3300025478_15	3300025478_15	Bacteria	Unknown		unsupervised	IMG/JGI	Restricted	Requires institutional IMG/JGI access
3300025851_28	3300025851_28	Bacteria	Unknown		unsupervised	IMG/JGI	Restricted	Requires institutional IMG/JGI access
3300025471_27	3300025471_27	Bacteria	Unknown		unsupervised	IMG/JGI	Restricted	Requires institutional IMG/JGI access
3300025248_7	3300025248_7	Bacteria	Unknown		unsupervised	IMG/JGI	Restricted	Requires institutional IMG/JGI access
3300014593_1	3300014593_1	Bacteria	Unknown		unsupervised	IMG/JGI	Restricted	Requires institutional IMG/JGI access
3300014790_6	3300014790_6	Bacteria	Unknown		unsupervised	IMG/JGI	Restricted	Requires institutional IMG/JGI access
3300029774_18	3300029774_18	Bacteria	Unknown		unsupervised	IMG/JGI	Restricted	Requires institutional IMG/JGI access
3300020074_60	3300020074_60	Bacteria	Unknown		unsupervised	IMG/JGI	Restricted	Requires institutional IMG/JGI access
3300027283_33	3300027283_33	Bacteria	Unknown		unsupervised	IMG/JGI	Restricted	Requires institutional IMG/JGI access
3300025236_15	3300025236_15	Bacteria	Unknown		unsupervised	IMG/JGI	Restricted	Requires institutional IMG/JGI access
3300029653_6	3300029653_6	Bacteria	Unknown		unsupervised	IMG/JGI	Restricted	Requires institutional IMG/JGI access
3300021387_97	3300021387_97	Bacteria	Unknown		unsupervised	IMG/JGI	Restricted	Requires institutional IMG/JGI access
3300007966_29	3300007966_29	Bacteria	Unknown		unsupervised	IMG/JGI	Restricted	Requires institutional IMG/JGI access
3300029593_16	3300029593_16	Bacteria	Unknown		unsupervised	IMG/JGI	Restricted	Requires institutional IMG/JGI access
3300008272_24	3300008272_24	Bacteria	Unknown		unsupervised	IMG/JGI	Restricted	Requires institutional IMG/JGI access
3300009772_26	3300009772_26	Bacteria	Unknown		unsupervised	IMG/JGI	Restricted	Requires institutional IMG/JGI access
3300029621_35	3300029621_35	Bacteria	Unknown		unsupervised	IMG/JGI	Restricted	Requires institutional IMG/JGI access
3300029843_11	3300029843_11	Bacteria	Unknown		unsupervised	IMG/JGI	Restricted	Requires institutional IMG/JGI access
3300029046_7	3300029046_7	Bacteria	Unknown		unsupervised	IMG/JGI	Restricted	Requires institutional IMG/JGI access
3300029532_3	3300029532_3	Bacteria	Unknown		unsupervised	IMG/JGI	Restricted	Requires institutional IMG/JGI access
3300010259_13	3300010259_13	Bacteria	Unknown		unsupervised	IMG/JGI	Restricted	Requires institutional IMG/JGI access
3300029097_4	3300029097_4	Bacteria	Unknown		unsupervised	IMG/JGI	Restricted	Requires institutional IMG/JGI access
3300008330_4	3300008330_4	Bacteria	Unknown		unsupervised	IMG/JGI	Restricted	Requires institutional IMG/JGI access
3300029717_40	3300029717_40	Bacteria	Unknown		unsupervised	IMG/JGI	Restricted	Requires institutional IMG/JGI access
3300029038_5	3300029038_5	Bacteria	Unknown		unsupervised	IMG/JGI	Restricted	Requires institutional IMG/JGI access
3300025740_4	3300025740_4	Bacteria	Unknown		unsupervised	IMG/JGI	Restricted	Requires institutional IMG/JGI access
3300013296_23	3300013296_23	Bacteria	Unknown		unsupervised	IMG/JGI	Restricted	Requires institutional IMG/JGI access
3300025706_29	3300025706_29	Bacteria	Unknown		unsupervised	IMG/JGI	Restricted	Requires institutional IMG/JGI access
3300011869_4	3300011869_4	Bacteria	Unknown		unsupervised	IMG/JGI	Restricted	Requires institutional IMG/JGI access
3300029513_15	3300029513_15	Bacteria	Unknown		unsupervised	IMG/JGI	Restricted	Requires institutional IMG/JGI access
3300020083_52	3300020083_52	Bacteria	Unknown		unsupervised	IMG/JGI	Restricted	Requires institutional IMG/JGI access
3300029610_39	3300029610_39	Bacteria	Unknown		unsupervised	IMG/JGI	Restricted	Requires institutional IMG/JGI access
3300029582_21	3300029582_21	Bacteria	Unknown		unsupervised	IMG/JGI	Restricted	Requires institutional IMG/JGI access
3300006502_12	3300006502_12	Bacteria	Unknown		unsupervised	IMG/JGI	Restricted	Requires institutional IMG/JGI access
3300013823_2	3300013823_2	Bacteria	Unknown		unsupervised	IMG/JGI	Restricted	Requires institutional IMG/JGI access
3300029580_22	3300029580_22	Bacteria	Unknown		unsupervised	IMG/JGI	Restricted	Requires institutional IMG/JGI access
2061766007_87	2061766007_87	Bacteria	Unknown		unsupervised	IMG/JGI	Restricted	Requires institutional IMG/JGI access
3300025216_2	3300025216_2	Bacteria	Unknown		unsupervised	IMG/JGI	Restricted	Requires institutional IMG/JGI access
3300029841_25	3300029841_25	Bacteria	Unknown		unsupervised	IMG/JGI	Restricted	Requires institutional IMG/JGI access
3300022661_83	3300022661_83	Bacteria	Unknown		unsupervised	IMG/JGI	Restricted	Requires institutional IMG/JGI access
3300029021_11	3300029021_11	Bacteria	Unknown		unsupervised	IMG/JGI	Restricted	Requires institutional IMG/JGI access
3300008676_14	3300008676_14	Bacteria	Unknown		unsupervised	IMG/JGI	Restricted	Requires institutional IMG/JGI access
3300011925_11	3300011925_11	Bacteria	Unknown		unsupervised	IMG/JGI	Restricted	Requires institutional IMG/JGI access
3300027283_10	3300027283_10	Bacteria	Unknown		unsupervised	IMG/JGI	Restricted	Requires institutional IMG/JGI access
3300011777_4	3300011777_4	Bacteria	Unknown		unsupervised	IMG/JGI	Restricted	Requires institutional IMG/JGI access
3300029232_20	3300029232_20	Bacteria	Unknown		unsupervised	IMG/JGI	Restricted	Requires institutional IMG/JGI access
3300011665_5	3300011665_5	Bacteria	Unknown		unsupervised	IMG/JGI	Restricted	Requires institutional IMG/JGI access
3300011224_2	3300011224_2	Bacteria	Unknown		unsupervised	IMG/JGI	Restricted	Requires institutional IMG/JGI access
3300010285_21	3300010285_21	Bacteria	Unknown		unsupervised	IMG/JGI	Restricted	Requires institutional IMG/JGI access
3300025409_12	3300025409_12	Bacteria	Unknown		unsupervised	IMG/JGI	Restricted	Requires institutional IMG/JGI access
3300010278_8	3300010278_8	Bacteria	Unknown		unsupervised	IMG/JGI	Restricted	Requires institutional IMG/JGI access
3300025922_27	3300025922_27	Bacteria	Unknown		unsupervised	IMG/JGI	Restricted	Requires institutional IMG/JGI access
3300026311_69	3300026311_69	Bacteria	Unknown		unsupervised	IMG/JGI	Restricted	Requires institutional IMG/JGI access
3300029487_18	3300029487_18	Bacteria	Unknown		unsupervised	IMG/JGI	Restricted	Requires institutional IMG/JGI access
3300012847_6	3300012847_6	Bacteria	Unknown		unsupervised	IMG/JGI	Restricted	Requires institutional IMG/JGI access
3300029312_3	3300029312_3	Bacteria	Unknown		unsupervised	IMG/JGI	Restricted	Requires institutional IMG/JGI access
3300017389_3	3300017389_3	Bacteria	Unknown		unsupervised	IMG/JGI	Restricted	Requires institutional IMG/JGI access
3300027323_42	3300027323_42	Bacteria	Unknown		unsupervised	IMG/JGI	Restricted	Requires institutional IMG/JGI access
3300010312_7	3300010312_7	Bacteria	Unknown		unsupervised	IMG/JGI	Restricted	Requires institutional IMG/JGI access
3300020455_17	3300020455_17	Bacteria	Unknown		unsupervised	IMG/JGI	Restricted	Requires institutional IMG/JGI access
3300010283_9	3300010283_9	Bacteria	Unknown		unsupervised	IMG/JGI	Restricted	Requires institutional IMG/JGI access
3300008491_5	3300008491_5	Bacteria	Unknown		unsupervised	IMG/JGI	Restricted	Requires institutional IMG/JGI access
3300024498_1	3300024498_1	Bacteria	Unknown		unsupervised	IMG/JGI	Restricted	Requires institutional IMG/JGI access
3300012241_4	3300012241_4	Bacteria	Unknown		unsupervised	IMG/JGI	Restricted	Requires institutional IMG/JGI access
3300029373_14	3300029373_14	Bacteria	Unknown		unsupervised	IMG/JGI	Restricted	Requires institutional IMG/JGI access
2025206003_8	2025206003_8	Bacteria	Unknown		unsupervised	IMG/JGI	Restricted	Requires institutional IMG/JGI access
3300029537_20	3300029537_20	Bacteria	Unknown		unsupervised	IMG/JGI	Restricted	Requires institutional IMG/JGI access
3300025698_9	3300025698_9	Bacteria	Unknown		unsupervised	IMG/JGI	Restricted	Requires institutional IMG/JGI access
3300027348_4	3300027348_4	Bacteria	Unknown		unsupervised	IMG/JGI	Restricted	Requires institutional IMG/JGI access
3300026703_6	3300026703_6	Bacteria	Unknown		unsupervised	IMG/JGI	Restricted	Requires institutional IMG/JGI access
3300008751_3	3300008751_3	Bacteria	Unknown		unsupervised	IMG/JGI	Restricted	Requires institutional IMG/JGI access
3300014784_8	3300014784_8	Bacteria	Unknown		unsupervised	IMG/JGI	Restricted	Requires institutional IMG/JGI access
3300013285_3	3300013285_3	Bacteria	Unknown		unsupervised	IMG/JGI	Restricted	Requires institutional IMG/JGI access
3300017494_17	3300017494_17	Bacteria	Unknown		unsupervised	IMG/JGI	Restricted	Requires institutional IMG/JGI access
3300007083_3	3300007083_3	Bacteria	Unknown		unsupervised	IMG/JGI	Restricted	Requires institutional IMG/JGI access
3300025299_9	3300025299_9	Bacteria	Unknown		unsupervised	IMG/JGI	Restricted	Requires institutional IMG/JGI access
3300027509_19	3300027509_19	Bacteria	Unknown		unsupervised	IMG/JGI	Restricted	Requires institutional IMG/JGI access
3300029877_12	3300029877_12	Bacteria	Unknown		unsupervised	IMG/JGI	Restricted	Requires institutional IMG/JGI access
3300025303_17	3300025303_17	Bacteria	Unknown		unsupervised	IMG/JGI	Restricted	Requires institutional IMG/JGI access
3300025713_38	3300025713_38	Bacteria	Unknown		unsupervised	IMG/JGI	Restricted	Requires institutional IMG/JGI access
3300001598_80	3300001598_80	Bacteria	Unknown		unsupervised	IMG/JGI	Restricted	Requires institutional IMG/JGI access
3300007501_1	3300007501_1	Bacteria	Unknown		unsupervised	IMG/JGI	Restricted	Requires institutional IMG/JGI access
3300029507_15	3300029507_15	Bacteria	Unknown		unsupervised	IMG/JGI	Restricted	Requires institutional IMG/JGI access
3300019458_15	3300019458_15	Bacteria	Unknown		unsupervised	IMG/JGI	Restricted	Requires institutional IMG/JGI access
3300027826_14	3300027826_14	Bacteria	Unknown		unsupervised	IMG/JGI	Restricted	Requires institutional IMG/JGI access
3300015370_36	3300015370_36	Bacteria	Unknown		unsupervised	IMG/JGI	Restricted	Requires institutional IMG/JGI access
3300026339_4	3300026339_4	Bacteria	Unknown		unsupervised	IMG/JGI	Restricted	Requires institutional IMG/JGI access
3300029371_9	3300029371_9	Bacteria	Unknown		unsupervised	IMG/JGI	Restricted	Requires institutional IMG/JGI access
3300010261_6	3300010261_6	Bacteria	Unknown		unsupervised	IMG/JGI	Restricted	Requires institutional IMG/JGI access
3300029360_35	3300029360_35	Bacteria	Unknown		unsupervised	IMG/JGI	Restricted	Requires institutional IMG/JGI access
3300027607_24	3300027607_24	Bacteria	Unknown		unsupervised	IMG/JGI	Restricted	Requires institutional IMG/JGI access
3300027319_9	3300027319_9	Bacteria	Unknown		unsupervised	IMG/JGI	Restricted	Requires institutional IMG/JGI access
3300025809_66	3300025809_66	Bacteria	Unknown		unsupervised	IMG/JGI	Restricted	Requires institutional IMG/JGI access
3300011656_1	3300011656_1	Bacteria	Unknown		unsupervised	IMG/JGI	Restricted	Requires institutional IMG/JGI access
3300029716_25	3300029716_25	Bacteria	Unknown		unsupervised	IMG/JGI	Restricted	Requires institutional IMG/JGI access
3300026986_10	3300026986_10	Bacteria	Unknown		unsupervised	IMG/JGI	Restricted	Requires institutional IMG/JGI access
3300029381_47	3300029381_47	Bacteria	Unknown		unsupervised	IMG/JGI	Restricted	Requires institutional IMG/JGI access
3300007500_28	3300007500_28	Bacteria	Unknown		unsupervised	IMG/JGI	Restricted	Requires institutional IMG/JGI access
3300025267_11	3300025267_11	Bacteria	Unknown		unsupervised	IMG/JGI	Restricted	Requires institutional IMG/JGI access
3300029420_10	3300029420_10	Bacteria	Unknown		unsupervised	IMG/JGI	Restricted	Requires institutional IMG/JGI access
3300012861_5	3300012861_5	Bacteria	Unknown		unsupervised	IMG/JGI	Restricted	Requires institutional IMG/JGI access
3300025296_10	3300025296_10	Bacteria	Unknown		unsupervised	IMG/JGI	Restricted	Requires institutional IMG/JGI access
3300022661_124	3300022661_124	Bacteria	Unknown		unsupervised	IMG/JGI	Restricted	Requires institutional IMG/JGI access
3300029487_21	3300029487_21	Bacteria	Unknown		unsupervised	IMG/JGI	Restricted	Requires institutional IMG/JGI access
3300025679_22	3300025679_22	Bacteria	Unknown		unsupervised	IMG/JGI	Restricted	Requires institutional IMG/JGI access
3300012862_4	3300012862_4	Bacteria	Unknown		unsupervised	IMG/JGI	Restricted	Requires institutional IMG/JGI access
3300029518_14	3300029518_14	Bacteria	Unknown		unsupervised	IMG/JGI	Restricted	Requires institutional IMG/JGI access
3300029818_9	3300029818_9	Bacteria	Unknown		unsupervised	IMG/JGI	Restricted	Requires institutional IMG/JGI access
3300013125_98	3300013125_98	Bacteria	Unknown		unsupervised	IMG/JGI	Restricted	Requires institutional IMG/JGI access
3300022741_6	3300022741_6	Bacteria	Unknown		unsupervised	IMG/JGI	Restricted	Requires institutional IMG/JGI access
3300013497_2	3300013497_2	Bacteria	Unknown		unsupervised	IMG/JGI	Restricted	Requires institutional IMG/JGI access
3300002481_23	3300002481_23	Bacteria	Unknown		unsupervised	IMG/JGI	Restricted	Requires institutional IMG/JGI access
3300029434_29	3300029434_29	Bacteria	Unknown		unsupervised	IMG/JGI	Restricted	Requires institutional IMG/JGI access
3300018013_19	3300018013_19	Bacteria	Unknown		unsupervised	IMG/JGI	Restricted	Requires institutional IMG/JGI access
3300029782_31	3300029782_31	Bacteria	Unknown		unsupervised	IMG/JGI	Restricted	Requires institutional IMG/JGI access
3300029606_7	3300029606_7	Bacteria	Unknown		unsupervised	IMG/JGI	Restricted	Requires institutional IMG/JGI access
3300002504_22	3300002504_22	Bacteria	Unknown		unsupervised	IMG/JGI	Restricted	Requires institutional IMG/JGI access
3300029136_28	3300029136_28	Bacteria	Unknown		unsupervised	IMG/JGI	Restricted	Requires institutional IMG/JGI access
3300027796_55	3300027796_55	Bacteria	Unknown		unsupervised	IMG/JGI	Restricted	Requires institutional IMG/JGI access
3300012148_12	3300012148_12	Bacteria	Unknown		unsupervised	IMG/JGI	Restricted	Requires institutional IMG/JGI access
3300029566_20	3300029566_20	Bacteria	Unknown		unsupervised	IMG/JGI	Restricted	Requires institutional IMG/JGI access
3300013485_2	3300013485_2	Bacteria	Unknown		unsupervised	IMG/JGI	Restricted	Requires institutional IMG/JGI access
3300020418_7	3300020418_7	Bacteria	Unknown		unsupervised	IMG/JGI	Restricted	Requires institutional IMG/JGI access
3300025303_19	3300025303_19	Bacteria	Unknown		unsupervised	IMG/JGI	Restricted	Requires institutional IMG/JGI access
3300029178_5	3300029178_5	Bacteria	Unknown		unsupervised	IMG/JGI	Restricted	Requires institutional IMG/JGI access
3300029884_19	3300029884_19	Bacteria	Unknown		unsupervised	IMG/JGI	Restricted	Requires institutional IMG/JGI access
3300029056_10	3300029056_10	Bacteria	Unknown		unsupervised	IMG/JGI	Restricted	Requires institutional IMG/JGI access
3300025775_29	3300025775_29	Bacteria	Unknown		unsupervised	IMG/JGI	Restricted	Requires institutional IMG/JGI access
3300007356_5	3300007356_5	Bacteria	Unknown		unsupervised	IMG/JGI	Restricted	Requires institutional IMG/JGI access
3300000032_18	3300000032_18	Bacteria	Unknown		unsupervised	IMG/JGI	Restricted	Requires institutional IMG/JGI access
3300017987_38	3300017987_38	Bacteria	Unknown		unsupervised	IMG/JGI	Restricted	Requires institutional IMG/JGI access
3300026288_10	3300026288_10	Bacteria	Unknown		unsupervised	IMG/JGI	Restricted	Requires institutional IMG/JGI access
3300012324_3	3300012324_3	Bacteria	Unknown		unsupervised	IMG/JGI	Restricted	Requires institutional IMG/JGI access
3300008363_7	3300008363_7	Bacteria	Unknown		unsupervised	IMG/JGI	Restricted	Requires institutional IMG/JGI access
3300026256_26	3300026256_26	Bacteria	Unknown		unsupervised	IMG/JGI	Restricted	Requires institutional IMG/JGI access
3300001781_7	3300001781_7	Bacteria	Unknown		unsupervised	IMG/JGI	Restricted	Requires institutional IMG/JGI access
3300018427_55	3300018427_55	Bacteria	Unknown		unsupervised	IMG/JGI	Restricted	Requires institutional IMG/JGI access
3300017434_34	3300017434_34	Bacteria	Unknown		unsupervised	IMG/JGI	Restricted	Requires institutional IMG/JGI access
3300029712_25	3300029712_25	Bacteria	Unknown		unsupervised	IMG/JGI	Restricted	Requires institutional IMG/JGI access
3300027864_34	3300027864_34	Bacteria	Unknown		unsupervised	IMG/JGI	Restricted	Requires institutional IMG/JGI access
3300006257_11	3300006257_11	Bacteria	Unknown		unsupervised	IMG/JGI	Restricted	Requires institutional IMG/JGI access
3300011863_2	3300011863_2	Bacteria	Unknown		unsupervised	IMG/JGI	Restricted	Requires institutional IMG/JGI access
3300011564_3	3300011564_3	Bacteria	Unknown		unsupervised	IMG/JGI	Restricted	Requires institutional IMG/JGI access
3300017444_71	3300017444_71	Bacteria	Unknown		unsupervised	IMG/JGI	Restricted	Requires institutional IMG/JGI access
3300026561_5	3300026561_5	Bacteria	Unknown		unsupervised	IMG/JGI	Restricted	Requires institutional IMG/JGI access
3300029793_12	3300029793_12	Bacteria	Unknown		unsupervised	IMG/JGI	Restricted	Requires institutional IMG/JGI access
3300012533_33	3300012533_33	Bacteria	Unknown		unsupervised	IMG/JGI	Restricted	Requires institutional IMG/JGI access
3300011944_1	3300011944_1	Bacteria	Unknown		unsupervised	IMG/JGI	Restricted	Requires institutional IMG/JGI access
3300011485_2	3300011485_2	Bacteria	Unknown		unsupervised	IMG/JGI	Restricted	Requires institutional IMG/JGI access
3300027276_49	3300027276_49	Bacteria	Unknown		unsupervised	IMG/JGI	Restricted	Requires institutional IMG/JGI access
3300002091_4	3300002091_4	Bacteria	Unknown		unsupervised	IMG/JGI	Restricted	Requires institutional IMG/JGI access
3300029219_14	3300029219_14	Bacteria	Unknown		unsupervised	IMG/JGI	Restricted	Requires institutional IMG/JGI access
3300021301_4	3300021301_4	Bacteria	Unknown		unsupervised	IMG/JGI	Restricted	Requires institutional IMG/JGI access
3300029752_9	3300029752_9	Bacteria	Unknown		unsupervised	IMG/JGI	Restricted	Requires institutional IMG/JGI access
3300022825_6	3300022825_6	Bacteria	Unknown		unsupervised	IMG/JGI	Restricted	Requires institutional IMG/JGI access
3300029364_13	3300029364_13	Bacteria	Unknown		unsupervised	IMG/JGI	Restricted	Requires institutional IMG/JGI access
3300029181_6	3300029181_6	Bacteria	Unknown		unsupervised	IMG/JGI	Restricted	Requires institutional IMG/JGI access
3300024043_4	3300024043_4	Bacteria	Unknown		unsupervised	IMG/JGI	Restricted	Requires institutional IMG/JGI access
3300004761_3	3300004761_3	Bacteria	Unknown		unsupervised	IMG/JGI	Restricted	Requires institutional IMG/JGI access
3300029363_24	3300029363_24	Bacteria	Unknown		unsupervised	IMG/JGI	Restricted	Requires institutional IMG/JGI access
3300008481_37	3300008481_37	Bacteria	Unknown		unsupervised	IMG/JGI	Restricted	Requires institutional IMG/JGI access
3300029435_30	3300029435_30	Bacteria	Unknown		unsupervised	IMG/JGI	Restricted	Requires institutional IMG/JGI access
3300029406_13	3300029406_13	Bacteria	Unknown		unsupervised	IMG/JGI	Restricted	Requires institutional IMG/JGI access
3300024327_26	3300024327_26	Bacteria	Unknown		unsupervised	IMG/JGI	Restricted	Requires institutional IMG/JGI access
3300007942_2	3300007942_2	Bacteria	Unknown		unsupervised	IMG/JGI	Restricted	Requires institutional IMG/JGI access
3300007500_17	3300007500_17	Bacteria	Unknown		unsupervised	IMG/JGI	Restricted	Requires institutional IMG/JGI access
3300029393_23	3300029393_23	Bacteria	Unknown		unsupervised	IMG/JGI	Restricted	Requires institutional IMG/JGI access
3300017991_26	3300017991_26	Bacteria	Unknown		unsupervised	IMG/JGI	Restricted	Requires institutional IMG/JGI access
3300029825_10	3300029825_10	Bacteria	Unknown		unsupervised	IMG/JGI	Restricted	Requires institutional IMG/JGI access
3300025644_18	3300025644_18	Bacteria	Unknown		unsupervised	IMG/JGI	Restricted	Requires institutional IMG/JGI access
3300025525_22	3300025525_22	Bacteria	Unknown		unsupervised	IMG/JGI	Restricted	Requires institutional IMG/JGI access
3300018018_15	3300018018_15	Bacteria	Unknown		unsupervised	IMG/JGI	Restricted	Requires institutional IMG/JGI access
3300017658_24	3300017658_24	Bacteria	Unknown		unsupervised	IMG/JGI	Restricted	Requires institutional IMG/JGI access
3300028641_7	3300028641_7	Bacteria	Unknown		unsupervised	IMG/JGI	Restricted	Requires institutional IMG/JGI access
3300010260_15	3300010260_15	Bacteria	Unknown		unsupervised	IMG/JGI	Restricted	Requires institutional IMG/JGI access
3300021311_23	3300021311_23	Bacteria	Unknown		unsupervised	IMG/JGI	Restricted	Requires institutional IMG/JGI access
3300025518_16	3300025518_16	Bacteria	Unknown		unsupervised	IMG/JGI	Restricted	Requires institutional IMG/JGI access
3300026311_47	3300026311_47	Bacteria	Unknown		unsupervised	IMG/JGI	Restricted	Requires institutional IMG/JGI access
3300029791_30	3300029791_30	Bacteria	Unknown		unsupervised	IMG/JGI	Restricted	Requires institutional IMG/JGI access
3300017518_39	3300017518_39	Bacteria	Unknown		unsupervised	IMG/JGI	Restricted	Requires institutional IMG/JGI access
3300011849_1	3300011849_1	Bacteria	Unknown		unsupervised	IMG/JGI	Restricted	Requires institutional IMG/JGI access
3300012864_9	3300012864_9	Bacteria	Unknown		unsupervised	IMG/JGI	Restricted	Requires institutional IMG/JGI access
3300024946_3	3300024946_3	Bacteria	Unknown		unsupervised	IMG/JGI	Restricted	Requires institutional IMG/JGI access
3300025361_7	3300025361_7	Bacteria	Unknown		unsupervised	IMG/JGI	Restricted	Requires institutional IMG/JGI access
3300018026_19	3300018026_19	Bacteria	Unknown		unsupervised	IMG/JGI	Restricted	Requires institutional IMG/JGI access
3300029594_27	3300029594_27	Bacteria	Unknown		unsupervised	IMG/JGI	Restricted	Requires institutional IMG/JGI access
3300028048_69	3300028048_69	Bacteria	Unknown		unsupervised	IMG/JGI	Restricted	Requires institutional IMG/JGI access
3300018475_104	3300018475_104	Bacteria	Unknown		unsupervised	IMG/JGI	Restricted	Requires institutional IMG/JGI access
3300029733_11	3300029733_11	Bacteria	Unknown		unsupervised	IMG/JGI	Restricted	Requires institutional IMG/JGI access
3300025298_19	3300025298_19	Bacteria	Unknown		unsupervised	IMG/JGI	Restricted	Requires institutional IMG/JGI access
3300005858_7	3300005858_7	Bacteria	Unknown		unsupervised	IMG/JGI	Restricted	Requires institutional IMG/JGI access
3300006292_8	3300006292_8	Bacteria	Unknown		unsupervised	IMG/JGI	Restricted	Requires institutional IMG/JGI access
3300029421_14	3300029421_14	Bacteria	Unknown		unsupervised	IMG/JGI	Restricted	Requires institutional IMG/JGI access
3300020458_5	3300020458_5	Bacteria	Unknown		unsupervised	IMG/JGI	Restricted	Requires institutional IMG/JGI access
3300029341_23	3300029341_23	Bacteria	Unknown		unsupervised	IMG/JGI	Restricted	Requires institutional IMG/JGI access
3300014725_1	3300014725_1	Bacteria	Unknown		unsupervised	IMG/JGI	Restricted	Requires institutional IMG/JGI access
3300008537_22	3300008537_22	Bacteria	Unknown		unsupervised	IMG/JGI	Restricted	Requires institutional IMG/JGI access
3300020400_24	3300020400_24	Bacteria	Unknown		unsupervised	IMG/JGI	Restricted	Requires institutional IMG/JGI access
3300008571_18	3300008571_18	Bacteria	Unknown		unsupervised	IMG/JGI	Restricted	Requires institutional IMG/JGI access
3300020386_8	3300020386_8	Bacteria	Unknown		unsupervised	IMG/JGI	Restricted	Requires institutional IMG/JGI access
3300023210_10	3300023210_10	Bacteria	Unknown		unsupervised	IMG/JGI	Restricted	Requires institutional IMG/JGI access
3300029847_18	3300029847_18	Bacteria	Unknown		unsupervised	IMG/JGI	Restricted	Requires institutional IMG/JGI access
3300020695_3	3300020695_3	Bacteria	Unknown		unsupervised	IMG/JGI	Restricted	Requires institutional IMG/JGI access
3300029227_20	3300029227_20	Bacteria	Unknown		unsupervised	IMG/JGI	Restricted	Requires institutional IMG/JGI access
3300029743_22	3300029743_22	Bacteria	Unknown		unsupervised	IMG/JGI	Restricted	Requires institutional IMG/JGI access
3300011868_3	3300011868_3	Bacteria	Unknown		unsupervised	IMG/JGI	Restricted	Requires institutional IMG/JGI access
3300020220_77	3300020220_77	Bacteria	Unknown		unsupervised	IMG/JGI	Restricted	Requires institutional IMG/JGI access
3300025048_1	3300025048_1	Bacteria	Unknown		unsupervised	IMG/JGI	Restricted	Requires institutional IMG/JGI access
3300025720_11	3300025720_11	Bacteria	Unknown		unsupervised	IMG/JGI	Restricted	Requires institutional IMG/JGI access
3300018910_10	3300018910_10	Bacteria	Unknown		unsupervised	IMG/JGI	Restricted	Requires institutional IMG/JGI access
3300008333_8	3300008333_8	Bacteria	Unknown		unsupervised	IMG/JGI	Restricted	Requires institutional IMG/JGI access
3300012842_4	3300012842_4	Bacteria	Unknown		unsupervised	IMG/JGI	Restricted	Requires institutional IMG/JGI access
3300025714_13	3300025714_13	Bacteria	Unknown		unsupervised	IMG/JGI	Restricted	Requires institutional IMG/JGI access
3300022181_61	3300022181_61	Bacteria	Unknown		unsupervised	IMG/JGI	Restricted	Requires institutional IMG/JGI access
3300000355_5	3300000355_5	Bacteria	Unknown		unsupervised	IMG/JGI	Restricted	Requires institutional IMG/JGI access
2049941000_68	2049941000_68	Bacteria	Unknown		unsupervised	IMG/JGI	Restricted	Requires institutional IMG/JGI access
3300012805_9	3300012805_9	Bacteria	Unknown		unsupervised	IMG/JGI	Restricted	Requires institutional IMG/JGI access
3300027510_27	3300027510_27	Bacteria	Unknown		unsupervised	IMG/JGI	Restricted	Requires institutional IMG/JGI access
3300005281_17	3300005281_17	Bacteria	Unknown		unsupervised	IMG/JGI	Restricted	Requires institutional IMG/JGI access
3300029664_15	3300029664_15	Bacteria	Unknown		unsupervised	IMG/JGI	Restricted	Requires institutional IMG/JGI access
3300011609_2	3300011609_2	Bacteria	Unknown		unsupervised	IMG/JGI	Restricted	Requires institutional IMG/JGI access
3300025520_10	3300025520_10	Bacteria	Unknown		unsupervised	IMG/JGI	Restricted	Requires institutional IMG/JGI access
3300007222_19	3300007222_19	Bacteria	Unknown		unsupervised	IMG/JGI	Restricted	Requires institutional IMG/JGI access
3300028569_57	3300028569_57	Bacteria	Unknown		unsupervised	IMG/JGI	Restricted	Requires institutional IMG/JGI access
3300011624_1	3300011624_1	Bacteria	Unknown		unsupervised	IMG/JGI	Restricted	Requires institutional IMG/JGI access
3300010167_84	3300010167_84	Bacteria	Unknown		unsupervised	IMG/JGI	Restricted	Requires institutional IMG/JGI access
3300013131_41	3300013131_41	Bacteria	Unknown		unsupervised	IMG/JGI	Restricted	Requires institutional IMG/JGI access
3300029326_6	3300029326_6	Bacteria	Unknown		unsupervised	IMG/JGI	Restricted	Requires institutional IMG/JGI access
3300025229_7	3300025229_7	Bacteria	Unknown		unsupervised	IMG/JGI	Restricted	Requires institutional IMG/JGI access
3300017532_35	3300017532_35	Bacteria	Unknown		unsupervised	IMG/JGI	Restricted	Requires institutional IMG/JGI access
3300026286_12	3300026286_12	Bacteria	Unknown		unsupervised	IMG/JGI	Restricted	Requires institutional IMG/JGI access
3300006261_1	3300006261_1	Bacteria	Unknown		unsupervised	IMG/JGI	Restricted	Requires institutional IMG/JGI access
3300008282_9	3300008282_9	Bacteria	Unknown		unsupervised	IMG/JGI	Restricted	Requires institutional IMG/JGI access
3300008271_26	3300008271_26	Bacteria	Unknown		unsupervised	IMG/JGI	Restricted	Requires institutional IMG/JGI access
3300029589_27	3300029589_27	Bacteria	Unknown		unsupervised	IMG/JGI	Restricted	Requires institutional IMG/JGI access
3300024328_7	3300024328_7	Bacteria	Unknown		unsupervised	IMG/JGI	Restricted	Requires institutional IMG/JGI access
3300017419_13	3300017419_13	Bacteria	Unknown		unsupervised	IMG/JGI	Restricted	Requires institutional IMG/JGI access
3300025257_6	3300025257_6	Bacteria	Unknown		unsupervised	IMG/JGI	Restricted	Requires institutional IMG/JGI access
3300029407_5	3300029407_5	Bacteria	Unknown		unsupervised	IMG/JGI	Restricted	Requires institutional IMG/JGI access
3300029760_11	3300029760_11	Bacteria	Unknown		unsupervised	IMG/JGI	Restricted	Requires institutional IMG/JGI access
3300010162_92	3300010162_92	Bacteria	Unknown		unsupervised	IMG/JGI	Restricted	Requires institutional IMG/JGI access
3300007208_13	3300007208_13	Bacteria	Unknown		unsupervised	IMG/JGI	Restricted	Requires institutional IMG/JGI access
3300022838_9	3300022838_9	Bacteria	Unknown		unsupervised	IMG/JGI	Restricted	Requires institutional IMG/JGI access
3300029771_18	3300029771_18	Bacteria	Unknown		unsupervised	IMG/JGI	Restricted	Requires institutional IMG/JGI access
3300024905_1	3300024905_1	Bacteria	Unknown		unsupervised	IMG/JGI	Restricted	Requires institutional IMG/JGI access
3300029324_13	3300029324_13	Bacteria	Unknown		unsupervised	IMG/JGI	Restricted	Requires institutional IMG/JGI access
3300017448_24	3300017448_24	Bacteria	Unknown		unsupervised	IMG/JGI	Restricted	Requires institutional IMG/JGI access
3300010162_49	3300010162_49	Bacteria	Unknown		unsupervised	IMG/JGI	Restricted	Requires institutional IMG/JGI access
3300026284_14	3300026284_14	Bacteria	Unknown		unsupervised	IMG/JGI	Restricted	Requires institutional IMG/JGI access
3300017991_81	3300017991_81	Bacteria	Unknown		unsupervised	IMG/JGI	Restricted	Requires institutional IMG/JGI access
3300029437_29	3300029437_29	Bacteria	Unknown		unsupervised	IMG/JGI	Restricted	Requires institutional IMG/JGI access
3300024044_12	3300024044_12	Bacteria	Unknown		unsupervised	IMG/JGI	Restricted	Requires institutional IMG/JGI access
3300029418_13	3300029418_13	Bacteria	Unknown		unsupervised	IMG/JGI	Restricted	Requires institutional IMG/JGI access
3300025715_27	3300025715_27	Bacteria	Unknown		unsupervised	IMG/JGI	Restricted	Requires institutional IMG/JGI access
3300011979_9	3300011979_9	Bacteria	Unknown		unsupervised	IMG/JGI	Restricted	Requires institutional IMG/JGI access
3300029845_11	3300029845_11	Bacteria	Unknown		unsupervised	IMG/JGI	Restricted	Requires institutional IMG/JGI access
3300014026_14	3300014026_14	Bacteria	Unknown		unsupervised	IMG/JGI	Restricted	Requires institutional IMG/JGI access
3300013004_58	3300013004_58	Bacteria	Unknown		unsupervised	IMG/JGI	Restricted	Requires institutional IMG/JGI access
3300025897_26	3300025897_26	Bacteria	Unknown		unsupervised	IMG/JGI	Restricted	Requires institutional IMG/JGI access
3300026289_3	3300026289_3	Bacteria	Unknown		unsupervised	IMG/JGI	Restricted	Requires institutional IMG/JGI access
3300014548_14	3300014548_14	Bacteria	Unknown		unsupervised	IMG/JGI	Restricted	Requires institutional IMG/JGI access
3300029406_18	3300029406_18	Bacteria	Unknown		unsupervised	IMG/JGI	Restricted	Requires institutional IMG/JGI access
3300021254_58	3300021254_58	Bacteria	Unknown		unsupervised	IMG/JGI	Restricted	Requires institutional IMG/JGI access
3300011563_4	3300011563_4	Bacteria	Unknown		unsupervised	IMG/JGI	Restricted	Requires institutional IMG/JGI access
3300025861_117	3300025861_117	Bacteria	Unknown		unsupervised	IMG/JGI	Restricted	Requires institutional IMG/JGI access
3300012281_1	3300012281_1	Bacteria	Unknown		unsupervised	IMG/JGI	Restricted	Requires institutional IMG/JGI access
3300011851_7	3300011851_7	Bacteria	Unknown		unsupervised	IMG/JGI	Restricted	Requires institutional IMG/JGI access
3300018917_9	3300018917_9	Bacteria	Unknown		unsupervised	IMG/JGI	Restricted	Requires institutional IMG/JGI access
3300022833_7	3300022833_7	Bacteria	Unknown		unsupervised	IMG/JGI	Restricted	Requires institutional IMG/JGI access
3300029353_18	3300029353_18	Bacteria	Unknown		unsupervised	IMG/JGI	Restricted	Requires institutional IMG/JGI access
3300028198_11	3300028198_11	Bacteria	Unknown		unsupervised	IMG/JGI	Restricted	Requires institutional IMG/JGI access
3300029566_14	3300029566_14	Bacteria	Unknown		unsupervised	IMG/JGI	Restricted	Requires institutional IMG/JGI access
3300006498_25	3300006498_25	Bacteria	Unknown		unsupervised	IMG/JGI	Restricted	Requires institutional IMG/JGI access
3300029376_7	3300029376_7	Bacteria	Unknown		unsupervised	IMG/JGI	Restricted	Requires institutional IMG/JGI access
3300029859_25	3300029859_25	Bacteria	Unknown		unsupervised	IMG/JGI	Restricted	Requires institutional IMG/JGI access
3300025597_8	3300025597_8	Bacteria	Unknown		unsupervised	IMG/JGI	Restricted	Requires institutional IMG/JGI access
3300012812_8	3300012812_8	Bacteria	Unknown		unsupervised	IMG/JGI	Restricted	Requires institutional IMG/JGI access
3300016445_5	3300016445_5	Bacteria	Unknown		unsupervised	IMG/JGI	Restricted	Requires institutional IMG/JGI access
3300025862_28	3300025862_28	Bacteria	Unknown		unsupervised	IMG/JGI	Restricted	Requires institutional IMG/JGI access
3300021306_15	3300021306_15	Bacteria	Unknown		unsupervised	IMG/JGI	Restricted	Requires institutional IMG/JGI access
3300021343_13	3300021343_13	Bacteria	Unknown		unsupervised	IMG/JGI	Restricted	Requires institutional IMG/JGI access
3300029702_20	3300029702_20	Bacteria	Unknown		unsupervised	IMG/JGI	Restricted	Requires institutional IMG/JGI access
3300027784_97	3300027784_97	Bacteria	Unknown		unsupervised	IMG/JGI	Restricted	Requires institutional IMG/JGI access
3300010428_21	3300010428_21	Bacteria	Unknown		unsupervised	IMG/JGI	Restricted	Requires institutional IMG/JGI access
3300027026_6	3300027026_6	Bacteria	Unknown		unsupervised	IMG/JGI	Restricted	Requires institutional IMG/JGI access
3300014540_7	3300014540_7	Bacteria	Unknown		unsupervised	IMG/JGI	Restricted	Requires institutional IMG/JGI access
3300029329_17	3300029329_17	Bacteria	Unknown		unsupervised	IMG/JGI	Restricted	Requires institutional IMG/JGI access
3300012003_21	3300012003_21	Bacteria	Unknown		unsupervised	IMG/JGI	Restricted	Requires institutional IMG/JGI access
3300029764_13	3300029764_13	Bacteria	Unknown		unsupervised	IMG/JGI	Restricted	Requires institutional IMG/JGI access
3300025719_22	3300025719_22	Bacteria	Unknown		unsupervised	IMG/JGI	Restricted	Requires institutional IMG/JGI access
3300027885_37	3300027885_37	Bacteria	Unknown		unsupervised	IMG/JGI	Restricted	Requires institutional IMG/JGI access
3300027305_4	3300027305_4	Bacteria	Unknown		unsupervised	IMG/JGI	Restricted	Requires institutional IMG/JGI access
3300029486_12	3300029486_12	Bacteria	Unknown		unsupervised	IMG/JGI	Restricted	Requires institutional IMG/JGI access
3300011685_2	3300011685_2	Bacteria	Unknown		unsupervised	IMG/JGI	Restricted	Requires institutional IMG/JGI access
3300017400_33	3300017400_33	Bacteria	Unknown		unsupervised	IMG/JGI	Restricted	Requires institutional IMG/JGI access
3300029737_14	3300029737_14	Bacteria	Unknown		unsupervised	IMG/JGI	Restricted	Requires institutional IMG/JGI access
3300006226_121	3300006226_121	Bacteria	Unknown		unsupervised	IMG/JGI	Restricted	Requires institutional IMG/JGI access
3300027051_71	3300027051_71	Bacteria	Unknown		unsupervised	IMG/JGI	Restricted	Requires institutional IMG/JGI access
3300000383_9	3300000383_9	Bacteria	Unknown		unsupervised	IMG/JGI	Restricted	Requires institutional IMG/JGI access
3300027834_16	3300027834_16	Bacteria	Unknown		unsupervised	IMG/JGI	Restricted	Requires institutional IMG/JGI access
3300025341_10	3300025341_10	Bacteria	Unknown		unsupervised	IMG/JGI	Restricted	Requires institutional IMG/JGI access
3300027851_47	3300027851_47	Bacteria	Unknown		unsupervised	IMG/JGI	Restricted	Requires institutional IMG/JGI access
3300029679_14	3300029679_14	Bacteria	Unknown		unsupervised	IMG/JGI	Restricted	Requires institutional IMG/JGI access
3300025613_43	3300025613_43	Bacteria	Unknown		unsupervised	IMG/JGI	Restricted	Requires institutional IMG/JGI access
3300014789_7	3300014789_7	Bacteria	Unknown		unsupervised	IMG/JGI	Restricted	Requires institutional IMG/JGI access
3300028571_24	3300028571_24	Bacteria	Unknown		unsupervised	IMG/JGI	Restricted	Requires institutional IMG/JGI access
3300012077_3	3300012077_3	Bacteria	Unknown		unsupervised	IMG/JGI	Restricted	Requires institutional IMG/JGI access
3300014008_1	3300014008_1	Bacteria	Unknown		unsupervised	IMG/JGI	Restricted	Requires institutional IMG/JGI access
3300029457_8	3300029457_8	Bacteria	Unknown		unsupervised	IMG/JGI	Restricted	Requires institutional IMG/JGI access
3300029857_43	3300029857_43	Bacteria	Unknown		unsupervised	IMG/JGI	Restricted	Requires institutional IMG/JGI access
3300013989_2	3300013989_2	Bacteria	Unknown		unsupervised	IMG/JGI	Restricted	Requires institutional IMG/JGI access
3300011668_3	3300011668_3	Bacteria	Unknown		unsupervised	IMG/JGI	Restricted	Requires institutional IMG/JGI access
3300012940_25	3300012940_25	Bacteria	Unknown		unsupervised	IMG/JGI	Restricted	Requires institutional IMG/JGI access
3300017400_16	3300017400_16	Bacteria	Unknown		unsupervised	IMG/JGI	Restricted	Requires institutional IMG/JGI access
3300014824_24	3300014824_24	Bacteria	Unknown		unsupervised	IMG/JGI	Restricted	Requires institutional IMG/JGI access
3300029768_17	3300029768_17	Bacteria	Unknown		unsupervised	IMG/JGI	Restricted	Requires institutional IMG/JGI access
3300023227_1	3300023227_1	Bacteria	Unknown		unsupervised	IMG/JGI	Restricted	Requires institutional IMG/JGI access
3300021472_22	3300021472_22	Bacteria	Unknown		unsupervised	IMG/JGI	Restricted	Requires institutional IMG/JGI access
3300014039_21	3300014039_21	Bacteria	Unknown		unsupervised	IMG/JGI	Restricted	Requires institutional IMG/JGI access
3300029553_13	3300029553_13	Bacteria	Unknown		unsupervised	IMG/JGI	Restricted	Requires institutional IMG/JGI access
3300011771_1	3300011771_1	Bacteria	Unknown		unsupervised	IMG/JGI	Restricted	Requires institutional IMG/JGI access
3300025640_37	3300025640_37	Bacteria	Unknown		unsupervised	IMG/JGI	Restricted	Requires institutional IMG/JGI access
3300029735_14	3300029735_14	Bacteria	Unknown		unsupervised	IMG/JGI	Restricted	Requires institutional IMG/JGI access
3300008159_9	3300008159_9	Bacteria	Unknown		unsupervised	IMG/JGI	Restricted	Requires institutional IMG/JGI access
3300025902_15	3300025902_15	Bacteria	Unknown		unsupervised	IMG/JGI	Restricted	Requires institutional IMG/JGI access
3300024499_3	3300024499_3	Bacteria	Unknown		unsupervised	IMG/JGI	Restricted	Requires institutional IMG/JGI access
3300024914_6	3300024914_6	Bacteria	Unknown		unsupervised	IMG/JGI	Restricted	Requires institutional IMG/JGI access
3300025617_31	3300025617_31	Bacteria	Unknown		unsupervised	IMG/JGI	Restricted	Requires institutional IMG/JGI access
3300018014_13	3300018014_13	Bacteria	Unknown		unsupervised	IMG/JGI	Restricted	Requires institutional IMG/JGI access
3300005253_15	3300005253_15	Bacteria	Unknown		unsupervised	IMG/JGI	Restricted	Requires institutional IMG/JGI access
3300010271_7	3300010271_7	Bacteria	Unknown		unsupervised	IMG/JGI	Restricted	Requires institutional IMG/JGI access
3300027051_9	3300027051_9	Bacteria	Unknown		unsupervised	IMG/JGI	Restricted	Requires institutional IMG/JGI access
3300029400_17	3300029400_17	Bacteria	Unknown		unsupervised	IMG/JGI	Restricted	Requires institutional IMG/JGI access
3300008103_5	3300008103_5	Bacteria	Unknown		unsupervised	IMG/JGI	Restricted	Requires institutional IMG/JGI access
3300025534_24	3300025534_24	Bacteria	Unknown		unsupervised	IMG/JGI	Restricted	Requires institutional IMG/JGI access
3300020220_83	3300020220_83	Bacteria	Unknown		unsupervised	IMG/JGI	Restricted	Requires institutional IMG/JGI access
3300022660_88	3300022660_88	Bacteria	Unknown		unsupervised	IMG/JGI	Restricted	Requires institutional IMG/JGI access
3300011682_3	3300011682_3	Bacteria	Unknown		unsupervised	IMG/JGI	Restricted	Requires institutional IMG/JGI access
3300007297_9	3300007297_9	Bacteria	Unknown		unsupervised	IMG/JGI	Restricted	Requires institutional IMG/JGI access
3300027835_101	3300027835_101	Bacteria	Unknown		unsupervised	IMG/JGI	Restricted	Requires institutional IMG/JGI access
3300028640_6	3300028640_6	Bacteria	Unknown		unsupervised	IMG/JGI	Restricted	Requires institutional IMG/JGI access
3300027878_49	3300027878_49	Bacteria	Unknown		unsupervised	IMG/JGI	Restricted	Requires institutional IMG/JGI access
3300029494_13	3300029494_13	Bacteria	Unknown		unsupervised	IMG/JGI	Restricted	Requires institutional IMG/JGI access
3300025775_32	3300025775_32	Bacteria	Unknown		unsupervised	IMG/JGI	Restricted	Requires institutional IMG/JGI access
3300016461_4	3300016461_4	Bacteria	Unknown		unsupervised	IMG/JGI	Restricted	Requires institutional IMG/JGI access
3300029245_36	3300029245_36	Bacteria	Unknown		unsupervised	IMG/JGI	Restricted	Requires institutional IMG/JGI access
3300029763_15	3300029763_15	Bacteria	Unknown		unsupervised	IMG/JGI	Restricted	Requires institutional IMG/JGI access
3300012940_44	3300012940_44	Bacteria	Unknown		unsupervised	IMG/JGI	Restricted	Requires institutional IMG/JGI access
3300014595_4	3300014595_4	Bacteria	Unknown		unsupervised	IMG/JGI	Restricted	Requires institutional IMG/JGI access
3300005279_23	3300005279_23	Bacteria	Unknown		unsupervised	IMG/JGI	Restricted	Requires institutional IMG/JGI access
3300029550_11	3300029550_11	Bacteria	Unknown		unsupervised	IMG/JGI	Restricted	Requires institutional IMG/JGI access
3300000227_32	3300000227_32	Bacteria	Unknown		unsupervised	IMG/JGI	Restricted	Requires institutional IMG/JGI access
3300008299_13	3300008299_13	Bacteria	Unknown		unsupervised	IMG/JGI	Restricted	Requires institutional IMG/JGI access
3300029755_18	3300029755_18	Bacteria	Unknown		unsupervised	IMG/JGI	Restricted	Requires institutional IMG/JGI access
3300006312_16	3300006312_16	Bacteria	Unknown		unsupervised	IMG/JGI	Restricted	Requires institutional IMG/JGI access
3300014750_2	3300014750_2	Bacteria	Unknown		unsupervised	IMG/JGI	Restricted	Requires institutional IMG/JGI access
3300017426_13	3300017426_13	Bacteria	Unknown		unsupervised	IMG/JGI	Restricted	Requires institutional IMG/JGI access
3300029120_15	3300029120_15	Bacteria	Unknown		unsupervised	IMG/JGI	Restricted	Requires institutional IMG/JGI access
3300025832_12	3300025832_12	Bacteria	Unknown		unsupervised	IMG/JGI	Restricted	Requires institutional IMG/JGI access
3300024413_4	3300024413_4	Bacteria	Unknown		unsupervised	IMG/JGI	Restricted	Requires institutional IMG/JGI access
3300006299_3	3300006299_3	Bacteria	Unknown		unsupervised	IMG/JGI	Restricted	Requires institutional IMG/JGI access
3300029746_14	3300029746_14	Bacteria	Unknown		unsupervised	IMG/JGI	Restricted	Requires institutional IMG/JGI access
3300006463_32	3300006463_32	Bacteria	Unknown		unsupervised	IMG/JGI	Restricted	Requires institutional IMG/JGI access
3300014546_14	3300014546_14	Bacteria	Unknown		unsupervised	IMG/JGI	Restricted	Requires institutional IMG/JGI access
3300017658_17	3300017658_17	Bacteria	Unknown		unsupervised	IMG/JGI	Restricted	Requires institutional IMG/JGI access
3300027863_63	3300027863_63	Bacteria	Unknown		unsupervised	IMG/JGI	Restricted	Requires institutional IMG/JGI access
3300029060_12	3300029060_12	Bacteria	Unknown		unsupervised	IMG/JGI	Restricted	Requires institutional IMG/JGI access
3300029466_9	3300029466_9	Bacteria	Unknown		unsupervised	IMG/JGI	Restricted	Requires institutional IMG/JGI access
3300006045_85	3300006045_85	Bacteria	Unknown		unsupervised	IMG/JGI	Restricted	Requires institutional IMG/JGI access
3300022823_6	3300022823_6	Bacteria	Unknown		unsupervised	IMG/JGI	Restricted	Requires institutional IMG/JGI access
3300029410_26	3300029410_26	Bacteria	Unknown		unsupervised	IMG/JGI	Restricted	Requires institutional IMG/JGI access
3300011697_2	3300011697_2	Bacteria	Unknown		unsupervised	IMG/JGI	Restricted	Requires institutional IMG/JGI access
3300018008_14	3300018008_14	Bacteria	Unknown		unsupervised	IMG/JGI	Restricted	Requires institutional IMG/JGI access
3300029519_20	3300029519_20	Bacteria	Unknown		unsupervised	IMG/JGI	Restricted	Requires institutional IMG/JGI access
3300017986_27	3300017986_27	Bacteria	Unknown		unsupervised	IMG/JGI	Restricted	Requires institutional IMG/JGI access
3300021485_8	3300021485_8	Bacteria	Unknown		unsupervised	IMG/JGI	Restricted	Requires institutional IMG/JGI access
3300027587_7	3300027587_7	Bacteria	Unknown		unsupervised	IMG/JGI	Restricted	Requires institutional IMG/JGI access
3300029607_23	3300029607_23	Bacteria	Unknown		unsupervised	IMG/JGI	Restricted	Requires institutional IMG/JGI access
3300027796_7	3300027796_7	Bacteria	Unknown		unsupervised	IMG/JGI	Restricted	Requires institutional IMG/JGI access
3300029761_14	3300029761_14	Bacteria	Unknown		unsupervised	IMG/JGI	Restricted	Requires institutional IMG/JGI access
3300029413_18	3300029413_18	Bacteria	Unknown		unsupervised	IMG/JGI	Restricted	Requires institutional IMG/JGI access
3300014949_6	3300014949_6	Bacteria	Unknown		unsupervised	IMG/JGI	Restricted	Requires institutional IMG/JGI access
3300029112_15	3300029112_15	Bacteria	Unknown		unsupervised	IMG/JGI	Restricted	Requires institutional IMG/JGI access
3300012921_22	3300012921_22	Bacteria	Unknown		unsupervised	IMG/JGI	Restricted	Requires institutional IMG/JGI access
3300018878_162	3300018878_162	Bacteria	Unknown		unsupervised	IMG/JGI	Restricted	Requires institutional IMG/JGI access
3300006458_19	3300006458_19	Bacteria	Unknown		unsupervised	IMG/JGI	Restricted	Requires institutional IMG/JGI access
3300001594_53	3300001594_53	Bacteria	Unknown		unsupervised	IMG/JGI	Restricted	Requires institutional IMG/JGI access
3300007184_14	3300007184_14	Bacteria	Unknown		unsupervised	IMG/JGI	Restricted	Requires institutional IMG/JGI access
3300020197_51	3300020197_51	Bacteria	Unknown		unsupervised	IMG/JGI	Restricted	Requires institutional IMG/JGI access
3300011720_1	3300011720_1	Bacteria	Unknown		unsupervised	IMG/JGI	Restricted	Requires institutional IMG/JGI access
3300012886_13	3300012886_13	Bacteria	Unknown		unsupervised	IMG/JGI	Restricted	Requires institutional IMG/JGI access
3300012829_11	3300012829_11	Bacteria	Unknown		unsupervised	IMG/JGI	Restricted	Requires institutional IMG/JGI access
3300008272_19	3300008272_19	Bacteria	Unknown		unsupervised	IMG/JGI	Restricted	Requires institutional IMG/JGI access
3300020420_17	3300020420_17	Bacteria	Unknown		unsupervised	IMG/JGI	Restricted	Requires institutional IMG/JGI access
3300029454_9	3300029454_9	Bacteria	Unknown		unsupervised	IMG/JGI	Restricted	Requires institutional IMG/JGI access
3300022177_26	3300022177_26	Bacteria	Unknown		unsupervised	IMG/JGI	Restricted	Requires institutional IMG/JGI access
3300021515_9	3300021515_9	Bacteria	Unknown		unsupervised	IMG/JGI	Restricted	Requires institutional IMG/JGI access
3300029764_14	3300029764_14	Bacteria	Unknown		unsupervised	IMG/JGI	Restricted	Requires institutional IMG/JGI access
3300029523_31	3300029523_31	Bacteria	Unknown		unsupervised	IMG/JGI	Restricted	Requires institutional IMG/JGI access
3300008413_5	3300008413_5	Bacteria	Unknown		unsupervised	IMG/JGI	Restricted	Requires institutional IMG/JGI access
3300025094_16	3300025094_16	Bacteria	Unknown		unsupervised	IMG/JGI	Restricted	Requires institutional IMG/JGI access
3300012259_4	3300012259_4	Bacteria	Unknown		unsupervised	IMG/JGI	Restricted	Requires institutional IMG/JGI access
3300027283_11	3300027283_11	Bacteria	Unknown		unsupervised	IMG/JGI	Restricted	Requires institutional IMG/JGI access
3300007940_4	3300007940_4	Bacteria	Unknown		unsupervised	IMG/JGI	Restricted	Requires institutional IMG/JGI access
3300012521_30	3300012521_30	Bacteria	Unknown		unsupervised	IMG/JGI	Restricted	Requires institutional IMG/JGI access
3300029709_17	3300029709_17	Bacteria	Unknown		unsupervised	IMG/JGI	Restricted	Requires institutional IMG/JGI access
3300025540_3	3300025540_3	Bacteria	Unknown		unsupervised	IMG/JGI	Restricted	Requires institutional IMG/JGI access
3300007259_1	3300007259_1	Bacteria	Unknown		unsupervised	IMG/JGI	Restricted	Requires institutional IMG/JGI access
3300026549_37	3300026549_37	Bacteria	Unknown		unsupervised	IMG/JGI	Restricted	Requires institutional IMG/JGI access
3300029737_26	3300029737_26	Bacteria	Unknown		unsupervised	IMG/JGI	Restricted	Requires institutional IMG/JGI access
3300017423_5	3300017423_5	Bacteria	Unknown		unsupervised	IMG/JGI	Restricted	Requires institutional IMG/JGI access
3300026255_25	3300026255_25	Bacteria	Unknown		unsupervised	IMG/JGI	Restricted	Requires institutional IMG/JGI access
3300017920_2	3300017920_2	Bacteria	Unknown		unsupervised	IMG/JGI	Restricted	Requires institutional IMG/JGI access
3300008433_4	3300008433_4	Bacteria	Unknown		unsupervised	IMG/JGI	Restricted	Requires institutional IMG/JGI access
3300029497_17	3300029497_17	Bacteria	Unknown		unsupervised	IMG/JGI	Restricted	Requires institutional IMG/JGI access
3300029656_17	3300029656_17	Bacteria	Unknown		unsupervised	IMG/JGI	Restricted	Requires institutional IMG/JGI access
3300025631_4	3300025631_4	Bacteria	Unknown		unsupervised	IMG/JGI	Restricted	Requires institutional IMG/JGI access
3300020196_56	3300020196_56	Bacteria	Unknown		unsupervised	IMG/JGI	Restricted	Requires institutional IMG/JGI access
3300029493_18	3300029493_18	Bacteria	Unknown		unsupervised	IMG/JGI	Restricted	Requires institutional IMG/JGI access
3300029848_16	3300029848_16	Bacteria	Unknown		unsupervised	IMG/JGI	Restricted	Requires institutional IMG/JGI access
3300008622_4	3300008622_4	Bacteria	Unknown		unsupervised	IMG/JGI	Restricted	Requires institutional IMG/JGI access
3300011750_1	3300011750_1	Bacteria	Unknown		unsupervised	IMG/JGI	Restricted	Requires institutional IMG/JGI access
3300025713_61	3300025713_61	Bacteria	Unknown		unsupervised	IMG/JGI	Restricted	Requires institutional IMG/JGI access
3300008155_37	3300008155_37	Bacteria	Unknown		unsupervised	IMG/JGI	Restricted	Requires institutional IMG/JGI access
3300008490_9	3300008490_9	Bacteria	Unknown		unsupervised	IMG/JGI	Restricted	Requires institutional IMG/JGI access
3300027819_100	3300027819_100	Bacteria	Unknown		unsupervised	IMG/JGI	Restricted	Requires institutional IMG/JGI access
3300020372_6	3300020372_6	Bacteria	Unknown		unsupervised	IMG/JGI	Restricted	Requires institutional IMG/JGI access
3300025292_22	3300025292_22	Bacteria	Unknown		unsupervised	IMG/JGI	Restricted	Requires institutional IMG/JGI access
3300029726_10	3300029726_10	Bacteria	Unknown		unsupervised	IMG/JGI	Restricted	Requires institutional IMG/JGI access
3300029313_7	3300029313_7	Bacteria	Unknown		unsupervised	IMG/JGI	Restricted	Requires institutional IMG/JGI access
3300020391_13	3300020391_13	Bacteria	Unknown		unsupervised	IMG/JGI	Restricted	Requires institutional IMG/JGI access
3300029295_6	3300029295_6	Bacteria	Unknown		unsupervised	IMG/JGI	Restricted	Requires institutional IMG/JGI access
3300002054_6	3300002054_6	Bacteria	Unknown		unsupervised	IMG/JGI	Restricted	Requires institutional IMG/JGI access
3300022181_29	3300022181_29	Bacteria	Unknown		unsupervised	IMG/JGI	Restricted	Requires institutional IMG/JGI access
3300029700_25	3300029700_25	Bacteria	Unknown		unsupervised	IMG/JGI	Restricted	Requires institutional IMG/JGI access
3300025617_19	3300025617_19	Bacteria	Unknown		unsupervised	IMG/JGI	Restricted	Requires institutional IMG/JGI access
3300029390_16	3300029390_16	Bacteria	Unknown		unsupervised	IMG/JGI	Restricted	Requires institutional IMG/JGI access
3300011888_3	3300011888_3	Bacteria	Unknown		unsupervised	IMG/JGI	Restricted	Requires institutional IMG/JGI access
3300020415_8	3300020415_8	Bacteria	Unknown		unsupervised	IMG/JGI	Restricted	Requires institutional IMG/JGI access
3300020200_13	3300020200_13	Bacteria	Unknown		unsupervised	IMG/JGI	Restricted	Requires institutional IMG/JGI access
3300006476_19	3300006476_19	Bacteria	Unknown		unsupervised	IMG/JGI	Restricted	Requires institutional IMG/JGI access
3300012810_7	3300012810_7	Bacteria	Unknown		unsupervised	IMG/JGI	Restricted	Requires institutional IMG/JGI access
3300027509_26	3300027509_26	Bacteria	Unknown		unsupervised	IMG/JGI	Restricted	Requires institutional IMG/JGI access
3300027815_50	3300027815_50	Bacteria	Unknown		unsupervised	IMG/JGI	Restricted	Requires institutional IMG/JGI access
3300022661_99	3300022661_99	Bacteria	Unknown		unsupervised	IMG/JGI	Restricted	Requires institutional IMG/JGI access
3300029709_31	3300029709_31	Bacteria	Unknown		unsupervised	IMG/JGI	Restricted	Requires institutional IMG/JGI access
3300014751_7	3300014751_7	Bacteria	Unknown		unsupervised	IMG/JGI	Restricted	Requires institutional IMG/JGI access
3300024930_4	3300024930_4	Bacteria	Unknown		unsupervised	IMG/JGI	Restricted	Requires institutional IMG/JGI access
3300029330_16	3300029330_16	Bacteria	Unknown		unsupervised	IMG/JGI	Restricted	Requires institutional IMG/JGI access
3300011749_4	3300011749_4	Bacteria	Unknown		unsupervised	IMG/JGI	Restricted	Requires institutional IMG/JGI access
3300026257_15	3300026257_15	Bacteria	Unknown		unsupervised	IMG/JGI	Restricted	Requires institutional IMG/JGI access
3300013721_3	3300013721_3	Bacteria	Unknown		unsupervised	IMG/JGI	Restricted	Requires institutional IMG/JGI access
3300005043_7	3300005043_7	Bacteria	Unknown		unsupervised	IMG/JGI	Restricted	Requires institutional IMG/JGI access
3300027510_46	3300027510_46	Bacteria	Unknown		unsupervised	IMG/JGI	Restricted	Requires institutional IMG/JGI access
3300014565_6	3300014565_6	Bacteria	Unknown		unsupervised	IMG/JGI	Restricted	Requires institutional IMG/JGI access
3300022738_9	3300022738_9	Bacteria	Unknown		unsupervised	IMG/JGI	Restricted	Requires institutional IMG/JGI access
3300029788_19	3300029788_19	Bacteria	Unknown		unsupervised	IMG/JGI	Restricted	Requires institutional IMG/JGI access
3300007120_4	3300007120_4	Bacteria	Unknown		unsupervised	IMG/JGI	Restricted	Requires institutional IMG/JGI access
3300029710_26	3300029710_26	Bacteria	Unknown		unsupervised	IMG/JGI	Restricted	Requires institutional IMG/JGI access
3300008745_2	3300008745_2	Bacteria	Unknown		unsupervised	IMG/JGI	Restricted	Requires institutional IMG/JGI access
3300029617_14	3300029617_14	Bacteria	Unknown		unsupervised	IMG/JGI	Restricted	Requires institutional IMG/JGI access
3300013126_15	3300013126_15	Bacteria	Unknown		unsupervised	IMG/JGI	Restricted	Requires institutional IMG/JGI access
3300024954_10	3300024954_10	Bacteria	Unknown		unsupervised	IMG/JGI	Restricted	Requires institutional IMG/JGI access
3300020386_6	3300020386_6	Bacteria	Unknown		unsupervised	IMG/JGI	Restricted	Requires institutional IMG/JGI access
3300027358_7	3300027358_7	Bacteria	Unknown		unsupervised	IMG/JGI	Restricted	Requires institutional IMG/JGI access
3300025713_13	3300025713_13	Bacteria	Unknown		unsupervised	IMG/JGI	Restricted	Requires institutional IMG/JGI access
3300011848_3	3300011848_3	Bacteria	Unknown		unsupervised	IMG/JGI	Restricted	Requires institutional IMG/JGI access
3300029875_13	3300029875_13	Bacteria	Unknown		unsupervised	IMG/JGI	Restricted	Requires institutional IMG/JGI access
3300011800_1	3300011800_1	Bacteria	Unknown		unsupervised	IMG/JGI	Restricted	Requires institutional IMG/JGI access
3300029443_20	3300029443_20	Bacteria	Unknown		unsupervised	IMG/JGI	Restricted	Requires institutional IMG/JGI access
3300028912_1	3300028912_1	Bacteria	Unknown		unsupervised	IMG/JGI	Restricted	Requires institutional IMG/JGI access
3300025899_14	3300025899_14	Bacteria	Unknown		unsupervised	IMG/JGI	Restricted	Requires institutional IMG/JGI access
3300010998_45	3300010998_45	Bacteria	Unknown		unsupervised	IMG/JGI	Restricted	Requires institutional IMG/JGI access
3300014530_8	3300014530_8	Bacteria	Unknown		unsupervised	IMG/JGI	Restricted	Requires institutional IMG/JGI access
3300018875_4	3300018875_4	Bacteria	Unknown		unsupervised	IMG/JGI	Restricted	Requires institutional IMG/JGI access
3300011384_1	3300011384_1	Bacteria	Unknown		unsupervised	IMG/JGI	Restricted	Requires institutional IMG/JGI access
3300027015_8	3300027015_8	Bacteria	Unknown		unsupervised	IMG/JGI	Restricted	Requires institutional IMG/JGI access
3300010274_41	3300010274_41	Bacteria	Unknown		unsupervised	IMG/JGI	Restricted	Requires institutional IMG/JGI access
3300029530_16	3300029530_16	Bacteria	Unknown		unsupervised	IMG/JGI	Restricted	Requires institutional IMG/JGI access
3300029432_12	3300029432_12	Bacteria	Unknown		unsupervised	IMG/JGI	Restricted	Requires institutional IMG/JGI access
3300025638_15	3300025638_15	Bacteria	Unknown		unsupervised	IMG/JGI	Restricted	Requires institutional IMG/JGI access
3300013769_4	3300013769_4	Bacteria	Unknown		unsupervised	IMG/JGI	Restricted	Requires institutional IMG/JGI access
3300029356_20	3300029356_20	Bacteria	Unknown		unsupervised	IMG/JGI	Restricted	Requires institutional IMG/JGI access
3300008746_7	3300008746_7	Bacteria	Unknown		unsupervised	IMG/JGI	Restricted	Requires institutional IMG/JGI access
3300024247_6	3300024247_6	Bacteria	Unknown		unsupervised	IMG/JGI	Restricted	Requires institutional IMG/JGI access
3300008268_19	3300008268_19	Bacteria	Unknown		unsupervised	IMG/JGI	Restricted	Requires institutional IMG/JGI access
3300012842_2	3300012842_2	Bacteria	Unknown		unsupervised	IMG/JGI	Restricted	Requires institutional IMG/JGI access
3300008668_3	3300008668_3	Bacteria	Unknown		unsupervised	IMG/JGI	Restricted	Requires institutional IMG/JGI access
3300002481_29	3300002481_29	Bacteria	Unknown		unsupervised	IMG/JGI	Restricted	Requires institutional IMG/JGI access
3300029375_27	3300029375_27	Bacteria	Unknown		unsupervised	IMG/JGI	Restricted	Requires institutional IMG/JGI access
3300008123_24	3300008123_24	Bacteria	Unknown		unsupervised	IMG/JGI	Restricted	Requires institutional IMG/JGI access
3300013983_1	3300013983_1	Bacteria	Unknown		unsupervised	IMG/JGI	Restricted	Requires institutional IMG/JGI access
3300027282_27	3300027282_27	Bacteria	Unknown		unsupervised	IMG/JGI	Restricted	Requires institutional IMG/JGI access
3300005326_62	3300005326_62	Bacteria	Unknown		unsupervised	IMG/JGI	Restricted	Requires institutional IMG/JGI access
3300022401_9	3300022401_9	Bacteria	Unknown		unsupervised	IMG/JGI	Restricted	Requires institutional IMG/JGI access
3300025860_51	3300025860_51	Bacteria	Unknown		unsupervised	IMG/JGI	Restricted	Requires institutional IMG/JGI access
3300026483_9	3300026483_9	Bacteria	Unknown		unsupervised	IMG/JGI	Restricted	Requires institutional IMG/JGI access
3300029405_8	3300029405_8	Bacteria	Unknown		unsupervised	IMG/JGI	Restricted	Requires institutional IMG/JGI access
3300021306_12	3300021306_12	Bacteria	Unknown		unsupervised	IMG/JGI	Restricted	Requires institutional IMG/JGI access
3300012803_8	3300012803_8	Bacteria	Unknown		unsupervised	IMG/JGI	Restricted	Requires institutional IMG/JGI access
3300029127_20	3300029127_20	Bacteria	Unknown		unsupervised	IMG/JGI	Restricted	Requires institutional IMG/JGI access
3300020214_22	3300020214_22	Bacteria	Unknown		unsupervised	IMG/JGI	Restricted	Requires institutional IMG/JGI access
3300008486_17	3300008486_17	Bacteria	Unknown		unsupervised	IMG/JGI	Restricted	Requires institutional IMG/JGI access
3300029778_13	3300029778_13	Bacteria	Unknown		unsupervised	IMG/JGI	Restricted	Requires institutional IMG/JGI access
3300029421_15	3300029421_15	Bacteria	Unknown		unsupervised	IMG/JGI	Restricted	Requires institutional IMG/JGI access
3300029326_14	3300029326_14	Bacteria	Unknown		unsupervised	IMG/JGI	Restricted	Requires institutional IMG/JGI access
3300011543_2	3300011543_2	Bacteria	Unknown		unsupervised	IMG/JGI	Restricted	Requires institutional IMG/JGI access
3300029723_12	3300029723_12	Bacteria	Unknown		unsupervised	IMG/JGI	Restricted	Requires institutional IMG/JGI access
3300029871_24	3300029871_24	Bacteria	Unknown		unsupervised	IMG/JGI	Restricted	Requires institutional IMG/JGI access
3300008676_10	3300008676_10	Bacteria	Unknown		unsupervised	IMG/JGI	Restricted	Requires institutional IMG/JGI access
3300029255_8	3300029255_8	Bacteria	Unknown		unsupervised	IMG/JGI	Restricted	Requires institutional IMG/JGI access
3300029336_29	3300029336_29	Bacteria	Unknown		unsupervised	IMG/JGI	Restricted	Requires institutional IMG/JGI access
3300027801_51	3300027801_51	Bacteria	Unknown		unsupervised	IMG/JGI	Restricted	Requires institutional IMG/JGI access
3300027864_25	3300027864_25	Bacteria	Unknown		unsupervised	IMG/JGI	Restricted	Requires institutional IMG/JGI access
3300028991_6	3300028991_6	Bacteria	Unknown		unsupervised	IMG/JGI	Restricted	Requires institutional IMG/JGI access
3300011234_1	3300011234_1	Bacteria	Unknown		unsupervised	IMG/JGI	Restricted	Requires institutional IMG/JGI access
3300027980_20	3300027980_20	Bacteria	Unknown		unsupervised	IMG/JGI	Restricted	Requires institutional IMG/JGI access
3300026977_2	3300026977_2	Bacteria	Unknown		unsupervised	IMG/JGI	Restricted	Requires institutional IMG/JGI access
3300025611_18	3300025611_18	Bacteria	Unknown		unsupervised	IMG/JGI	Restricted	Requires institutional IMG/JGI access
3300011787_2	3300011787_2	Bacteria	Unknown		unsupervised	IMG/JGI	Restricted	Requires institutional IMG/JGI access
3300010267_11	3300010267_11	Bacteria	Unknown		unsupervised	IMG/JGI	Restricted	Requires institutional IMG/JGI access
3300012609_4	3300012609_4	Bacteria	Unknown		unsupervised	IMG/JGI	Restricted	Requires institutional IMG/JGI access
3300013494_3	3300013494_3	Bacteria	Unknown		unsupervised	IMG/JGI	Restricted	Requires institutional IMG/JGI access
3300028557_51	3300028557_51	Bacteria	Unknown		unsupervised	IMG/JGI	Restricted	Requires institutional IMG/JGI access
3300027968_28	3300027968_28	Bacteria	Unknown		unsupervised	IMG/JGI	Restricted	Requires institutional IMG/JGI access
3300027784_117	3300027784_117	Bacteria	Unknown		unsupervised	IMG/JGI	Restricted	Requires institutional IMG/JGI access
3300029887_7	3300029887_7	Bacteria	Unknown		unsupervised	IMG/JGI	Restricted	Requires institutional IMG/JGI access
3300011917_2	3300011917_2	Bacteria	Unknown		unsupervised	IMG/JGI	Restricted	Requires institutional IMG/JGI access
3300029218_11	3300029218_11	Bacteria	Unknown		unsupervised	IMG/JGI	Restricted	Requires institutional IMG/JGI access
3300029816_9	3300029816_9	Bacteria	Unknown		unsupervised	IMG/JGI	Restricted	Requires institutional IMG/JGI access
3300029700_14	3300029700_14	Bacteria	Unknown		unsupervised	IMG/JGI	Restricted	Requires institutional IMG/JGI access
3300024042_7	3300024042_7	Bacteria	Unknown		unsupervised	IMG/JGI	Restricted	Requires institutional IMG/JGI access
3300025254_3	3300025254_3	Bacteria	Unknown		unsupervised	IMG/JGI	Restricted	Requires institutional IMG/JGI access
3300029391_17	3300029391_17	Bacteria	Unknown		unsupervised	IMG/JGI	Restricted	Requires institutional IMG/JGI access
3300011949_2	3300011949_2	Bacteria	Unknown		unsupervised	IMG/JGI	Restricted	Requires institutional IMG/JGI access
3300010273_20	3300010273_20	Bacteria	Unknown		unsupervised	IMG/JGI	Restricted	Requires institutional IMG/JGI access
3300008272_27	3300008272_27	Bacteria	Unknown		unsupervised	IMG/JGI	Restricted	Requires institutional IMG/JGI access
3300008420_5	3300008420_5	Bacteria	Unknown		unsupervised	IMG/JGI	Restricted	Requires institutional IMG/JGI access
3300025913_49	3300025913_49	Bacteria	Unknown		unsupervised	IMG/JGI	Restricted	Requires institutional IMG/JGI access
3300011621_5	3300011621_5	Bacteria	Unknown		unsupervised	IMG/JGI	Restricted	Requires institutional IMG/JGI access
3300020578_64	3300020578_64	Bacteria	Unknown		unsupervised	IMG/JGI	Restricted	Requires institutional IMG/JGI access
3300027739_8	3300027739_8	Bacteria	Unknown		unsupervised	IMG/JGI	Restricted	Requires institutional IMG/JGI access
3300021306_33	3300021306_33	Bacteria	Unknown		unsupervised	IMG/JGI	Restricted	Requires institutional IMG/JGI access
3300012842_3	3300012842_3	Bacteria	Unknown		unsupervised	IMG/JGI	Restricted	Requires institutional IMG/JGI access
3300025272_5	3300025272_5	Bacteria	Unknown		unsupervised	IMG/JGI	Restricted	Requires institutional IMG/JGI access
3300026287_18	3300026287_18	Bacteria	Unknown		unsupervised	IMG/JGI	Restricted	Requires institutional IMG/JGI access
3300024972_6	3300024972_6	Bacteria	Unknown		unsupervised	IMG/JGI	Restricted	Requires institutional IMG/JGI access
3300029461_10	3300029461_10	Bacteria	Unknown		unsupervised	IMG/JGI	Restricted	Requires institutional IMG/JGI access
3300029395_8	3300029395_8	Bacteria	Unknown		unsupervised	IMG/JGI	Restricted	Requires institutional IMG/JGI access
3300029535_4	3300029535_4	Bacteria	Unknown		unsupervised	IMG/JGI	Restricted	Requires institutional IMG/JGI access
3300025926_15	3300025926_15	Bacteria	Unknown		unsupervised	IMG/JGI	Restricted	Requires institutional IMG/JGI access
3300029335_17	3300029335_17	Bacteria	Unknown		unsupervised	IMG/JGI	Restricted	Requires institutional IMG/JGI access
3300029111_8	3300029111_8	Bacteria	Unknown		unsupervised	IMG/JGI	Restricted	Requires institutional IMG/JGI access
3300029355_13	3300029355_13	Bacteria	Unknown		unsupervised	IMG/JGI	Restricted	Requires institutional IMG/JGI access
3300025622_10	3300025622_10	Bacteria	Unknown		unsupervised	IMG/JGI	Restricted	Requires institutional IMG/JGI access
3300006723_1	3300006723_1	Bacteria	Unknown		unsupervised	IMG/JGI	Restricted	Requires institutional IMG/JGI access
3300029244_11	3300029244_11	Bacteria	Unknown		unsupervised	IMG/JGI	Restricted	Requires institutional IMG/JGI access
3300023211_5	3300023211_5	Bacteria	Unknown		unsupervised	IMG/JGI	Restricted	Requires institutional IMG/JGI access
3300011578_2	3300011578_2	Bacteria	Unknown		unsupervised	IMG/JGI	Restricted	Requires institutional IMG/JGI access
3300014092_1	3300014092_1	Bacteria	Unknown		unsupervised	IMG/JGI	Restricted	Requires institutional IMG/JGI access
3300026253_24	3300026253_24	Bacteria	Unknown		unsupervised	IMG/JGI	Restricted	Requires institutional IMG/JGI access
3300011899_1	3300011899_1	Bacteria	Unknown		unsupervised	IMG/JGI	Restricted	Requires institutional IMG/JGI access
3300026897_4	3300026897_4	Bacteria	Unknown		unsupervised	IMG/JGI	Restricted	Requires institutional IMG/JGI access
3300025832_23	3300025832_23	Bacteria	Unknown		unsupervised	IMG/JGI	Restricted	Requires institutional IMG/JGI access
3300020190_74	3300020190_74	Bacteria	Unknown		unsupervised	IMG/JGI	Restricted	Requires institutional IMG/JGI access
3300029605_13	3300029605_13	Bacteria	Unknown		unsupervised	IMG/JGI	Restricted	Requires institutional IMG/JGI access
3300027773_27	3300027773_27	Bacteria	Unknown		unsupervised	IMG/JGI	Restricted	Requires institutional IMG/JGI access
3300029530_7	3300029530_7	Bacteria	Unknown		unsupervised	IMG/JGI	Restricted	Requires institutional IMG/JGI access
3300029615_33	3300029615_33	Bacteria	Unknown		unsupervised	IMG/JGI	Restricted	Requires institutional IMG/JGI access
3300020347_4	3300020347_4	Bacteria	Unknown		unsupervised	IMG/JGI	Restricted	Requires institutional IMG/JGI access
3300011507_2	3300011507_2	Bacteria	Unknown		unsupervised	IMG/JGI	Restricted	Requires institutional IMG/JGI access
3300006568_22	3300006568_22	Bacteria	Unknown		unsupervised	IMG/JGI	Restricted	Requires institutional IMG/JGI access
3300029391_18	3300029391_18	Bacteria	Unknown		unsupervised	IMG/JGI	Restricted	Requires institutional IMG/JGI access
3300029490_26	3300029490_26	Bacteria	Unknown		unsupervised	IMG/JGI	Restricted	Requires institutional IMG/JGI access
3300012090_24	3300012090_24	Bacteria	Unknown		unsupervised	IMG/JGI	Restricted	Requires institutional IMG/JGI access
3300025683_16	3300025683_16	Bacteria	Unknown		unsupervised	IMG/JGI	Restricted	Requires institutional IMG/JGI access
3300028593_41	3300028593_41	Bacteria	Unknown		unsupervised	IMG/JGI	Restricted	Requires institutional IMG/JGI access
3300008478_11	3300008478_11	Bacteria	Unknown		unsupervised	IMG/JGI	Restricted	Requires institutional IMG/JGI access
3300011835_3	3300011835_3	Bacteria	Unknown		unsupervised	IMG/JGI	Restricted	Requires institutional IMG/JGI access
3300025502_12	3300025502_12	Bacteria	Unknown		unsupervised	IMG/JGI	Restricted	Requires institutional IMG/JGI access
3300024318_6	3300024318_6	Bacteria	Unknown		unsupervised	IMG/JGI	Restricted	Requires institutional IMG/JGI access
3300028048_55	3300028048_55	Bacteria	Unknown		unsupervised	IMG/JGI	Restricted	Requires institutional IMG/JGI access
3300007796_12	3300007796_12	Bacteria	Unknown		unsupervised	IMG/JGI	Restricted	Requires institutional IMG/JGI access
3300020138_4	3300020138_4	Bacteria	Unknown		unsupervised	IMG/JGI	Restricted	Requires institutional IMG/JGI access
3300014537_15	3300014537_15	Bacteria	Unknown		unsupervised	IMG/JGI	Restricted	Requires institutional IMG/JGI access
3300029580_13	3300029580_13	Bacteria	Unknown		unsupervised	IMG/JGI	Restricted	Requires institutional IMG/JGI access
3300017423_23	3300017423_23	Bacteria	Unknown		unsupervised	IMG/JGI	Restricted	Requires institutional IMG/JGI access
3300007361_20	3300007361_20	Bacteria	Unknown		unsupervised	IMG/JGI	Restricted	Requires institutional IMG/JGI access
3300006258_3	3300006258_3	Bacteria	Unknown		unsupervised	IMG/JGI	Restricted	Requires institutional IMG/JGI access
3300011378_1	3300011378_1	Bacteria	Unknown		unsupervised	IMG/JGI	Restricted	Requires institutional IMG/JGI access
3300025767_17	3300025767_17	Bacteria	Unknown		unsupervised	IMG/JGI	Restricted	Requires institutional IMG/JGI access
3300027296_7	3300027296_7	Bacteria	Unknown		unsupervised	IMG/JGI	Restricted	Requires institutional IMG/JGI access
3300011244_1	3300011244_1	Bacteria	Unknown		unsupervised	IMG/JGI	Restricted	Requires institutional IMG/JGI access
3300013414_12	3300013414_12	Bacteria	Unknown		unsupervised	IMG/JGI	Restricted	Requires institutional IMG/JGI access
3300025238_17	3300025238_17	Bacteria	Unknown		unsupervised	IMG/JGI	Restricted	Requires institutional IMG/JGI access
3300008668_5	3300008668_5	Bacteria	Unknown		unsupervised	IMG/JGI	Restricted	Requires institutional IMG/JGI access
3300029070_2	3300029070_2	Bacteria	Unknown		unsupervised	IMG/JGI	Restricted	Requires institutional IMG/JGI access
3300028557_31	3300028557_31	Bacteria	Unknown		unsupervised	IMG/JGI	Restricted	Requires institutional IMG/JGI access
3300014905_1	3300014905_1	Bacteria	Unknown		unsupervised	IMG/JGI	Restricted	Requires institutional IMG/JGI access
3300024511_2	3300024511_2	Bacteria	Unknown		unsupervised	IMG/JGI	Restricted	Requires institutional IMG/JGI access
3300014656_18	3300014656_18	Bacteria	Unknown		unsupervised	IMG/JGI	Restricted	Requires institutional IMG/JGI access
3300027509_21	3300027509_21	Bacteria	Unknown		unsupervised	IMG/JGI	Restricted	Requires institutional IMG/JGI access
3300029468_7	3300029468_7	Bacteria	Unknown		unsupervised	IMG/JGI	Restricted	Requires institutional IMG/JGI access
3300027690_12	3300027690_12	Bacteria	Unknown		unsupervised	IMG/JGI	Restricted	Requires institutional IMG/JGI access
2061766007_114	2061766007_114	Bacteria	Unknown		unsupervised	IMG/JGI	Restricted	Requires institutional IMG/JGI access
3300026986_7	3300026986_7	Bacteria	Unknown		unsupervised	IMG/JGI	Restricted	Requires institutional IMG/JGI access
3300029653_8	3300029653_8	Bacteria	Unknown		unsupervised	IMG/JGI	Restricted	Requires institutional IMG/JGI access
3300029593_24	3300029593_24	Bacteria	Unknown		unsupervised	IMG/JGI	Restricted	Requires institutional IMG/JGI access
3300029790_21	3300029790_21	Bacteria	Unknown		unsupervised	IMG/JGI	Restricted	Requires institutional IMG/JGI access
3300007222_14	3300007222_14	Bacteria	Unknown		unsupervised	IMG/JGI	Restricted	Requires institutional IMG/JGI access
3300029122_19	3300029122_19	Bacteria	Unknown		unsupervised	IMG/JGI	Restricted	Requires institutional IMG/JGI access
3300014612_3	3300014612_3	Bacteria	Unknown		unsupervised	IMG/JGI	Restricted	Requires institutional IMG/JGI access
3300014916_5	3300014916_5	Bacteria	Unknown		unsupervised	IMG/JGI	Restricted	Requires institutional IMG/JGI access
3300001594_26	3300001594_26	Bacteria	Unknown		unsupervised	IMG/JGI	Restricted	Requires institutional IMG/JGI access
3300027157_5	3300027157_5	Bacteria	Unknown		unsupervised	IMG/JGI	Restricted	Requires institutional IMG/JGI access
3300025105_19	3300025105_19	Bacteria	Unknown		unsupervised	IMG/JGI	Restricted	Requires institutional IMG/JGI access
3300011810_3	3300011810_3	Bacteria	Unknown		unsupervised	IMG/JGI	Restricted	Requires institutional IMG/JGI access
3300011895_5	3300011895_5	Bacteria	Unknown		unsupervised	IMG/JGI	Restricted	Requires institutional IMG/JGI access
3300008272_13	3300008272_13	Bacteria	Unknown		unsupervised	IMG/JGI	Restricted	Requires institutional IMG/JGI access
3300009503_97	3300009503_97	Bacteria	Unknown		unsupervised	IMG/JGI	Restricted	Requires institutional IMG/JGI access
3300020592_7	3300020592_7	Bacteria	Unknown		unsupervised	IMG/JGI	Restricted	Requires institutional IMG/JGI access
3300027958_85	3300027958_85	Bacteria	Unknown		unsupervised	IMG/JGI	Restricted	Requires institutional IMG/JGI access
3300029336_27	3300029336_27	Bacteria	Unknown		unsupervised	IMG/JGI	Restricted	Requires institutional IMG/JGI access
3300006186_15	3300006186_15	Bacteria	Unknown		unsupervised	IMG/JGI	Restricted	Requires institutional IMG/JGI access
3300029567_26	3300029567_26	Bacteria	Unknown		unsupervised	IMG/JGI	Restricted	Requires institutional IMG/JGI access
3300008571_15	3300008571_15	Bacteria	Unknown		unsupervised	IMG/JGI	Restricted	Requires institutional IMG/JGI access
3300024907_15	3300024907_15	Bacteria	Unknown		unsupervised	IMG/JGI	Restricted	Requires institutional IMG/JGI access
3300029425_9	3300029425_9	Bacteria	Unknown		unsupervised	IMG/JGI	Restricted	Requires institutional IMG/JGI access
3300011457_2	3300011457_2	Bacteria	Unknown		unsupervised	IMG/JGI	Restricted	Requires institutional IMG/JGI access
3300011956_3	3300011956_3	Bacteria	Unknown		unsupervised	IMG/JGI	Restricted	Requires institutional IMG/JGI access
3300026549_53	3300026549_53	Bacteria	Unknown		unsupervised	IMG/JGI	Restricted	Requires institutional IMG/JGI access
3300029587_25	3300029587_25	Bacteria	Unknown		unsupervised	IMG/JGI	Restricted	Requires institutional IMG/JGI access
3300025708_51	3300025708_51	Bacteria	Unknown		unsupervised	IMG/JGI	Restricted	Requires institutional IMG/JGI access
3300027130_8	3300027130_8	Bacteria	Unknown		unsupervised	IMG/JGI	Restricted	Requires institutional IMG/JGI access
3300029185_14	3300029185_14	Bacteria	Unknown		unsupervised	IMG/JGI	Restricted	Requires institutional IMG/JGI access
3300029589_32	3300029589_32	Bacteria	Unknown		unsupervised	IMG/JGI	Restricted	Requires institutional IMG/JGI access
3300029794_23	3300029794_23	Bacteria	Unknown		unsupervised	IMG/JGI	Restricted	Requires institutional IMG/JGI access
3300027823_53	3300027823_53	Bacteria	Unknown		unsupervised	IMG/JGI	Restricted	Requires institutional IMG/JGI access
3300012265_9	3300012265_9	Bacteria	Unknown		unsupervised	IMG/JGI	Restricted	Requires institutional IMG/JGI access
3300012016_16	3300012016_16	Bacteria	Unknown		unsupervised	IMG/JGI	Restricted	Requires institutional IMG/JGI access
3300005326_51	3300005326_51	Bacteria	Unknown		unsupervised	IMG/JGI	Restricted	Requires institutional IMG/JGI access
3300022146_9	3300022146_9	Bacteria	Unknown		unsupervised	IMG/JGI	Restricted	Requires institutional IMG/JGI access
3300029404_25	3300029404_25	Bacteria	Unknown		unsupervised	IMG/JGI	Restricted	Requires institutional IMG/JGI access
3300011215_3	3300011215_3	Bacteria	Unknown		unsupervised	IMG/JGI	Restricted	Requires institutional IMG/JGI access
3300029729_24	3300029729_24	Bacteria	Unknown		unsupervised	IMG/JGI	Restricted	Requires institutional IMG/JGI access
3300011972_10	3300011972_10	Bacteria	Unknown		unsupervised	IMG/JGI	Restricted	Requires institutional IMG/JGI access
3300005985_30	3300005985_30	Bacteria	Unknown		unsupervised	IMG/JGI	Restricted	Requires institutional IMG/JGI access
3300029420_11	3300029420_11	Bacteria	Unknown		unsupervised	IMG/JGI	Restricted	Requires institutional IMG/JGI access
3300025305_8	3300025305_8	Bacteria	Unknown		unsupervised	IMG/JGI	Restricted	Requires institutional IMG/JGI access
3300008461_8	3300008461_8	Bacteria	Unknown		unsupervised	IMG/JGI	Restricted	Requires institutional IMG/JGI access
3300010275_25	3300010275_25	Bacteria	Unknown		unsupervised	IMG/JGI	Restricted	Requires institutional IMG/JGI access
3300027869_16	3300027869_16	Bacteria	Unknown		unsupervised	IMG/JGI	Restricted	Requires institutional IMG/JGI access
3300020424_16	3300020424_16	Bacteria	Unknown		unsupervised	IMG/JGI	Restricted	Requires institutional IMG/JGI access
3300027244_6	3300027244_6	Bacteria	Unknown		unsupervised	IMG/JGI	Restricted	Requires institutional IMG/JGI access
3300029354_29	3300029354_29	Bacteria	Unknown		unsupervised	IMG/JGI	Restricted	Requires institutional IMG/JGI access
3300027963_199	3300027963_199	Bacteria	Unknown		unsupervised	IMG/JGI	Restricted	Requires institutional IMG/JGI access
3300007296_5	3300007296_5	Bacteria	Unknown		unsupervised	IMG/JGI	Restricted	Requires institutional IMG/JGI access
3300007091_4	3300007091_4	Bacteria	Unknown		unsupervised	IMG/JGI	Restricted	Requires institutional IMG/JGI access
3300012921_41	3300012921_41	Bacteria	Unknown		unsupervised	IMG/JGI	Restricted	Requires institutional IMG/JGI access
3300011509_2	3300011509_2	Bacteria	Unknown		unsupervised	IMG/JGI	Restricted	Requires institutional IMG/JGI access
3300008335_7	3300008335_7	Bacteria	Unknown		unsupervised	IMG/JGI	Restricted	Requires institutional IMG/JGI access
3300026188_20	3300026188_20	Bacteria	Unknown		unsupervised	IMG/JGI	Restricted	Requires institutional IMG/JGI access
3300027757_14	3300027757_14	Bacteria	Unknown		unsupervised	IMG/JGI	Restricted	Requires institutional IMG/JGI access
3300025622_13	3300025622_13	Bacteria	Unknown		unsupervised	IMG/JGI	Restricted	Requires institutional IMG/JGI access
3300026848_24	3300026848_24	Bacteria	Unknown		unsupervised	IMG/JGI	Restricted	Requires institutional IMG/JGI access
3300029696_16	3300029696_16	Bacteria	Unknown		unsupervised	IMG/JGI	Restricted	Requires institutional IMG/JGI access
3300006479_5	3300006479_5	Bacteria	Unknown		unsupervised	IMG/JGI	Restricted	Requires institutional IMG/JGI access
3300029178_4	3300029178_4	Bacteria	Unknown		unsupervised	IMG/JGI	Restricted	Requires institutional IMG/JGI access
3300013978_1	3300013978_1	Bacteria	Unknown		unsupervised	IMG/JGI	Restricted	Requires institutional IMG/JGI access
3300018004_15	3300018004_15	Bacteria	Unknown		unsupervised	IMG/JGI	Restricted	Requires institutional IMG/JGI access
3300029613_8	3300029613_8	Bacteria	Unknown		unsupervised	IMG/JGI	Restricted	Requires institutional IMG/JGI access
3300012859_9	3300012859_9	Bacteria	Unknown		unsupervised	IMG/JGI	Restricted	Requires institutional IMG/JGI access
3300008716_15	3300008716_15	Bacteria	Unknown		unsupervised	IMG/JGI	Restricted	Requires institutional IMG/JGI access
3300022660_92	3300022660_92	Bacteria	Unknown		unsupervised	IMG/JGI	Restricted	Requires institutional IMG/JGI access
3300029237_16	3300029237_16	Bacteria	Unknown		unsupervised	IMG/JGI	Restricted	Requires institutional IMG/JGI access
3300008348_5	3300008348_5	Bacteria	Unknown		unsupervised	IMG/JGI	Restricted	Requires institutional IMG/JGI access
3300014747_4	3300014747_4	Bacteria	Unknown		unsupervised	IMG/JGI	Restricted	Requires institutional IMG/JGI access
3300012831_5	3300012831_5	Bacteria	Unknown		unsupervised	IMG/JGI	Restricted	Requires institutional IMG/JGI access
3300011233_2	3300011233_2	Bacteria	Unknown		unsupervised	IMG/JGI	Restricted	Requires institutional IMG/JGI access
3300011923_2	3300011923_2	Bacteria	Unknown		unsupervised	IMG/JGI	Restricted	Requires institutional IMG/JGI access
3300011140_6	3300011140_6	Bacteria	Unknown		unsupervised	IMG/JGI	Restricted	Requires institutional IMG/JGI access
3300029435_17	3300029435_17	Bacteria	Unknown		unsupervised	IMG/JGI	Restricted	Requires institutional IMG/JGI access
3300026516_38	3300026516_38	Bacteria	Unknown		unsupervised	IMG/JGI	Restricted	Requires institutional IMG/JGI access
3300012841_5	3300012841_5	Bacteria	Unknown		unsupervised	IMG/JGI	Restricted	Requires institutional IMG/JGI access
3300022888_29	3300022888_29	Bacteria	Unknown		unsupervised	IMG/JGI	Restricted	Requires institutional IMG/JGI access
3300021256_45	3300021256_45	Bacteria	Unknown		unsupervised	IMG/JGI	Restricted	Requires institutional IMG/JGI access
2049941000_82	2049941000_82	Bacteria	Unknown		unsupervised	IMG/JGI	Restricted	Requires institutional IMG/JGI access
3300007055_9	3300007055_9	Bacteria	Unknown		unsupervised	IMG/JGI	Restricted	Requires institutional IMG/JGI access
3300022931_23	3300022931_23	Bacteria	Unknown		unsupervised	IMG/JGI	Restricted	Requires institutional IMG/JGI access
3300026703_7	3300026703_7	Bacteria	Unknown		unsupervised	IMG/JGI	Restricted	Requires institutional IMG/JGI access
3300025529_13	3300025529_13	Bacteria	Unknown		unsupervised	IMG/JGI	Restricted	Requires institutional IMG/JGI access
3300005287_13	3300005287_13	Bacteria	Unknown		unsupervised	IMG/JGI	Restricted	Requires institutional IMG/JGI access
3300019765_2	3300019765_2	Bacteria	Unknown		unsupervised	IMG/JGI	Restricted	Requires institutional IMG/JGI access
3300008514_5	3300008514_5	Bacteria	Unknown		unsupervised	IMG/JGI	Restricted	Requires institutional IMG/JGI access
3300011488_2	3300011488_2	Bacteria	Unknown		unsupervised	IMG/JGI	Restricted	Requires institutional IMG/JGI access
3300020436_3	3300020436_3	Bacteria	Unknown		unsupervised	IMG/JGI	Restricted	Requires institutional IMG/JGI access
3300029725_12	3300029725_12	Bacteria	Unknown		unsupervised	IMG/JGI	Restricted	Requires institutional IMG/JGI access
3300029885_24	3300029885_24	Bacteria	Unknown		unsupervised	IMG/JGI	Restricted	Requires institutional IMG/JGI access
3300012149_4	3300012149_4	Bacteria	Unknown		unsupervised	IMG/JGI	Restricted	Requires institutional IMG/JGI access
3300011966_5	3300011966_5	Bacteria	Unknown		unsupervised	IMG/JGI	Restricted	Requires institutional IMG/JGI access
3300011623_1	3300011623_1	Bacteria	Unknown		unsupervised	IMG/JGI	Restricted	Requires institutional IMG/JGI access
3300012033_4	3300012033_4	Bacteria	Unknown		unsupervised	IMG/JGI	Restricted	Requires institutional IMG/JGI access
3300005326_37	3300005326_37	Bacteria	Unknown		unsupervised	IMG/JGI	Restricted	Requires institutional IMG/JGI access
3300012273_3	3300012273_3	Bacteria	Unknown		unsupervised	IMG/JGI	Restricted	Requires institutional IMG/JGI access
3300011738_2	3300011738_2	Bacteria	Unknown		unsupervised	IMG/JGI	Restricted	Requires institutional IMG/JGI access
3300008436_7	3300008436_7	Bacteria	Unknown		unsupervised	IMG/JGI	Restricted	Requires institutional IMG/JGI access
3300025218_6	3300025218_6	Bacteria	Unknown		unsupervised	IMG/JGI	Restricted	Requires institutional IMG/JGI access
3300029815_22	3300029815_22	Bacteria	Unknown		unsupervised	IMG/JGI	Restricted	Requires institutional IMG/JGI access
3300008496_4	3300008496_4	Bacteria	Unknown		unsupervised	IMG/JGI	Restricted	Requires institutional IMG/JGI access
3300018946_6	3300018946_6	Bacteria	Unknown		unsupervised	IMG/JGI	Restricted	Requires institutional IMG/JGI access
3300012169_1	3300012169_1	Bacteria	Unknown		unsupervised	IMG/JGI	Restricted	Requires institutional IMG/JGI access
3300024921_8	3300024921_8	Bacteria	Unknown		unsupervised	IMG/JGI	Restricted	Requires institutional IMG/JGI access
3300008672_22	3300008672_22	Bacteria	Unknown		unsupervised	IMG/JGI	Restricted	Requires institutional IMG/JGI access
3300010273_37	3300010273_37	Bacteria	Unknown		unsupervised	IMG/JGI	Restricted	Requires institutional IMG/JGI access
3300029469_9	3300029469_9	Bacteria	Unknown		unsupervised	IMG/JGI	Restricted	Requires institutional IMG/JGI access
3300008712_14	3300008712_14	Bacteria	Unknown		unsupervised	IMG/JGI	Restricted	Requires institutional IMG/JGI access
3300025855_35	3300025855_35	Bacteria	Unknown		unsupervised	IMG/JGI	Restricted	Requires institutional IMG/JGI access
3300012564_1	3300012564_1	Bacteria	Unknown		unsupervised	IMG/JGI	Restricted	Requires institutional IMG/JGI access
3300008282_6	3300008282_6	Bacteria	Unknown		unsupervised	IMG/JGI	Restricted	Requires institutional IMG/JGI access
3300011578_3	3300011578_3	Bacteria	Unknown		unsupervised	IMG/JGI	Restricted	Requires institutional IMG/JGI access
3300012846_10	3300012846_10	Bacteria	Unknown		unsupervised	IMG/JGI	Restricted	Requires institutional IMG/JGI access
3300012848_9	3300012848_9	Bacteria	Unknown		unsupervised	IMG/JGI	Restricted	Requires institutional IMG/JGI access
3300027980_37	3300027980_37	Bacteria	Unknown		unsupervised	IMG/JGI	Restricted	Requires institutional IMG/JGI access
3300011782_1	3300011782_1	Bacteria	Unknown		unsupervised	IMG/JGI	Restricted	Requires institutional IMG/JGI access
3300014789_8	3300014789_8	Bacteria	Unknown		unsupervised	IMG/JGI	Restricted	Requires institutional IMG/JGI access
3300029815_30	3300029815_30	Bacteria	Unknown		unsupervised	IMG/JGI	Restricted	Requires institutional IMG/JGI access
3300006498_16	3300006498_16	Bacteria	Unknown		unsupervised	IMG/JGI	Restricted	Requires institutional IMG/JGI access
3300029354_13	3300029354_13	Bacteria	Unknown		unsupervised	IMG/JGI	Restricted	Requires institutional IMG/JGI access
3300027892_39	3300027892_39	Bacteria	Unknown		unsupervised	IMG/JGI	Restricted	Requires institutional IMG/JGI access
3300024504_3	3300024504_3	Bacteria	Unknown		unsupervised	IMG/JGI	Restricted	Requires institutional IMG/JGI access
3300029747_26	3300029747_26	Bacteria	Unknown		unsupervised	IMG/JGI	Restricted	Requires institutional IMG/JGI access
3300013238_2	3300013238_2	Bacteria	Unknown		unsupervised	IMG/JGI	Restricted	Requires institutional IMG/JGI access
3300025770_40	3300025770_40	Bacteria	Unknown		unsupervised	IMG/JGI	Restricted	Requires institutional IMG/JGI access
3300007208_18	3300007208_18	Bacteria	Unknown		unsupervised	IMG/JGI	Restricted	Requires institutional IMG/JGI access
3300029004_4	3300029004_4	Bacteria	Unknown		unsupervised	IMG/JGI	Restricted	Requires institutional IMG/JGI access
3300005838_11	3300005838_11	Bacteria	Unknown		unsupervised	IMG/JGI	Restricted	Requires institutional IMG/JGI access
3300025678_15	3300025678_15	Bacteria	Unknown		unsupervised	IMG/JGI	Restricted	Requires institutional IMG/JGI access
3300025643_16	3300025643_16	Bacteria	Unknown		unsupervised	IMG/JGI	Restricted	Requires institutional IMG/JGI access
3300028911_13	3300028911_13	Bacteria	Unknown		unsupervised	IMG/JGI	Restricted	Requires institutional IMG/JGI access
3300012844_5	3300012844_5	Bacteria	Unknown		unsupervised	IMG/JGI	Restricted	Requires institutional IMG/JGI access
3300029457_9	3300029457_9	Bacteria	Unknown		unsupervised	IMG/JGI	Restricted	Requires institutional IMG/JGI access
3300008636_4	3300008636_4	Bacteria	Unknown		unsupervised	IMG/JGI	Restricted	Requires institutional IMG/JGI access
3300029847_11	3300029847_11	Bacteria	Unknown		unsupervised	IMG/JGI	Restricted	Requires institutional IMG/JGI access
3300026975_7	3300026975_7	Bacteria	Unknown		unsupervised	IMG/JGI	Restricted	Requires institutional IMG/JGI access
3300021311_9	3300021311_9	Bacteria	Unknown		unsupervised	IMG/JGI	Restricted	Requires institutional IMG/JGI access
3300029583_15	3300029583_15	Bacteria	Unknown		unsupervised	IMG/JGI	Restricted	Requires institutional IMG/JGI access
3300025229_6	3300025229_6	Bacteria	Unknown		unsupervised	IMG/JGI	Restricted	Requires institutional IMG/JGI access
3300029620_34	3300029620_34	Bacteria	Unknown		unsupervised	IMG/JGI	Restricted	Requires institutional IMG/JGI access
3300026339_3	3300026339_3	Bacteria	Unknown		unsupervised	IMG/JGI	Restricted	Requires institutional IMG/JGI access
3300014761_7	3300014761_7	Bacteria	Unknown		unsupervised	IMG/JGI	Restricted	Requires institutional IMG/JGI access
3300014963_16	3300014963_16	Bacteria	Unknown		unsupervised	IMG/JGI	Restricted	Requires institutional IMG/JGI access
3300029861_8	3300029861_8	Bacteria	Unknown		unsupervised	IMG/JGI	Restricted	Requires institutional IMG/JGI access
3300020732_5	3300020732_5	Bacteria	Unknown		unsupervised	IMG/JGI	Restricted	Requires institutional IMG/JGI access
3300027607_11	3300027607_11	Bacteria	Unknown		unsupervised	IMG/JGI	Restricted	Requires institutional IMG/JGI access
3300013829_12	3300013829_12	Bacteria	Unknown		unsupervised	IMG/JGI	Restricted	Requires institutional IMG/JGI access
3300007732_20	3300007732_20	Bacteria	Unknown		unsupervised	IMG/JGI	Restricted	Requires institutional IMG/JGI access
3300027509_43	3300027509_43	Bacteria	Unknown		unsupervised	IMG/JGI	Restricted	Requires institutional IMG/JGI access
3300029759_17	3300029759_17	Bacteria	Unknown		unsupervised	IMG/JGI	Restricted	Requires institutional IMG/JGI access
3300011729_6	3300011729_6	Bacteria	Unknown		unsupervised	IMG/JGI	Restricted	Requires institutional IMG/JGI access
3300008650_17	3300008650_17	Bacteria	Unknown		unsupervised	IMG/JGI	Restricted	Requires institutional IMG/JGI access
3300029297_17	3300029297_17	Bacteria	Unknown		unsupervised	IMG/JGI	Restricted	Requires institutional IMG/JGI access
3300029492_13	3300029492_13	Bacteria	Unknown		unsupervised	IMG/JGI	Restricted	Requires institutional IMG/JGI access
3300011921_5	3300011921_5	Bacteria	Unknown		unsupervised	IMG/JGI	Restricted	Requires institutional IMG/JGI access
3300029396_9	3300029396_9	Bacteria	Unknown		unsupervised	IMG/JGI	Restricted	Requires institutional IMG/JGI access
3300025228_5	3300025228_5	Bacteria	Unknown		unsupervised	IMG/JGI	Restricted	Requires institutional IMG/JGI access
3300025236_5	3300025236_5	Bacteria	Unknown		unsupervised	IMG/JGI	Restricted	Requires institutional IMG/JGI access
3300027607_16	3300027607_16	Bacteria	Unknown		unsupervised	IMG/JGI	Restricted	Requires institutional IMG/JGI access
3300007129_13	3300007129_13	Bacteria	Unknown		unsupervised	IMG/JGI	Restricted	Requires institutional IMG/JGI access
3300029254_18	3300029254_18	Bacteria	Unknown		unsupervised	IMG/JGI	Restricted	Requires institutional IMG/JGI access
3300029641_4	3300029641_4	Bacteria	Unknown		unsupervised	IMG/JGI	Restricted	Requires institutional IMG/JGI access
3300023082_8	3300023082_8	Bacteria	Unknown		unsupervised	IMG/JGI	Restricted	Requires institutional IMG/JGI access
3300029887_16	3300029887_16	Bacteria	Unknown		unsupervised	IMG/JGI	Restricted	Requires institutional IMG/JGI access
3300029058_8	3300029058_8	Bacteria	Unknown		unsupervised	IMG/JGI	Restricted	Requires institutional IMG/JGI access
3300029613_33	3300029613_33	Bacteria	Unknown		unsupervised	IMG/JGI	Restricted	Requires institutional IMG/JGI access
3300025862_26	3300025862_26	Bacteria	Unknown		unsupervised	IMG/JGI	Restricted	Requires institutional IMG/JGI access
3300027503_17	3300027503_17	Bacteria	Unknown		unsupervised	IMG/JGI	Restricted	Requires institutional IMG/JGI access
3300027316_2	3300027316_2	Bacteria	Unknown		unsupervised	IMG/JGI	Restricted	Requires institutional IMG/JGI access
3300007299_25	3300007299_25	Bacteria	Unknown		unsupervised	IMG/JGI	Restricted	Requires institutional IMG/JGI access
3300008500_2	3300008500_2	Bacteria	Unknown		unsupervised	IMG/JGI	Restricted	Requires institutional IMG/JGI access
3300026994_6	3300026994_6	Bacteria	Unknown		unsupervised	IMG/JGI	Restricted	Requires institutional IMG/JGI access
3300006065_5	3300006065_5	Bacteria	Unknown		unsupervised	IMG/JGI	Restricted	Requires institutional IMG/JGI access
3300006259_3	3300006259_3	Bacteria	Unknown		unsupervised	IMG/JGI	Restricted	Requires institutional IMG/JGI access
3300025498_14	3300025498_14	Bacteria	Unknown		unsupervised	IMG/JGI	Restricted	Requires institutional IMG/JGI access
3300029437_18	3300029437_18	Bacteria	Unknown		unsupervised	IMG/JGI	Restricted	Requires institutional IMG/JGI access
3300008275_9	3300008275_9	Bacteria	Unknown		unsupervised	IMG/JGI	Restricted	Requires institutional IMG/JGI access
3300011819_2	3300011819_2	Bacteria	Unknown		unsupervised	IMG/JGI	Restricted	Requires institutional IMG/JGI access
3300029756_6	3300029756_6	Bacteria	Unknown		unsupervised	IMG/JGI	Restricted	Requires institutional IMG/JGI access
3300011543_1	3300011543_1	Bacteria	Unknown		unsupervised	IMG/JGI	Restricted	Requires institutional IMG/JGI access
3300017480_38	3300017480_38	Bacteria	Unknown		unsupervised	IMG/JGI	Restricted	Requires institutional IMG/JGI access
3300025684_33	3300025684_33	Bacteria	Unknown		unsupervised	IMG/JGI	Restricted	Requires institutional IMG/JGI access
3300027414_1	3300027414_1	Bacteria	Unknown		unsupervised	IMG/JGI	Restricted	Requires institutional IMG/JGI access
3300028965_5	3300028965_5	Bacteria	Unknown		unsupervised	IMG/JGI	Restricted	Requires institutional IMG/JGI access
3300013307_26	3300013307_26	Bacteria	Unknown		unsupervised	IMG/JGI	Restricted	Requires institutional IMG/JGI access
3300029703_12	3300029703_12	Bacteria	Unknown		unsupervised	IMG/JGI	Restricted	Requires institutional IMG/JGI access
3300025393_21	3300025393_21	Bacteria	Unknown		unsupervised	IMG/JGI	Restricted	Requires institutional IMG/JGI access
3300026142_42	3300026142_42	Bacteria	Unknown		unsupervised	IMG/JGI	Restricted	Requires institutional IMG/JGI access
3300027958_30	3300027958_30	Bacteria	Unknown		unsupervised	IMG/JGI	Restricted	Requires institutional IMG/JGI access
3300029404_22	3300029404_22	Bacteria	Unknown		unsupervised	IMG/JGI	Restricted	Requires institutional IMG/JGI access
3300011797_1	3300011797_1	Bacteria	Unknown		unsupervised	IMG/JGI	Restricted	Requires institutional IMG/JGI access
3300025623_16	3300025623_16	Bacteria	Unknown		unsupervised	IMG/JGI	Restricted	Requires institutional IMG/JGI access
3300024970_3	3300024970_3	Bacteria	Unknown		unsupervised	IMG/JGI	Restricted	Requires institutional IMG/JGI access
3300012816_2	3300012816_2	Bacteria	Unknown		unsupervised	IMG/JGI	Restricted	Requires institutional IMG/JGI access
3300012275_3	3300012275_3	Bacteria	Unknown		unsupervised	IMG/JGI	Restricted	Requires institutional IMG/JGI access
3300027627_8	3300027627_8	Bacteria	Unknown		unsupervised	IMG/JGI	Restricted	Requires institutional IMG/JGI access
3300029331_22	3300029331_22	Bacteria	Unknown		unsupervised	IMG/JGI	Restricted	Requires institutional IMG/JGI access
3300021338_13	3300021338_13	Bacteria	Unknown		unsupervised	IMG/JGI	Restricted	Requires institutional IMG/JGI access
3300023208_28	3300023208_28	Bacteria	Unknown		unsupervised	IMG/JGI	Restricted	Requires institutional IMG/JGI access
3300029487_11	3300029487_11	Bacteria	Unknown		unsupervised	IMG/JGI	Restricted	Requires institutional IMG/JGI access
3300006260_15	3300006260_15	Bacteria	Unknown		unsupervised	IMG/JGI	Restricted	Requires institutional IMG/JGI access
3300007320_6	3300007320_6	Bacteria	Unknown		unsupervised	IMG/JGI	Restricted	Requires institutional IMG/JGI access
3300029633_8	3300029633_8	Bacteria	Unknown		unsupervised	IMG/JGI	Restricted	Requires institutional IMG/JGI access
3300029487_12	3300029487_12	Bacteria	Unknown		unsupervised	IMG/JGI	Restricted	Requires institutional IMG/JGI access
3300029795_27	3300029795_27	Bacteria	Unknown		unsupervised	IMG/JGI	Restricted	Requires institutional IMG/JGI access
3300027980_30	3300027980_30	Bacteria	Unknown		unsupervised	IMG/JGI	Restricted	Requires institutional IMG/JGI access
3300029040_5	3300029040_5	Bacteria	Unknown		unsupervised	IMG/JGI	Restricted	Requires institutional IMG/JGI access
3300025229_3	3300025229_3	Bacteria	Unknown		unsupervised	IMG/JGI	Restricted	Requires institutional IMG/JGI access
3300011583_1	3300011583_1	Bacteria	Unknown		unsupervised	IMG/JGI	Restricted	Requires institutional IMG/JGI access
3300027700_21	3300027700_21	Bacteria	Unknown		unsupervised	IMG/JGI	Restricted	Requires institutional IMG/JGI access
3300007531_15	3300007531_15	Bacteria	Unknown		unsupervised	IMG/JGI	Restricted	Requires institutional IMG/JGI access
3300029766_20	3300029766_20	Bacteria	Unknown		unsupervised	IMG/JGI	Restricted	Requires institutional IMG/JGI access
3300025669_22	3300025669_22	Bacteria	Unknown		unsupervised	IMG/JGI	Restricted	Requires institutional IMG/JGI access
3300024920_6	3300024920_6	Bacteria	Unknown		unsupervised	IMG/JGI	Restricted	Requires institutional IMG/JGI access
3300029492_21	3300029492_21	Bacteria	Unknown		unsupervised	IMG/JGI	Restricted	Requires institutional IMG/JGI access
3300014500_2	3300014500_2	Bacteria	Unknown		unsupervised	IMG/JGI	Restricted	Requires institutional IMG/JGI access
3300013829_1	3300013829_1	Bacteria	Unknown		unsupervised	IMG/JGI	Restricted	Requires institutional IMG/JGI access
3300007966_6	3300007966_6	Bacteria	Unknown		unsupervised	IMG/JGI	Restricted	Requires institutional IMG/JGI access
3300012816_3	3300012816_3	Bacteria	Unknown		unsupervised	IMG/JGI	Restricted	Requires institutional IMG/JGI access
3300029726_12	3300029726_12	Bacteria	Unknown		unsupervised	IMG/JGI	Restricted	Requires institutional IMG/JGI access
3300008335_2	3300008335_2	Bacteria	Unknown		unsupervised	IMG/JGI	Restricted	Requires institutional IMG/JGI access
3300013485_1	3300013485_1	Bacteria	Unknown		unsupervised	IMG/JGI	Restricted	Requires institutional IMG/JGI access
3300012839_13	3300012839_13	Bacteria	Unknown		unsupervised	IMG/JGI	Restricted	Requires institutional IMG/JGI access
3300011690_3	3300011690_3	Bacteria	Unknown		unsupervised	IMG/JGI	Restricted	Requires institutional IMG/JGI access
3300008743_8	3300008743_8	Bacteria	Unknown		unsupervised	IMG/JGI	Restricted	Requires institutional IMG/JGI access
3300025596_21	3300025596_21	Bacteria	Unknown		unsupervised	IMG/JGI	Restricted	Requires institutional IMG/JGI access
3300029130_15	3300029130_15	Bacteria	Unknown		unsupervised	IMG/JGI	Restricted	Requires institutional IMG/JGI access
3300029776_26	3300029776_26	Bacteria	Unknown		unsupervised	IMG/JGI	Restricted	Requires institutional IMG/JGI access
3300029854_2	3300029854_2	Bacteria	Unknown		unsupervised	IMG/JGI	Restricted	Requires institutional IMG/JGI access
3300029257_13	3300029257_13	Bacteria	Unknown		unsupervised	IMG/JGI	Restricted	Requires institutional IMG/JGI access
3300020413_19	3300020413_19	Bacteria	Unknown		unsupervised	IMG/JGI	Restricted	Requires institutional IMG/JGI access
3300012196_6	3300012196_6	Bacteria	Unknown		unsupervised	IMG/JGI	Restricted	Requires institutional IMG/JGI access
3300002821_60	3300002821_60	Bacteria	Unknown		unsupervised	IMG/JGI	Restricted	Requires institutional IMG/JGI access
3300027276_17	3300027276_17	Bacteria	Unknown		unsupervised	IMG/JGI	Restricted	Requires institutional IMG/JGI access
3300012810_2	3300012810_2	Bacteria	Unknown		unsupervised	IMG/JGI	Restricted	Requires institutional IMG/JGI access
3300027690_17	3300027690_17	Bacteria	Unknown		unsupervised	IMG/JGI	Restricted	Requires institutional IMG/JGI access
3300024908_13	3300024908_13	Bacteria	Unknown		unsupervised	IMG/JGI	Restricted	Requires institutional IMG/JGI access
3300006260_9	3300006260_9	Bacteria	Unknown		unsupervised	IMG/JGI	Restricted	Requires institutional IMG/JGI access
3300022877_5	3300022877_5	Bacteria	Unknown		unsupervised	IMG/JGI	Restricted	Requires institutional IMG/JGI access
3300010287_35	3300010287_35	Bacteria	Unknown		unsupervised	IMG/JGI	Restricted	Requires institutional IMG/JGI access
3300025294_22	3300025294_22	Bacteria	Unknown		unsupervised	IMG/JGI	Restricted	Requires institutional IMG/JGI access
3300029656_20	3300029656_20	Bacteria	Unknown		unsupervised	IMG/JGI	Restricted	Requires institutional IMG/JGI access
3300003272_1	3300003272_1	Bacteria	Unknown		unsupervised	IMG/JGI	Restricted	Requires institutional IMG/JGI access
3300004628_19	3300004628_19	Bacteria	Unknown		unsupervised	IMG/JGI	Restricted	Requires institutional IMG/JGI access
3300009393_15	3300009393_15	Bacteria	Unknown		unsupervised	IMG/JGI	Restricted	Requires institutional IMG/JGI access
3300026284_8	3300026284_8	Bacteria	Unknown		unsupervised	IMG/JGI	Restricted	Requires institutional IMG/JGI access
3300008739_18	3300008739_18	Bacteria	Unknown		unsupervised	IMG/JGI	Restricted	Requires institutional IMG/JGI access
3300008650_14	3300008650_14	Bacteria	Unknown		unsupervised	IMG/JGI	Restricted	Requires institutional IMG/JGI access
3300029818_15	3300029818_15	Bacteria	Unknown		unsupervised	IMG/JGI	Restricted	Requires institutional IMG/JGI access
3300007781_1	3300007781_1	Bacteria	Unknown		unsupervised	IMG/JGI	Restricted	Requires institutional IMG/JGI access
3300011671_3	3300011671_3	Bacteria	Unknown		unsupervised	IMG/JGI	Restricted	Requires institutional IMG/JGI access
3300005326_48	3300005326_48	Bacteria	Unknown		unsupervised	IMG/JGI	Restricted	Requires institutional IMG/JGI access
3300018878_138	3300018878_138	Bacteria	Unknown		unsupervised	IMG/JGI	Restricted	Requires institutional IMG/JGI access
3300002098_4	3300002098_4	Bacteria	Unknown		unsupervised	IMG/JGI	Restricted	Requires institutional IMG/JGI access
3300027592_37	3300027592_37	Bacteria	Unknown		unsupervised	IMG/JGI	Restricted	Requires institutional IMG/JGI access
3300014944_8	3300014944_8	Bacteria	Unknown		unsupervised	IMG/JGI	Restricted	Requires institutional IMG/JGI access
3300029554_9	3300029554_9	Bacteria	Unknown		unsupervised	IMG/JGI	Restricted	Requires institutional IMG/JGI access
3300020186_16	3300020186_16	Bacteria	Unknown		unsupervised	IMG/JGI	Restricted	Requires institutional IMG/JGI access
3300029230_8	3300029230_8	Bacteria	Unknown		unsupervised	IMG/JGI	Restricted	Requires institutional IMG/JGI access
3300007501_11	3300007501_11	Bacteria	Unknown		unsupervised	IMG/JGI	Restricted	Requires institutional IMG/JGI access
3300014846_8	3300014846_8	Bacteria	Unknown		unsupervised	IMG/JGI	Restricted	Requires institutional IMG/JGI access
3300008695_17	3300008695_17	Bacteria	Unknown		unsupervised	IMG/JGI	Restricted	Requires institutional IMG/JGI access
3300017448_15	3300017448_15	Bacteria	Unknown		unsupervised	IMG/JGI	Restricted	Requires institutional IMG/JGI access
3300029020_17	3300029020_17	Bacteria	Unknown		unsupervised	IMG/JGI	Restricted	Requires institutional IMG/JGI access
3300000164_22	3300000164_22	Bacteria	Unknown		unsupervised	IMG/JGI	Restricted	Requires institutional IMG/JGI access
3300011002_11	3300011002_11	Bacteria	Unknown		unsupervised	IMG/JGI	Restricted	Requires institutional IMG/JGI access
3300003281_8	3300003281_8	Bacteria	Unknown		unsupervised	IMG/JGI	Restricted	Requires institutional IMG/JGI access
3300029390_12	3300029390_12	Bacteria	Unknown		unsupervised	IMG/JGI	Restricted	Requires institutional IMG/JGI access
3300029523_30	3300029523_30	Bacteria	Unknown		unsupervised	IMG/JGI	Restricted	Requires institutional IMG/JGI access
3300029395_12	3300029395_12	Bacteria	Unknown		unsupervised	IMG/JGI	Restricted	Requires institutional IMG/JGI access
3300008636_7	3300008636_7	Bacteria	Unknown		unsupervised	IMG/JGI	Restricted	Requires institutional IMG/JGI access
3300012858_7	3300012858_7	Bacteria	Unknown		unsupervised	IMG/JGI	Restricted	Requires institutional IMG/JGI access
3300025044_14	3300025044_14	Bacteria	Unknown		unsupervised	IMG/JGI	Restricted	Requires institutional IMG/JGI access
3300024256_15	3300024256_15	Bacteria	Unknown		unsupervised	IMG/JGI	Restricted	Requires institutional IMG/JGI access
3300012801_3	3300012801_3	Bacteria	Unknown		unsupervised	IMG/JGI	Restricted	Requires institutional IMG/JGI access
3300013105_42	3300013105_42	Bacteria	Unknown		unsupervised	IMG/JGI	Restricted	Requires institutional IMG/JGI access
3300025625_10	3300025625_10	Bacteria	Unknown		unsupervised	IMG/JGI	Restricted	Requires institutional IMG/JGI access
3300027937_4	3300027937_4	Bacteria	Unknown		unsupervised	IMG/JGI	Restricted	Requires institutional IMG/JGI access
3300029715_32	3300029715_32	Bacteria	Unknown		unsupervised	IMG/JGI	Restricted	Requires institutional IMG/JGI access
3300011979_4	3300011979_4	Bacteria	Unknown		unsupervised	IMG/JGI	Restricted	Requires institutional IMG/JGI access
3300005326_47	3300005326_47	Bacteria	Unknown		unsupervised	IMG/JGI	Restricted	Requires institutional IMG/JGI access
3300029385_14	3300029385_14	Bacteria	Unknown		unsupervised	IMG/JGI	Restricted	Requires institutional IMG/JGI access
3300011677_1	3300011677_1	Bacteria	Unknown		unsupervised	IMG/JGI	Restricted	Requires institutional IMG/JGI access
3300026093_18	3300026093_18	Bacteria	Unknown		unsupervised	IMG/JGI	Restricted	Requires institutional IMG/JGI access
3300029359_12	3300029359_12	Bacteria	Unknown		unsupervised	IMG/JGI	Restricted	Requires institutional IMG/JGI access
3300011974_18	3300011974_18	Bacteria	Unknown		unsupervised	IMG/JGI	Restricted	Requires institutional IMG/JGI access
3300025638_45	3300025638_45	Bacteria	Unknown		unsupervised	IMG/JGI	Restricted	Requires institutional IMG/JGI access
3300029437_12	3300029437_12	Bacteria	Unknown		unsupervised	IMG/JGI	Restricted	Requires institutional IMG/JGI access
3300029523_23	3300029523_23	Bacteria	Unknown		unsupervised	IMG/JGI	Restricted	Requires institutional IMG/JGI access
3300029723_17	3300029723_17	Bacteria	Unknown		unsupervised	IMG/JGI	Restricted	Requires institutional IMG/JGI access
3300022929_39	3300022929_39	Bacteria	Unknown		unsupervised	IMG/JGI	Restricted	Requires institutional IMG/JGI access
3300029120_24	3300029120_24	Bacteria	Unknown		unsupervised	IMG/JGI	Restricted	Requires institutional IMG/JGI access
3300027696_15	3300027696_15	Bacteria	Unknown		unsupervised	IMG/JGI	Restricted	Requires institutional IMG/JGI access
3300008521_11	3300008521_11	Bacteria	Unknown		unsupervised	IMG/JGI	Restricted	Requires institutional IMG/JGI access
3300029891_13	3300029891_13	Bacteria	Unknown		unsupervised	IMG/JGI	Restricted	Requires institutional IMG/JGI access
3300006979_2	3300006979_2	Bacteria	Unknown		unsupervised	IMG/JGI	Restricted	Requires institutional IMG/JGI access
3300020183_39	3300020183_39	Bacteria	Unknown		unsupervised	IMG/JGI	Restricted	Requires institutional IMG/JGI access
3300029243_16	3300029243_16	Bacteria	Unknown		unsupervised	IMG/JGI	Restricted	Requires institutional IMG/JGI access
3300008513_16	3300008513_16	Bacteria	Unknown		unsupervised	IMG/JGI	Restricted	Requires institutional IMG/JGI access
3300029103_12	3300029103_12	Bacteria	Unknown		unsupervised	IMG/JGI	Restricted	Requires institutional IMG/JGI access
3300014971_12	3300014971_12	Bacteria	Unknown		unsupervised	IMG/JGI	Restricted	Requires institutional IMG/JGI access
3300007996_5	3300007996_5	Bacteria	Unknown		unsupervised	IMG/JGI	Restricted	Requires institutional IMG/JGI access
3300029380_23	3300029380_23	Bacteria	Unknown		unsupervised	IMG/JGI	Restricted	Requires institutional IMG/JGI access
3300026311_27	3300026311_27	Bacteria	Unknown		unsupervised	IMG/JGI	Restricted	Requires institutional IMG/JGI access
3300007210_18	3300007210_18	Bacteria	Unknown		unsupervised	IMG/JGI	Restricted	Requires institutional IMG/JGI access
3300007316_4	3300007316_4	Bacteria	Unknown		unsupervised	IMG/JGI	Restricted	Requires institutional IMG/JGI access
3300027606_21	3300027606_21	Bacteria	Unknown		unsupervised	IMG/JGI	Restricted	Requires institutional IMG/JGI access
3300022738_14	3300022738_14	Bacteria	Unknown		unsupervised	IMG/JGI	Restricted	Requires institutional IMG/JGI access
3300014561_5	3300014561_5	Bacteria	Unknown		unsupervised	IMG/JGI	Restricted	Requires institutional IMG/JGI access
3300022933_28	3300022933_28	Bacteria	Unknown		unsupervised	IMG/JGI	Restricted	Requires institutional IMG/JGI access
3300008275_15	3300008275_15	Bacteria	Unknown		unsupervised	IMG/JGI	Restricted	Requires institutional IMG/JGI access
3300029735_4	3300029735_4	Bacteria	Unknown		unsupervised	IMG/JGI	Restricted	Requires institutional IMG/JGI access
3300025660_27	3300025660_27	Bacteria	Unknown		unsupervised	IMG/JGI	Restricted	Requires institutional IMG/JGI access
3300029794_24	3300029794_24	Bacteria	Unknown		unsupervised	IMG/JGI	Restricted	Requires institutional IMG/JGI access
3300013469_1	3300013469_1	Bacteria	Unknown		unsupervised	IMG/JGI	Restricted	Requires institutional IMG/JGI access
3300014095_7	3300014095_7	Bacteria	Unknown		unsupervised	IMG/JGI	Restricted	Requires institutional IMG/JGI access
3300011883_1	3300011883_1	Bacteria	Unknown		unsupervised	IMG/JGI	Restricted	Requires institutional IMG/JGI access
3300026288_4	3300026288_4	Bacteria	Unknown		unsupervised	IMG/JGI	Restricted	Requires institutional IMG/JGI access
3300029128_11	3300029128_11	Bacteria	Unknown		unsupervised	IMG/JGI	Restricted	Requires institutional IMG/JGI access
3300029616_24	3300029616_24	Bacteria	Unknown		unsupervised	IMG/JGI	Restricted	Requires institutional IMG/JGI access
3300029549_21	3300029549_21	Bacteria	Unknown		unsupervised	IMG/JGI	Restricted	Requires institutional IMG/JGI access
3300007098_16	3300007098_16	Bacteria	Unknown		unsupervised	IMG/JGI	Restricted	Requires institutional IMG/JGI access
3300024904_2	3300024904_2	Bacteria	Unknown		unsupervised	IMG/JGI	Restricted	Requires institutional IMG/JGI access
3300029904_20	3300029904_20	Bacteria	Unknown		unsupervised	IMG/JGI	Restricted	Requires institutional IMG/JGI access
3300028048_42	3300028048_42	Bacteria	Unknown		unsupervised	IMG/JGI	Restricted	Requires institutional IMG/JGI access
3300013133_47	3300013133_47	Bacteria	Unknown		unsupervised	IMG/JGI	Restricted	Requires institutional IMG/JGI access
3300029661_12	3300029661_12	Bacteria	Unknown		unsupervised	IMG/JGI	Restricted	Requires institutional IMG/JGI access
3300029236_9	3300029236_9	Bacteria	Unknown		unsupervised	IMG/JGI	Restricted	Requires institutional IMG/JGI access
3300029356_11	3300029356_11	Bacteria	Unknown		unsupervised	IMG/JGI	Restricted	Requires institutional IMG/JGI access
3300011683_1	3300011683_1	Bacteria	Unknown		unsupervised	IMG/JGI	Restricted	Requires institutional IMG/JGI access
3300025869_19	3300025869_19	Bacteria	Unknown		unsupervised	IMG/JGI	Restricted	Requires institutional IMG/JGI access
3300008306_2	3300008306_2	Bacteria	Unknown		unsupervised	IMG/JGI	Restricted	Requires institutional IMG/JGI access
3300011708_4	3300011708_4	Bacteria	Unknown		unsupervised	IMG/JGI	Restricted	Requires institutional IMG/JGI access
3300020578_80	3300020578_80	Bacteria	Unknown		unsupervised	IMG/JGI	Restricted	Requires institutional IMG/JGI access
3300029115_23	3300029115_23	Bacteria	Unknown		unsupervised	IMG/JGI	Restricted	Requires institutional IMG/JGI access
3300011652_2	3300011652_2	Bacteria	Unknown		unsupervised	IMG/JGI	Restricted	Requires institutional IMG/JGI access
3300029736_16	3300029736_16	Bacteria	Unknown		unsupervised	IMG/JGI	Restricted	Requires institutional IMG/JGI access
3300029619_12	3300029619_12	Bacteria	Unknown		unsupervised	IMG/JGI	Restricted	Requires institutional IMG/JGI access
3300023245_12	3300023245_12	Bacteria	Unknown		unsupervised	IMG/JGI	Restricted	Requires institutional IMG/JGI access
3300025737_59	3300025737_59	Bacteria	Unknown		unsupervised	IMG/JGI	Restricted	Requires institutional IMG/JGI access
3300010260_14	3300010260_14	Bacteria	Unknown		unsupervised	IMG/JGI	Restricted	Requires institutional IMG/JGI access
3300026284_11	3300026284_11	Bacteria	Unknown		unsupervised	IMG/JGI	Restricted	Requires institutional IMG/JGI access
3300029434_37	3300029434_37	Bacteria	Unknown		unsupervised	IMG/JGI	Restricted	Requires institutional IMG/JGI access
3300011748_3	3300011748_3	Bacteria	Unknown		unsupervised	IMG/JGI	Restricted	Requires institutional IMG/JGI access
3300029702_5	3300029702_5	Bacteria	Unknown		unsupervised	IMG/JGI	Restricted	Requires institutional IMG/JGI access
3300029512_6	3300029512_6	Bacteria	Unknown		unsupervised	IMG/JGI	Restricted	Requires institutional IMG/JGI access
3300021319_11	3300021319_11	Bacteria	Unknown		unsupervised	IMG/JGI	Restricted	Requires institutional IMG/JGI access
3300005529_111	3300005529_111	Bacteria	Unknown		unsupervised	IMG/JGI	Restricted	Requires institutional IMG/JGI access
3300008155_19	3300008155_19	Bacteria	Unknown		unsupervised	IMG/JGI	Restricted	Requires institutional IMG/JGI access
3300026288_28	3300026288_28	Bacteria	Unknown		unsupervised	IMG/JGI	Restricted	Requires institutional IMG/JGI access
3300014497_10	3300014497_10	Bacteria	Unknown		unsupervised	IMG/JGI	Restricted	Requires institutional IMG/JGI access
3300029350_15	3300029350_15	Bacteria	Unknown		unsupervised	IMG/JGI	Restricted	Requires institutional IMG/JGI access
3300007296_27	3300007296_27	Bacteria	Unknown		unsupervised	IMG/JGI	Restricted	Requires institutional IMG/JGI access
3300002468_19	3300002468_19	Bacteria	Unknown		unsupervised	IMG/JGI	Restricted	Requires institutional IMG/JGI access
3300008103_14	3300008103_14	Bacteria	Unknown		unsupervised	IMG/JGI	Restricted	Requires institutional IMG/JGI access
3300029765_25	3300029765_25	Bacteria	Unknown		unsupervised	IMG/JGI	Restricted	Requires institutional IMG/JGI access
3300023208_13	3300023208_13	Bacteria	Unknown		unsupervised	IMG/JGI	Restricted	Requires institutional IMG/JGI access
3300013338_1	3300013338_1	Bacteria	Unknown		unsupervised	IMG/JGI	Restricted	Requires institutional IMG/JGI access
3300006045_73	3300006045_73	Bacteria	Unknown		unsupervised	IMG/JGI	Restricted	Requires institutional IMG/JGI access
3300025546_16	3300025546_16	Bacteria	Unknown		unsupervised	IMG/JGI	Restricted	Requires institutional IMG/JGI access
3300007669_5	3300007669_5	Bacteria	Unknown		unsupervised	IMG/JGI	Restricted	Requires institutional IMG/JGI access
3300011627_2	3300011627_2	Bacteria	Unknown		unsupervised	IMG/JGI	Restricted	Requires institutional IMG/JGI access
3300029757_6	3300029757_6	Bacteria	Unknown		unsupervised	IMG/JGI	Restricted	Requires institutional IMG/JGI access
3300029665_5	3300029665_5	Bacteria	Unknown		unsupervised	IMG/JGI	Restricted	Requires institutional IMG/JGI access
3300022181_12	3300022181_12	Bacteria	Unknown		unsupervised	IMG/JGI	Restricted	Requires institutional IMG/JGI access
3300008638_20	3300008638_20	Bacteria	Unknown		unsupervised	IMG/JGI	Restricted	Requires institutional IMG/JGI access
3300029439_22	3300029439_22	Bacteria	Unknown		unsupervised	IMG/JGI	Restricted	Requires institutional IMG/JGI access
3300029251_21	3300029251_21	Bacteria	Unknown		unsupervised	IMG/JGI	Restricted	Requires institutional IMG/JGI access
3300008136_7	3300008136_7	Bacteria	Unknown		unsupervised	IMG/JGI	Restricted	Requires institutional IMG/JGI access
3300008325_3	3300008325_3	Bacteria	Unknown		unsupervised	IMG/JGI	Restricted	Requires institutional IMG/JGI access
3300007806_12	3300007806_12	Bacteria	Unknown		unsupervised	IMG/JGI	Restricted	Requires institutional IMG/JGI access
3300013999_2	3300013999_2	Bacteria	Unknown		unsupervised	IMG/JGI	Restricted	Requires institutional IMG/JGI access
3300026992_3	3300026992_3	Bacteria	Unknown		unsupervised	IMG/JGI	Restricted	Requires institutional IMG/JGI access
3300026252_26	3300026252_26	Bacteria	Unknown		unsupervised	IMG/JGI	Restricted	Requires institutional IMG/JGI access
3300010042_15	3300010042_15	Bacteria	Unknown		unsupervised	IMG/JGI	Restricted	Requires institutional IMG/JGI access
3300007346_4	3300007346_4	Bacteria	Unknown		unsupervised	IMG/JGI	Restricted	Requires institutional IMG/JGI access
3300021318_20	3300021318_20	Bacteria	Unknown		unsupervised	IMG/JGI	Restricted	Requires institutional IMG/JGI access
3300021255_55	3300021255_55	Bacteria	Unknown		unsupervised	IMG/JGI	Restricted	Requires institutional IMG/JGI access
3300029494_18	3300029494_18	Bacteria	Unknown		unsupervised	IMG/JGI	Restricted	Requires institutional IMG/JGI access
3300011639_1	3300011639_1	Bacteria	Unknown		unsupervised	IMG/JGI	Restricted	Requires institutional IMG/JGI access
3300029118_7	3300029118_7	Bacteria	Unknown		unsupervised	IMG/JGI	Restricted	Requires institutional IMG/JGI access
3300017658_22	3300017658_22	Bacteria	Unknown		unsupervised	IMG/JGI	Restricted	Requires institutional IMG/JGI access
3300012521_15	3300012521_15	Bacteria	Unknown		unsupervised	IMG/JGI	Restricted	Requires institutional IMG/JGI access
3300012921_16	3300012921_16	Bacteria	Unknown		unsupervised	IMG/JGI	Restricted	Requires institutional IMG/JGI access
3300021306_30	3300021306_30	Bacteria	Unknown		unsupervised	IMG/JGI	Restricted	Requires institutional IMG/JGI access
3300014530_6	3300014530_6	Bacteria	Unknown		unsupervised	IMG/JGI	Restricted	Requires institutional IMG/JGI access
3300012253_2	3300012253_2	Bacteria	Unknown		unsupervised	IMG/JGI	Restricted	Requires institutional IMG/JGI access
3300028968_7	3300028968_7	Bacteria	Unknown		unsupervised	IMG/JGI	Restricted	Requires institutional IMG/JGI access
3300017406_12	3300017406_12	Bacteria	Unknown		unsupervised	IMG/JGI	Restricted	Requires institutional IMG/JGI access
3300011508_1	3300011508_1	Bacteria	Unknown		unsupervised	IMG/JGI	Restricted	Requires institutional IMG/JGI access
3300029622_45	3300029622_45	Bacteria	Unknown		unsupervised	IMG/JGI	Restricted	Requires institutional IMG/JGI access
3300014517_2	3300014517_2	Bacteria	Unknown		unsupervised	IMG/JGI	Restricted	Requires institutional IMG/JGI access
3300029716_21	3300029716_21	Bacteria	Unknown		unsupervised	IMG/JGI	Restricted	Requires institutional IMG/JGI access
3300014664_1	3300014664_1	Bacteria	Unknown		unsupervised	IMG/JGI	Restricted	Requires institutional IMG/JGI access
3300005284_8	3300005284_8	Bacteria	Unknown		unsupervised	IMG/JGI	Restricted	Requires institutional IMG/JGI access
3300029427_12	3300029427_12	Bacteria	Unknown		unsupervised	IMG/JGI	Restricted	Requires institutional IMG/JGI access
3300027863_29	3300027863_29	Bacteria	Unknown		unsupervised	IMG/JGI	Restricted	Requires institutional IMG/JGI access
3300025226_7	3300025226_7	Bacteria	Unknown		unsupervised	IMG/JGI	Restricted	Requires institutional IMG/JGI access
3300029762_4	3300029762_4	Bacteria	Unknown		unsupervised	IMG/JGI	Restricted	Requires institutional IMG/JGI access
3300008734_18	3300008734_18	Bacteria	Unknown		unsupervised	IMG/JGI	Restricted	Requires institutional IMG/JGI access
3300027509_7	3300027509_7	Bacteria	Unknown		unsupervised	IMG/JGI	Restricted	Requires institutional IMG/JGI access
3300024901_4	3300024901_4	Bacteria	Unknown		unsupervised	IMG/JGI	Restricted	Requires institutional IMG/JGI access
3300025862_25	3300025862_25	Bacteria	Unknown		unsupervised	IMG/JGI	Restricted	Requires institutional IMG/JGI access
3300028972_1	3300028972_1	Bacteria	Unknown		unsupervised	IMG/JGI	Restricted	Requires institutional IMG/JGI access
3300029789_16	3300029789_16	Bacteria	Unknown		unsupervised	IMG/JGI	Restricted	Requires institutional IMG/JGI access
3300029538_19	3300029538_19	Bacteria	Unknown		unsupervised	IMG/JGI	Restricted	Requires institutional IMG/JGI access
3300029486_15	3300029486_15	Bacteria	Unknown		unsupervised	IMG/JGI	Restricted	Requires institutional IMG/JGI access
3300012818_9	3300012818_9	Bacteria	Unknown		unsupervised	IMG/JGI	Restricted	Requires institutional IMG/JGI access
3300029383_7	3300029383_7	Bacteria	Unknown		unsupervised	IMG/JGI	Restricted	Requires institutional IMG/JGI access
3300025534_11	3300025534_11	Bacteria	Unknown		unsupervised	IMG/JGI	Restricted	Requires institutional IMG/JGI access
3300029860_7	3300029860_7	Bacteria	Unknown		unsupervised	IMG/JGI	Restricted	Requires institutional IMG/JGI access
3300027323_38	3300027323_38	Bacteria	Unknown		unsupervised	IMG/JGI	Restricted	Requires institutional IMG/JGI access
3300011134_1	3300011134_1	Bacteria	Unknown		unsupervised	IMG/JGI	Restricted	Requires institutional IMG/JGI access
3300011530_1	3300011530_1	Bacteria	Unknown		unsupervised	IMG/JGI	Restricted	Requires institutional IMG/JGI access
3300022865_7	3300022865_7	Bacteria	Unknown		unsupervised	IMG/JGI	Restricted	Requires institutional IMG/JGI access
3300027983_51	3300027983_51	Bacteria	Unknown		unsupervised	IMG/JGI	Restricted	Requires institutional IMG/JGI access
3300025724_6	3300025724_6	Bacteria	Unknown		unsupervised	IMG/JGI	Restricted	Requires institutional IMG/JGI access
3300004269_2	3300004269_2	Bacteria	Unknown		unsupervised	IMG/JGI	Restricted	Requires institutional IMG/JGI access
3300014531_10	3300014531_10	Bacteria	Unknown		unsupervised	IMG/JGI	Restricted	Requires institutional IMG/JGI access
3300025775_7	3300025775_7	Bacteria	Unknown		unsupervised	IMG/JGI	Restricted	Requires institutional IMG/JGI access
3300026088_17	3300026088_17	Bacteria	Unknown		unsupervised	IMG/JGI	Restricted	Requires institutional IMG/JGI access
3300020220_71	3300020220_71	Bacteria	Unknown		unsupervised	IMG/JGI	Restricted	Requires institutional IMG/JGI access
3300027719_2	3300027719_2	Bacteria	Unknown		unsupervised	IMG/JGI	Restricted	Requires institutional IMG/JGI access
3300029445_21	3300029445_21	Bacteria	Unknown		unsupervised	IMG/JGI	Restricted	Requires institutional IMG/JGI access
3300010373_49	3300010373_49	Bacteria	Unknown		unsupervised	IMG/JGI	Restricted	Requires institutional IMG/JGI access
3300025456_7	3300025456_7	Bacteria	Unknown		unsupervised	IMG/JGI	Restricted	Requires institutional IMG/JGI access
3300011631_3	3300011631_3	Bacteria	Unknown		unsupervised	IMG/JGI	Restricted	Requires institutional IMG/JGI access
3300021559_7	3300021559_7	Bacteria	Unknown		unsupervised	IMG/JGI	Restricted	Requires institutional IMG/JGI access
3300009503_54	3300009503_54	Bacteria	Unknown		unsupervised	IMG/JGI	Restricted	Requires institutional IMG/JGI access
3300011360_1	3300011360_1	Bacteria	Unknown		unsupervised	IMG/JGI	Restricted	Requires institutional IMG/JGI access
3300029056_16	3300029056_16	Bacteria	Unknown		unsupervised	IMG/JGI	Restricted	Requires institutional IMG/JGI access
3300029503_12	3300029503_12	Bacteria	Unknown		unsupervised	IMG/JGI	Restricted	Requires institutional IMG/JGI access
3300029462_11	3300029462_11	Bacteria	Unknown		unsupervised	IMG/JGI	Restricted	Requires institutional IMG/JGI access
3300025061_10	3300025061_10	Bacteria	Unknown		unsupervised	IMG/JGI	Restricted	Requires institutional IMG/JGI access
3300001683_19	3300001683_19	Bacteria	Unknown		unsupervised	IMG/JGI	Restricted	Requires institutional IMG/JGI access
3300028630_29	3300028630_29	Bacteria	Unknown		unsupervised	IMG/JGI	Restricted	Requires institutional IMG/JGI access
3300007298_14	3300007298_14	Bacteria	Unknown		unsupervised	IMG/JGI	Restricted	Requires institutional IMG/JGI access
3300028958_4	3300028958_4	Bacteria	Unknown		unsupervised	IMG/JGI	Restricted	Requires institutional IMG/JGI access
3300011759_3	3300011759_3	Bacteria	Unknown		unsupervised	IMG/JGI	Restricted	Requires institutional IMG/JGI access
3300018878_128	3300018878_128	Bacteria	Unknown		unsupervised	IMG/JGI	Restricted	Requires institutional IMG/JGI access
3300027706_32	3300027706_32	Bacteria	Unknown		unsupervised	IMG/JGI	Restricted	Requires institutional IMG/JGI access
3300011768_5	3300011768_5	Bacteria	Unknown		unsupervised	IMG/JGI	Restricted	Requires institutional IMG/JGI access
3300029380_27	3300029380_27	Bacteria	Unknown		unsupervised	IMG/JGI	Restricted	Requires institutional IMG/JGI access
3300029427_16	3300029427_16	Bacteria	Unknown		unsupervised	IMG/JGI	Restricted	Requires institutional IMG/JGI access
3300011494_2	3300011494_2	Bacteria	Unknown		unsupervised	IMG/JGI	Restricted	Requires institutional IMG/JGI access
3300027828_32	3300027828_32	Bacteria	Unknown		unsupervised	IMG/JGI	Restricted	Requires institutional IMG/JGI access
3300007843_1	3300007843_1	Bacteria	Unknown		unsupervised	IMG/JGI	Restricted	Requires institutional IMG/JGI access
3300003272_7	3300003272_7	Bacteria	Unknown		unsupervised	IMG/JGI	Restricted	Requires institutional IMG/JGI access
3300029523_19	3300029523_19	Bacteria	Unknown		unsupervised	IMG/JGI	Restricted	Requires institutional IMG/JGI access
3300027968_61	3300027968_61	Bacteria	Unknown		unsupervised	IMG/JGI	Restricted	Requires institutional IMG/JGI access
3300008080_8	3300008080_8	Bacteria	Unknown		unsupervised	IMG/JGI	Restricted	Requires institutional IMG/JGI access
3300027282_3	3300027282_3	Bacteria	Unknown		unsupervised	IMG/JGI	Restricted	Requires institutional IMG/JGI access
3300029560_15	3300029560_15	Bacteria	Unknown		unsupervised	IMG/JGI	Restricted	Requires institutional IMG/JGI access
3300029556_13	3300029556_13	Bacteria	Unknown		unsupervised	IMG/JGI	Restricted	Requires institutional IMG/JGI access
3300014601_3	3300014601_3	Bacteria	Unknown		unsupervised	IMG/JGI	Restricted	Requires institutional IMG/JGI access
3300008513_4	3300008513_4	Bacteria	Unknown		unsupervised	IMG/JGI	Restricted	Requires institutional IMG/JGI access
3300022470_15	3300022470_15	Bacteria	Unknown		unsupervised	IMG/JGI	Restricted	Requires institutional IMG/JGI access
3300022742_5	3300022742_5	Bacteria	Unknown		unsupervised	IMG/JGI	Restricted	Requires institutional IMG/JGI access
3300029715_31	3300029715_31	Bacteria	Unknown		unsupervised	IMG/JGI	Restricted	Requires institutional IMG/JGI access
3300025677_49	3300025677_49	Bacteria	Unknown		unsupervised	IMG/JGI	Restricted	Requires institutional IMG/JGI access
3300029742_22	3300029742_22	Bacteria	Unknown		unsupervised	IMG/JGI	Restricted	Requires institutional IMG/JGI access
3300017652_9	3300017652_9	Bacteria	Unknown		unsupervised	IMG/JGI	Restricted	Requires institutional IMG/JGI access
3300029444_12	3300029444_12	Bacteria	Unknown		unsupervised	IMG/JGI	Restricted	Requires institutional IMG/JGI access
3300017400_35	3300017400_35	Bacteria	Unknown		unsupervised	IMG/JGI	Restricted	Requires institutional IMG/JGI access
3300017931_18	3300017931_18	Bacteria	Unknown		unsupervised	IMG/JGI	Restricted	Requires institutional IMG/JGI access
3300029527_11	3300029527_11	Bacteria	Unknown		unsupervised	IMG/JGI	Restricted	Requires institutional IMG/JGI access
3300029051_13	3300029051_13	Bacteria	Unknown		unsupervised	IMG/JGI	Restricted	Requires institutional IMG/JGI access
3300013022_5	3300013022_5	Bacteria	Unknown		unsupervised	IMG/JGI	Restricted	Requires institutional IMG/JGI access
3300010275_7	3300010275_7	Bacteria	Unknown		unsupervised	IMG/JGI	Restricted	Requires institutional IMG/JGI access
3300025230_4	3300025230_4	Bacteria	Unknown		unsupervised	IMG/JGI	Restricted	Requires institutional IMG/JGI access
3300014005_3	3300014005_3	Bacteria	Unknown		unsupervised	IMG/JGI	Restricted	Requires institutional IMG/JGI access
3300025300_5	3300025300_5	Bacteria	Unknown		unsupervised	IMG/JGI	Restricted	Requires institutional IMG/JGI access
3300029820_21	3300029820_21	Bacteria	Unknown		unsupervised	IMG/JGI	Restricted	Requires institutional IMG/JGI access
3300029434_19	3300029434_19	Bacteria	Unknown		unsupervised	IMG/JGI	Restricted	Requires institutional IMG/JGI access
3300028630_16	3300028630_16	Bacteria	Unknown		unsupervised	IMG/JGI	Restricted	Requires institutional IMG/JGI access
3300025677_37	3300025677_37	Bacteria	Unknown		unsupervised	IMG/JGI	Restricted	Requires institutional IMG/JGI access
3300012856_6	3300012856_6	Bacteria	Unknown		unsupervised	IMG/JGI	Restricted	Requires institutional IMG/JGI access
3300011508_2	3300011508_2	Bacteria	Unknown		unsupervised	IMG/JGI	Restricted	Requires institutional IMG/JGI access
3300020262_6	3300020262_6	Bacteria	Unknown		unsupervised	IMG/JGI	Restricted	Requires institutional IMG/JGI access
3300018878_124	3300018878_124	Bacteria	Unknown		unsupervised	IMG/JGI	Restricted	Requires institutional IMG/JGI access
3300006299_7	3300006299_7	Bacteria	Unknown		unsupervised	IMG/JGI	Restricted	Requires institutional IMG/JGI access
3300029248_19	3300029248_19	Bacteria	Unknown		unsupervised	IMG/JGI	Restricted	Requires institutional IMG/JGI access
3300029206_17	3300029206_17	Bacteria	Unknown		unsupervised	IMG/JGI	Restricted	Requires institutional IMG/JGI access
3300029567_27	3300029567_27	Bacteria	Unknown		unsupervised	IMG/JGI	Restricted	Requires institutional IMG/JGI access
3300007361_19	3300007361_19	Bacteria	Unknown		unsupervised	IMG/JGI	Restricted	Requires institutional IMG/JGI access
3300029338_19	3300029338_19	Bacteria	Unknown		unsupervised	IMG/JGI	Restricted	Requires institutional IMG/JGI access
3300012194_2	3300012194_2	Bacteria	Unknown		unsupervised	IMG/JGI	Restricted	Requires institutional IMG/JGI access
3300014691_6	3300014691_6	Bacteria	Unknown		unsupervised	IMG/JGI	Restricted	Requires institutional IMG/JGI access
3300027706_11	3300027706_11	Bacteria	Unknown		unsupervised	IMG/JGI	Restricted	Requires institutional IMG/JGI access
3300029506_5	3300029506_5	Bacteria	Unknown		unsupervised	IMG/JGI	Restricted	Requires institutional IMG/JGI access
3300029046_3	3300029046_3	Bacteria	Unknown		unsupervised	IMG/JGI	Restricted	Requires institutional IMG/JGI access
3300025775_17	3300025775_17	Bacteria	Unknown		unsupervised	IMG/JGI	Restricted	Requires institutional IMG/JGI access
3300025916_10	3300025916_10	Bacteria	Unknown		unsupervised	IMG/JGI	Restricted	Requires institutional IMG/JGI access
3300025584_8	3300025584_8	Bacteria	Unknown		unsupervised	IMG/JGI	Restricted	Requires institutional IMG/JGI access
3300020183_14	3300020183_14	Bacteria	Unknown		unsupervised	IMG/JGI	Restricted	Requires institutional IMG/JGI access
3300026980_7	3300026980_7	Bacteria	Unknown		unsupervised	IMG/JGI	Restricted	Requires institutional IMG/JGI access
3300029417_10	3300029417_10	Bacteria	Unknown		unsupervised	IMG/JGI	Restricted	Requires institutional IMG/JGI access
3300022753_70	3300022753_70	Bacteria	Unknown		unsupervised	IMG/JGI	Restricted	Requires institutional IMG/JGI access
3300025256_6	3300025256_6	Bacteria	Unknown		unsupervised	IMG/JGI	Restricted	Requires institutional IMG/JGI access
3300025682_31	3300025682_31	Bacteria	Unknown		unsupervised	IMG/JGI	Restricted	Requires institutional IMG/JGI access
3300025250_11	3300025250_11	Bacteria	Unknown		unsupervised	IMG/JGI	Restricted	Requires institutional IMG/JGI access
3300029197_11	3300029197_11	Bacteria	Unknown		unsupervised	IMG/JGI	Restricted	Requires institutional IMG/JGI access
3300020295_9	3300020295_9	Bacteria	Unknown		unsupervised	IMG/JGI	Restricted	Requires institutional IMG/JGI access
3300007043_19	3300007043_19	Bacteria	Unknown		unsupervised	IMG/JGI	Restricted	Requires institutional IMG/JGI access
3300029235_23	3300029235_23	Bacteria	Unknown		unsupervised	IMG/JGI	Restricted	Requires institutional IMG/JGI access
3300026522_26	3300026522_26	Bacteria	Unknown		unsupervised	IMG/JGI	Restricted	Requires institutional IMG/JGI access
3300025350_14	3300025350_14	Bacteria	Unknown		unsupervised	IMG/JGI	Restricted	Requires institutional IMG/JGI access
3300006226_88	3300006226_88	Bacteria	Unknown		unsupervised	IMG/JGI	Restricted	Requires institutional IMG/JGI access
3300027773_20	3300027773_20	Bacteria	Unknown		unsupervised	IMG/JGI	Restricted	Requires institutional IMG/JGI access
3300025109_10	3300025109_10	Bacteria	Unknown		unsupervised	IMG/JGI	Restricted	Requires institutional IMG/JGI access
3300011954_3	3300011954_3	Bacteria	Unknown		unsupervised	IMG/JGI	Restricted	Requires institutional IMG/JGI access
3300005043_15	3300005043_15	Bacteria	Unknown		unsupervised	IMG/JGI	Restricted	Requires institutional IMG/JGI access
3300011231_2	3300011231_2	Bacteria	Unknown		unsupervised	IMG/JGI	Restricted	Requires institutional IMG/JGI access
3300025138_3	3300025138_3	Bacteria	Unknown		unsupervised	IMG/JGI	Restricted	Requires institutional IMG/JGI access
3300008634_12	3300008634_12	Bacteria	Unknown		unsupervised	IMG/JGI	Restricted	Requires institutional IMG/JGI access
3300025161_14	3300025161_14	Bacteria	Unknown		unsupervised	IMG/JGI	Restricted	Requires institutional IMG/JGI access
3300027640_25	3300027640_25	Bacteria	Unknown		unsupervised	IMG/JGI	Restricted	Requires institutional IMG/JGI access
3300029522_13	3300029522_13	Bacteria	Unknown		unsupervised	IMG/JGI	Restricted	Requires institutional IMG/JGI access
3300022745_7	3300022745_7	Bacteria	Unknown		unsupervised	IMG/JGI	Restricted	Requires institutional IMG/JGI access
3300027592_23	3300027592_23	Bacteria	Unknown		unsupervised	IMG/JGI	Restricted	Requires institutional IMG/JGI access
3300018080_66	3300018080_66	Bacteria	Unknown		unsupervised	IMG/JGI	Restricted	Requires institutional IMG/JGI access
3300012090_19	3300012090_19	Bacteria	Unknown		unsupervised	IMG/JGI	Restricted	Requires institutional IMG/JGI access
3300029340_26	3300029340_26	Bacteria	Unknown		unsupervised	IMG/JGI	Restricted	Requires institutional IMG/JGI access
3300014761_10	3300014761_10	Bacteria	Unknown		unsupervised	IMG/JGI	Restricted	Requires institutional IMG/JGI access
3300006980_1	3300006980_1	Bacteria	Unknown		unsupervised	IMG/JGI	Restricted	Requires institutional IMG/JGI access
3300012588_1	3300012588_1	Bacteria	Unknown		unsupervised	IMG/JGI	Restricted	Requires institutional IMG/JGI access
3300029101_12	3300029101_12	Bacteria	Unknown		unsupervised	IMG/JGI	Restricted	Requires institutional IMG/JGI access
3300029451_6	3300029451_6	Bacteria	Unknown		unsupervised	IMG/JGI	Restricted	Requires institutional IMG/JGI access
3300029432_30	3300029432_30	Bacteria	Unknown		unsupervised	IMG/JGI	Restricted	Requires institutional IMG/JGI access
3300029185_16	3300029185_16	Bacteria	Unknown		unsupervised	IMG/JGI	Restricted	Requires institutional IMG/JGI access
3300027509_35	3300027509_35	Bacteria	Unknown		unsupervised	IMG/JGI	Restricted	Requires institutional IMG/JGI access
3300011631_1	3300011631_1	Bacteria	Unknown		unsupervised	IMG/JGI	Restricted	Requires institutional IMG/JGI access
3300009503_41	3300009503_41	Bacteria	Unknown		unsupervised	IMG/JGI	Restricted	Requires institutional IMG/JGI access
3300025253_7	3300025253_7	Bacteria	Unknown		unsupervised	IMG/JGI	Restricted	Requires institutional IMG/JGI access
3300025602_64	3300025602_64	Bacteria	Unknown		unsupervised	IMG/JGI	Restricted	Requires institutional IMG/JGI access
3300027848_56	3300027848_56	Bacteria	Unknown		unsupervised	IMG/JGI	Restricted	Requires institutional IMG/JGI access
3300027363_4	3300027363_4	Bacteria	Unknown		unsupervised	IMG/JGI	Restricted	Requires institutional IMG/JGI access
3300020578_62	3300020578_62	Bacteria	Unknown		unsupervised	IMG/JGI	Restricted	Requires institutional IMG/JGI access
3300029433_17	3300029433_17	Bacteria	Unknown		unsupervised	IMG/JGI	Restricted	Requires institutional IMG/JGI access
3300022885_4	3300022885_4	Bacteria	Unknown		unsupervised	IMG/JGI	Restricted	Requires institutional IMG/JGI access
3300014529_5	3300014529_5	Bacteria	Unknown		unsupervised	IMG/JGI	Restricted	Requires institutional IMG/JGI access
3300012843_3	3300012843_3	Bacteria	Unknown		unsupervised	IMG/JGI	Restricted	Requires institutional IMG/JGI access
3300027283_15	3300027283_15	Bacteria	Unknown		unsupervised	IMG/JGI	Restricted	Requires institutional IMG/JGI access
3300025048_2	3300025048_2	Bacteria	Unknown		unsupervised	IMG/JGI	Restricted	Requires institutional IMG/JGI access
3300026863_7	3300026863_7	Bacteria	Unknown		unsupervised	IMG/JGI	Restricted	Requires institutional IMG/JGI access
3300029112_12	3300029112_12	Bacteria	Unknown		unsupervised	IMG/JGI	Restricted	Requires institutional IMG/JGI access
3300029511_5	3300029511_5	Bacteria	Unknown		unsupervised	IMG/JGI	Restricted	Requires institutional IMG/JGI access
3300025093_9	3300025093_9	Bacteria	Unknown		unsupervised	IMG/JGI	Restricted	Requires institutional IMG/JGI access
3300029122_28	3300029122_28	Bacteria	Unknown		unsupervised	IMG/JGI	Restricted	Requires institutional IMG/JGI access
3300029488_19	3300029488_19	Bacteria	Unknown		unsupervised	IMG/JGI	Restricted	Requires institutional IMG/JGI access
3300029393_17	3300029393_17	Bacteria	Unknown		unsupervised	IMG/JGI	Restricted	Requires institutional IMG/JGI access
3300014898_2	3300014898_2	Bacteria	Unknown		unsupervised	IMG/JGI	Restricted	Requires institutional IMG/JGI access
3300007915_2	3300007915_2	Bacteria	Unknown		unsupervised	IMG/JGI	Restricted	Requires institutional IMG/JGI access
3300029563_11	3300029563_11	Bacteria	Unknown		unsupervised	IMG/JGI	Restricted	Requires institutional IMG/JGI access
3300029604_26	3300029604_26	Bacteria	Unknown		unsupervised	IMG/JGI	Restricted	Requires institutional IMG/JGI access
3300027869_20	3300027869_20	Bacteria	Unknown		unsupervised	IMG/JGI	Restricted	Requires institutional IMG/JGI access
3300022753_141	3300022753_141	Bacteria	Unknown		unsupervised	IMG/JGI	Restricted	Requires institutional IMG/JGI access
3300029411_7	3300029411_7	Bacteria	Unknown		unsupervised	IMG/JGI	Restricted	Requires institutional IMG/JGI access
3300028024_9	3300028024_9	Bacteria	Unknown		unsupervised	IMG/JGI	Restricted	Requires institutional IMG/JGI access
3300008599_3	3300008599_3	Bacteria	Unknown		unsupervised	IMG/JGI	Restricted	Requires institutional IMG/JGI access
3300011818_1	3300011818_1	Bacteria	Unknown		unsupervised	IMG/JGI	Restricted	Requires institutional IMG/JGI access
3300029488_13	3300029488_13	Bacteria	Unknown		unsupervised	IMG/JGI	Restricted	Requires institutional IMG/JGI access
3300029608_7	3300029608_7	Bacteria	Unknown		unsupervised	IMG/JGI	Restricted	Requires institutional IMG/JGI access
3300011976_16	3300011976_16	Bacteria	Unknown		unsupervised	IMG/JGI	Restricted	Requires institutional IMG/JGI access
3300029320_7	3300029320_7	Bacteria	Unknown		unsupervised	IMG/JGI	Restricted	Requires institutional IMG/JGI access
3300029257_8	3300029257_8	Bacteria	Unknown		unsupervised	IMG/JGI	Restricted	Requires institutional IMG/JGI access
3300029381_41	3300029381_41	Bacteria	Unknown		unsupervised	IMG/JGI	Restricted	Requires institutional IMG/JGI access
3300003364_3	3300003364_3	Bacteria	Unknown		unsupervised	IMG/JGI	Restricted	Requires institutional IMG/JGI access
3300025668_24	3300025668_24	Bacteria	Unknown		unsupervised	IMG/JGI	Restricted	Requires institutional IMG/JGI access
3300025587_18	3300025587_18	Bacteria	Unknown		unsupervised	IMG/JGI	Restricted	Requires institutional IMG/JGI access
3300029794_16	3300029794_16	Bacteria	Unknown		unsupervised	IMG/JGI	Restricted	Requires institutional IMG/JGI access
3300007210_8	3300007210_8	Bacteria	Unknown		unsupervised	IMG/JGI	Restricted	Requires institutional IMG/JGI access
3300011936_14	3300011936_14	Bacteria	Unknown		unsupervised	IMG/JGI	Restricted	Requires institutional IMG/JGI access
3300028324_1	3300028324_1	Bacteria	Unknown		unsupervised	IMG/JGI	Restricted	Requires institutional IMG/JGI access
3300011593_1	3300011593_1	Bacteria	Unknown		unsupervised	IMG/JGI	Restricted	Requires institutional IMG/JGI access
3300029609_20	3300029609_20	Bacteria	Unknown		unsupervised	IMG/JGI	Restricted	Requires institutional IMG/JGI access
3300020377_8	3300020377_8	Bacteria	Unknown		unsupervised	IMG/JGI	Restricted	Requires institutional IMG/JGI access
3300013131_86	3300013131_86	Bacteria	Unknown		unsupervised	IMG/JGI	Restricted	Requires institutional IMG/JGI access
3300029472_14	3300029472_14	Bacteria	Unknown		unsupervised	IMG/JGI	Restricted	Requires institutional IMG/JGI access
3300027968_48	3300027968_48	Bacteria	Unknown		unsupervised	IMG/JGI	Restricted	Requires institutional IMG/JGI access
3300029604_18	3300029604_18	Bacteria	Unknown		unsupervised	IMG/JGI	Restricted	Requires institutional IMG/JGI access
3300020207_22	3300020207_22	Bacteria	Unknown		unsupervised	IMG/JGI	Restricted	Requires institutional IMG/JGI access
3300025748_23	3300025748_23	Bacteria	Unknown		unsupervised	IMG/JGI	Restricted	Requires institutional IMG/JGI access
3300029375_22	3300029375_22	Bacteria	Unknown		unsupervised	IMG/JGI	Restricted	Requires institutional IMG/JGI access
3300008626_10	3300008626_10	Bacteria	Unknown		unsupervised	IMG/JGI	Restricted	Requires institutional IMG/JGI access
3300025261_33	3300025261_33	Bacteria	Unknown		unsupervised	IMG/JGI	Restricted	Requires institutional IMG/JGI access
3300014776_8	3300014776_8	Bacteria	Unknown		unsupervised	IMG/JGI	Restricted	Requires institutional IMG/JGI access
3300007105_20	3300007105_20	Bacteria	Unknown		unsupervised	IMG/JGI	Restricted	Requires institutional IMG/JGI access
3300029111_21	3300029111_21	Bacteria	Unknown		unsupervised	IMG/JGI	Restricted	Requires institutional IMG/JGI access
3300025433_15	3300025433_15	Bacteria	Unknown		unsupervised	IMG/JGI	Restricted	Requires institutional IMG/JGI access
3300029558_15	3300029558_15	Bacteria	Unknown		unsupervised	IMG/JGI	Restricted	Requires institutional IMG/JGI access
3300011914_6	3300011914_6	Bacteria	Unknown		unsupervised	IMG/JGI	Restricted	Requires institutional IMG/JGI access
3300014744_3	3300014744_3	Bacteria	Unknown		unsupervised	IMG/JGI	Restricted	Requires institutional IMG/JGI access
3300028559_49	3300028559_49	Bacteria	Unknown		unsupervised	IMG/JGI	Restricted	Requires institutional IMG/JGI access
3300015214_24	3300015214_24	Bacteria	Unknown		unsupervised	IMG/JGI	Restricted	Requires institutional IMG/JGI access
3300029747_31	3300029747_31	Bacteria	Unknown		unsupervised	IMG/JGI	Restricted	Requires institutional IMG/JGI access
3300012841_6	3300012841_6	Bacteria	Unknown		unsupervised	IMG/JGI	Restricted	Requires institutional IMG/JGI access
3300026299_23	3300026299_23	Bacteria	Unknown		unsupervised	IMG/JGI	Restricted	Requires institutional IMG/JGI access
3300029076_5	3300029076_5	Bacteria	Unknown		unsupervised	IMG/JGI	Restricted	Requires institutional IMG/JGI access
3300027794_13	3300027794_13	Bacteria	Unknown		unsupervised	IMG/JGI	Restricted	Requires institutional IMG/JGI access
3300014963_23	3300014963_23	Bacteria	Unknown		unsupervised	IMG/JGI	Restricted	Requires institutional IMG/JGI access
3300027820_10	3300027820_10	Bacteria	Unknown		unsupervised	IMG/JGI	Restricted	Requires institutional IMG/JGI access
3300029620_28	3300029620_28	Bacteria	Unknown		unsupervised	IMG/JGI	Restricted	Requires institutional IMG/JGI access
3300027986_18	3300027986_18	Bacteria	Unknown		unsupervised	IMG/JGI	Restricted	Requires institutional IMG/JGI access
3300010049_58	3300010049_58	Bacteria	Unknown		unsupervised	IMG/JGI	Restricted	Requires institutional IMG/JGI access
3300025536_8	3300025536_8	Bacteria	Unknown		unsupervised	IMG/JGI	Restricted	Requires institutional IMG/JGI access
3300029557_9	3300029557_9	Bacteria	Unknown		unsupervised	IMG/JGI	Restricted	Requires institutional IMG/JGI access
3300025671_89	3300025671_89	Bacteria	Unknown		unsupervised	IMG/JGI	Restricted	Requires institutional IMG/JGI access
3300029197_10	3300029197_10	Bacteria	Unknown		unsupervised	IMG/JGI	Restricted	Requires institutional IMG/JGI access
3300012214_1	3300012214_1	Bacteria	Unknown		unsupervised	IMG/JGI	Restricted	Requires institutional IMG/JGI access
3300029647_8	3300029647_8	Bacteria	Unknown		unsupervised	IMG/JGI	Restricted	Requires institutional IMG/JGI access
3300029859_10	3300029859_10	Bacteria	Unknown		unsupervised	IMG/JGI	Restricted	Requires institutional IMG/JGI access
3300011873_5	3300011873_5	Bacteria	Unknown		unsupervised	IMG/JGI	Restricted	Requires institutional IMG/JGI access
3300007517_46	3300007517_46	Bacteria	Unknown		unsupervised	IMG/JGI	Restricted	Requires institutional IMG/JGI access
3300005460_29	3300005460_29	Bacteria	Unknown		unsupervised	IMG/JGI	Restricted	Requires institutional IMG/JGI access
3300012864_11	3300012864_11	Bacteria	Unknown		unsupervised	IMG/JGI	Restricted	Requires institutional IMG/JGI access
3300025705_52	3300025705_52	Bacteria	Unknown		unsupervised	IMG/JGI	Restricted	Requires institutional IMG/JGI access
3300028635_11	3300028635_11	Bacteria	Unknown		unsupervised	IMG/JGI	Restricted	Requires institutional IMG/JGI access
3300025608_31	3300025608_31	Bacteria	Unknown		unsupervised	IMG/JGI	Restricted	Requires institutional IMG/JGI access
3300029749_22	3300029749_22	Bacteria	Unknown		unsupervised	IMG/JGI	Restricted	Requires institutional IMG/JGI access
3300008432_1	3300008432_1	Bacteria	Unknown		unsupervised	IMG/JGI	Restricted	Requires institutional IMG/JGI access
3300011865_2	3300011865_2	Bacteria	Unknown		unsupervised	IMG/JGI	Restricted	Requires institutional IMG/JGI access
3300029821_28	3300029821_28	Bacteria	Unknown		unsupervised	IMG/JGI	Restricted	Requires institutional IMG/JGI access
3300013138_152	3300013138_152	Bacteria	Unknown		unsupervised	IMG/JGI	Restricted	Requires institutional IMG/JGI access
3300011456_2	3300011456_2	Bacteria	Unknown		unsupervised	IMG/JGI	Restricted	Requires institutional IMG/JGI access
3300008404_7	3300008404_7	Bacteria	Unknown		unsupervised	IMG/JGI	Restricted	Requires institutional IMG/JGI access
3300027730_35	3300027730_35	Bacteria	Unknown		unsupervised	IMG/JGI	Restricted	Requires institutional IMG/JGI access
3300026985_4	3300026985_4	Bacteria	Unknown		unsupervised	IMG/JGI	Restricted	Requires institutional IMG/JGI access
3300013644_1	3300013644_1	Bacteria	Unknown		unsupervised	IMG/JGI	Restricted	Requires institutional IMG/JGI access
3300029480_13	3300029480_13	Bacteria	Unknown		unsupervised	IMG/JGI	Restricted	Requires institutional IMG/JGI access
3300026961_2	3300026961_2	Bacteria	Unknown		unsupervised	IMG/JGI	Restricted	Requires institutional IMG/JGI access
3300029464_6	3300029464_6	Bacteria	Unknown		unsupervised	IMG/JGI	Restricted	Requires institutional IMG/JGI access
3300009702_98	3300009702_98	Bacteria	Unknown		unsupervised	IMG/JGI	Restricted	Requires institutional IMG/JGI access
3300024328_14	3300024328_14	Bacteria	Unknown		unsupervised	IMG/JGI	Restricted	Requires institutional IMG/JGI access
3300029875_19	3300029875_19	Bacteria	Unknown		unsupervised	IMG/JGI	Restricted	Requires institutional IMG/JGI access
3300029382_20	3300029382_20	Bacteria	Unknown		unsupervised	IMG/JGI	Restricted	Requires institutional IMG/JGI access
3300029751_13	3300029751_13	Bacteria	Unknown		unsupervised	IMG/JGI	Restricted	Requires institutional IMG/JGI access
3300027826_12	3300027826_12	Bacteria	Unknown		unsupervised	IMG/JGI	Restricted	Requires institutional IMG/JGI access
3300011211_2	3300011211_2	Bacteria	Unknown		unsupervised	IMG/JGI	Restricted	Requires institutional IMG/JGI access
3300008520_22	3300008520_22	Bacteria	Unknown		unsupervised	IMG/JGI	Restricted	Requires institutional IMG/JGI access
3300025110_4	3300025110_4	Bacteria	Unknown		unsupervised	IMG/JGI	Restricted	Requires institutional IMG/JGI access
3300024932_5	3300024932_5	Bacteria	Unknown		unsupervised	IMG/JGI	Restricted	Requires institutional IMG/JGI access
3300028576_27	3300028576_27	Bacteria	Unknown		unsupervised	IMG/JGI	Restricted	Requires institutional IMG/JGI access
3300011987_4	3300011987_4	Bacteria	Unknown		unsupervised	IMG/JGI	Restricted	Requires institutional IMG/JGI access
3300029198_13	3300029198_13	Bacteria	Unknown		unsupervised	IMG/JGI	Restricted	Requires institutional IMG/JGI access
3300029338_17	3300029338_17	Bacteria	Unknown		unsupervised	IMG/JGI	Restricted	Requires institutional IMG/JGI access
3300006038_23	3300006038_23	Bacteria	Unknown		unsupervised	IMG/JGI	Restricted	Requires institutional IMG/JGI access
3300008636_16	3300008636_16	Bacteria	Unknown		unsupervised	IMG/JGI	Restricted	Requires institutional IMG/JGI access
3300026299_16	3300026299_16	Bacteria	Unknown		unsupervised	IMG/JGI	Restricted	Requires institutional IMG/JGI access
3300026549_66	3300026549_66	Bacteria	Unknown		unsupervised	IMG/JGI	Restricted	Requires institutional IMG/JGI access
3300025297_21	3300025297_21	Bacteria	Unknown		unsupervised	IMG/JGI	Restricted	Requires institutional IMG/JGI access
3300025198_2	3300025198_2	Bacteria	Unknown		unsupervised	IMG/JGI	Restricted	Requires institutional IMG/JGI access
3300008382_3	3300008382_3	Bacteria	Unknown		unsupervised	IMG/JGI	Restricted	Requires institutional IMG/JGI access
3300014765_1	3300014765_1	Bacteria	Unknown		unsupervised	IMG/JGI	Restricted	Requires institutional IMG/JGI access
3300029607_31	3300029607_31	Bacteria	Unknown		unsupervised	IMG/JGI	Restricted	Requires institutional IMG/JGI access
3300027419_12	3300027419_12	Bacteria	Unknown		unsupervised	IMG/JGI	Restricted	Requires institutional IMG/JGI access
3300027262_5	3300027262_5	Bacteria	Unknown		unsupervised	IMG/JGI	Restricted	Requires institutional IMG/JGI access
3300013100_20	3300013100_20	Bacteria	Unknown		unsupervised	IMG/JGI	Restricted	Requires institutional IMG/JGI access
3300029034_10	3300029034_10	Bacteria	Unknown		unsupervised	IMG/JGI	Restricted	Requires institutional IMG/JGI access
3300025865_20	3300025865_20	Bacteria	Unknown		unsupervised	IMG/JGI	Restricted	Requires institutional IMG/JGI access
3300006226_76	3300006226_76	Bacteria	Unknown		unsupervised	IMG/JGI	Restricted	Requires institutional IMG/JGI access
3300003894_18	3300003894_18	Bacteria	Unknown		unsupervised	IMG/JGI	Restricted	Requires institutional IMG/JGI access
3300008650_7	3300008650_7	Bacteria	Unknown		unsupervised	IMG/JGI	Restricted	Requires institutional IMG/JGI access
3300029132_18	3300029132_18	Bacteria	Unknown		unsupervised	IMG/JGI	Restricted	Requires institutional IMG/JGI access
3300017929_26	3300017929_26	Bacteria	Unknown		unsupervised	IMG/JGI	Restricted	Requires institutional IMG/JGI access
3300011977_20	3300011977_20	Bacteria	Unknown		unsupervised	IMG/JGI	Restricted	Requires institutional IMG/JGI access
3300024185_7	3300024185_7	Bacteria	Unknown		unsupervised	IMG/JGI	Restricted	Requires institutional IMG/JGI access
3300029490_19	3300029490_19	Bacteria	Unknown		unsupervised	IMG/JGI	Restricted	Requires institutional IMG/JGI access
3300008485_3	3300008485_3	Bacteria	Unknown		unsupervised	IMG/JGI	Restricted	Requires institutional IMG/JGI access
3300024357_5	3300024357_5	Bacteria	Unknown		unsupervised	IMG/JGI	Restricted	Requires institutional IMG/JGI access
3300029328_6	3300029328_6	Bacteria	Unknown		unsupervised	IMG/JGI	Restricted	Requires institutional IMG/JGI access
3300027607_31	3300027607_31	Bacteria	Unknown		unsupervised	IMG/JGI	Restricted	Requires institutional IMG/JGI access
3300029587_26	3300029587_26	Bacteria	Unknown		unsupervised	IMG/JGI	Restricted	Requires institutional IMG/JGI access
3300008299_9	3300008299_9	Bacteria	Unknown		unsupervised	IMG/JGI	Restricted	Requires institutional IMG/JGI access
3300013636_1	3300013636_1	Bacteria	Unknown		unsupervised	IMG/JGI	Restricted	Requires institutional IMG/JGI access
3300027819_104	3300027819_104	Bacteria	Unknown		unsupervised	IMG/JGI	Restricted	Requires institutional IMG/JGI access
3300010281_12	3300010281_12	Bacteria	Unknown		unsupervised	IMG/JGI	Restricted	Requires institutional IMG/JGI access
3300029719_42	3300029719_42	Bacteria	Unknown		unsupervised	IMG/JGI	Restricted	Requires institutional IMG/JGI access
3300029351_9	3300029351_9	Bacteria	Unknown		unsupervised	IMG/JGI	Restricted	Requires institutional IMG/JGI access
3300000497_2	3300000497_2	Bacteria	Unknown		unsupervised	IMG/JGI	Restricted	Requires institutional IMG/JGI access
3300007220_11	3300007220_11	Bacteria	Unknown		unsupervised	IMG/JGI	Restricted	Requires institutional IMG/JGI access
3300011596_1	3300011596_1	Bacteria	Unknown		unsupervised	IMG/JGI	Restricted	Requires institutional IMG/JGI access
3300029617_25	3300029617_25	Bacteria	Unknown		unsupervised	IMG/JGI	Restricted	Requires institutional IMG/JGI access
3300011915_2	3300011915_2	Bacteria	Unknown		unsupervised	IMG/JGI	Restricted	Requires institutional IMG/JGI access
3300010274_28	3300010274_28	Bacteria	Unknown		unsupervised	IMG/JGI	Restricted	Requires institutional IMG/JGI access
3300029571_26	3300029571_26	Bacteria	Unknown		unsupervised	IMG/JGI	Restricted	Requires institutional IMG/JGI access
3300028591_32	3300028591_32	Bacteria	Unknown		unsupervised	IMG/JGI	Restricted	Requires institutional IMG/JGI access
3300013126_97	3300013126_97	Bacteria	Unknown		unsupervised	IMG/JGI	Restricted	Requires institutional IMG/JGI access
3300029113_17	3300029113_17	Bacteria	Unknown		unsupervised	IMG/JGI	Restricted	Requires institutional IMG/JGI access
3300009779_48	3300009779_48	Bacteria	Unknown		unsupervised	IMG/JGI	Restricted	Requires institutional IMG/JGI access
3300011806_1	3300011806_1	Bacteria	Unknown		unsupervised	IMG/JGI	Restricted	Requires institutional IMG/JGI access
3300029576_23	3300029576_23	Bacteria	Unknown		unsupervised	IMG/JGI	Restricted	Requires institutional IMG/JGI access
3300008734_13	3300008734_13	Bacteria	Unknown		unsupervised	IMG/JGI	Restricted	Requires institutional IMG/JGI access
3300027051_25	3300027051_25	Bacteria	Unknown		unsupervised	IMG/JGI	Restricted	Requires institutional IMG/JGI access
3300025161_7	3300025161_7	Bacteria	Unknown		unsupervised	IMG/JGI	Restricted	Requires institutional IMG/JGI access
3300026112_3	3300026112_3	Bacteria	Unknown		unsupervised	IMG/JGI	Restricted	Requires institutional IMG/JGI access
3300029430_18	3300029430_18	Bacteria	Unknown		unsupervised	IMG/JGI	Restricted	Requires institutional IMG/JGI access
3300028071_5	3300028071_5	Bacteria	Unknown		unsupervised	IMG/JGI	Restricted	Requires institutional IMG/JGI access
3300025294_16	3300025294_16	Bacteria	Unknown		unsupervised	IMG/JGI	Restricted	Requires institutional IMG/JGI access
3300027276_54	3300027276_54	Bacteria	Unknown		unsupervised	IMG/JGI	Restricted	Requires institutional IMG/JGI access
3300009769_17	3300009769_17	Bacteria	Unknown		unsupervised	IMG/JGI	Restricted	Requires institutional IMG/JGI access
3300017996_18	3300017996_18	Bacteria	Unknown		unsupervised	IMG/JGI	Restricted	Requires institutional IMG/JGI access
3300029330_20	3300029330_20	Bacteria	Unknown		unsupervised	IMG/JGI	Restricted	Requires institutional IMG/JGI access
3300014525_5	3300014525_5	Bacteria	Unknown		unsupervised	IMG/JGI	Restricted	Requires institutional IMG/JGI access
3300025724_4	3300025724_4	Bacteria	Unknown		unsupervised	IMG/JGI	Restricted	Requires institutional IMG/JGI access
3300028561_55	3300028561_55	Bacteria	Unknown		unsupervised	IMG/JGI	Restricted	Requires institutional IMG/JGI access
3300011765_3	3300011765_3	Bacteria	Unknown		unsupervised	IMG/JGI	Restricted	Requires institutional IMG/JGI access
3300029702_24	3300029702_24	Bacteria	Unknown		unsupervised	IMG/JGI	Restricted	Requires institutional IMG/JGI access
3300029505_9	3300029505_9	Bacteria	Unknown		unsupervised	IMG/JGI	Restricted	Requires institutional IMG/JGI access
3300029845_32	3300029845_32	Bacteria	Unknown		unsupervised	IMG/JGI	Restricted	Requires institutional IMG/JGI access
3300029044_15	3300029044_15	Bacteria	Unknown		unsupervised	IMG/JGI	Restricted	Requires institutional IMG/JGI access
3300029622_30	3300029622_30	Bacteria	Unknown		unsupervised	IMG/JGI	Restricted	Requires institutional IMG/JGI access
3300008461_6	3300008461_6	Bacteria	Unknown		unsupervised	IMG/JGI	Restricted	Requires institutional IMG/JGI access
3300024423_7	3300024423_7	Bacteria	Unknown		unsupervised	IMG/JGI	Restricted	Requires institutional IMG/JGI access
3300024922_7	3300024922_7	Bacteria	Unknown		unsupervised	IMG/JGI	Restricted	Requires institutional IMG/JGI access
3300020369_11	3300020369_11	Bacteria	Unknown		unsupervised	IMG/JGI	Restricted	Requires institutional IMG/JGI access
3300029185_13	3300029185_13	Bacteria	Unknown		unsupervised	IMG/JGI	Restricted	Requires institutional IMG/JGI access
3300021319_13	3300021319_13	Bacteria	Unknown		unsupervised	IMG/JGI	Restricted	Requires institutional IMG/JGI access
3300027848_51	3300027848_51	Bacteria	Unknown		unsupervised	IMG/JGI	Restricted	Requires institutional IMG/JGI access
3300025672_12	3300025672_12	Bacteria	Unknown		unsupervised	IMG/JGI	Restricted	Requires institutional IMG/JGI access
3300029460_10	3300029460_10	Bacteria	Unknown		unsupervised	IMG/JGI	Restricted	Requires institutional IMG/JGI access
3300029709_32	3300029709_32	Bacteria	Unknown		unsupervised	IMG/JGI	Restricted	Requires institutional IMG/JGI access
3300029203_16	3300029203_16	Bacteria	Unknown		unsupervised	IMG/JGI	Restricted	Requires institutional IMG/JGI access
3300025258_11	3300025258_11	Bacteria	Unknown		unsupervised	IMG/JGI	Restricted	Requires institutional IMG/JGI access
3300027832_112	3300027832_112	Bacteria	Unknown		unsupervised	IMG/JGI	Restricted	Requires institutional IMG/JGI access
3300025691_113	3300025691_113	Bacteria	Unknown		unsupervised	IMG/JGI	Restricted	Requires institutional IMG/JGI access
3300029856_26	3300029856_26	Bacteria	Unknown		unsupervised	IMG/JGI	Restricted	Requires institutional IMG/JGI access
3300022753_94	3300022753_94	Bacteria	Unknown		unsupervised	IMG/JGI	Restricted	Requires institutional IMG/JGI access
3300027276_108	3300027276_108	Bacteria	Unknown		unsupervised	IMG/JGI	Restricted	Requires institutional IMG/JGI access
3300022177_31	3300022177_31	Bacteria	Unknown		unsupervised	IMG/JGI	Restricted	Requires institutional IMG/JGI access
3300025715_14	3300025715_14	Bacteria	Unknown		unsupervised	IMG/JGI	Restricted	Requires institutional IMG/JGI access
3300025932_7	3300025932_7	Bacteria	Unknown		unsupervised	IMG/JGI	Restricted	Requires institutional IMG/JGI access
3300011584_2	3300011584_2	Bacteria	Unknown		unsupervised	IMG/JGI	Restricted	Requires institutional IMG/JGI access
3300009363_20	3300009363_20	Bacteria	Unknown		unsupervised	IMG/JGI	Restricted	Requires institutional IMG/JGI access
3300012878_9	3300012878_9	Bacteria	Unknown		unsupervised	IMG/JGI	Restricted	Requires institutional IMG/JGI access
3300020079_31	3300020079_31	Bacteria	Unknown		unsupervised	IMG/JGI	Restricted	Requires institutional IMG/JGI access
3300007345_7	3300007345_7	Bacteria	Unknown		unsupervised	IMG/JGI	Restricted	Requires institutional IMG/JGI access
3300006321_5	3300006321_5	Bacteria	Unknown		unsupervised	IMG/JGI	Restricted	Requires institutional IMG/JGI access
3300029409_13	3300029409_13	Bacteria	Unknown		unsupervised	IMG/JGI	Restricted	Requires institutional IMG/JGI access
3300013721_2	3300013721_2	Bacteria	Unknown		unsupervised	IMG/JGI	Restricted	Requires institutional IMG/JGI access
3300018025_21	3300018025_21	Bacteria	Unknown		unsupervised	IMG/JGI	Restricted	Requires institutional IMG/JGI access
3300012974_27	3300012974_27	Bacteria	Unknown		unsupervised	IMG/JGI	Restricted	Requires institutional IMG/JGI access
3300012153_2	3300012153_2	Bacteria	Unknown		unsupervised	IMG/JGI	Restricted	Requires institutional IMG/JGI access
3300029784_32	3300029784_32	Bacteria	Unknown		unsupervised	IMG/JGI	Restricted	Requires institutional IMG/JGI access
3300029712_22	3300029712_22	Bacteria	Unknown		unsupervised	IMG/JGI	Restricted	Requires institutional IMG/JGI access
3300009083_186	3300009083_186	Bacteria	Unknown		unsupervised	IMG/JGI	Restricted	Requires institutional IMG/JGI access
3300020200_26	3300020200_26	Bacteria	Unknown		unsupervised	IMG/JGI	Restricted	Requires institutional IMG/JGI access
3300027547_7	3300027547_7	Bacteria	Unknown		unsupervised	IMG/JGI	Restricted	Requires institutional IMG/JGI access
3300021318_26	3300021318_26	Bacteria	Unknown		unsupervised	IMG/JGI	Restricted	Requires institutional IMG/JGI access
3300025305_12	3300025305_12	Bacteria	Unknown		unsupervised	IMG/JGI	Restricted	Requires institutional IMG/JGI access
3300012859_13	3300012859_13	Bacteria	Unknown		unsupervised	IMG/JGI	Restricted	Requires institutional IMG/JGI access
3300021424_46	3300021424_46	Bacteria	Unknown		unsupervised	IMG/JGI	Restricted	Requires institutional IMG/JGI access
3300006260_20	3300006260_20	Bacteria	Unknown		unsupervised	IMG/JGI	Restricted	Requires institutional IMG/JGI access
3300027820_35	3300027820_35	Bacteria	Unknown		unsupervised	IMG/JGI	Restricted	Requires institutional IMG/JGI access
3300012999_18	3300012999_18	Bacteria	Unknown		unsupervised	IMG/JGI	Restricted	Requires institutional IMG/JGI access
3300027323_21	3300027323_21	Bacteria	Unknown		unsupervised	IMG/JGI	Restricted	Requires institutional IMG/JGI access
3300029356_12	3300029356_12	Bacteria	Unknown		unsupervised	IMG/JGI	Restricted	Requires institutional IMG/JGI access
3300027342_6	3300027342_6	Bacteria	Unknown		unsupervised	IMG/JGI	Restricted	Requires institutional IMG/JGI access
3300025525_9	3300025525_9	Bacteria	Unknown		unsupervised	IMG/JGI	Restricted	Requires institutional IMG/JGI access
3300005470_4	3300005470_4	Bacteria	Unknown		unsupervised	IMG/JGI	Restricted	Requires institutional IMG/JGI access
3300010267_5	3300010267_5	Bacteria	Unknown		unsupervised	IMG/JGI	Restricted	Requires institutional IMG/JGI access
3300020477_43	3300020477_43	Bacteria	Unknown		unsupervised	IMG/JGI	Restricted	Requires institutional IMG/JGI access
3300029496_16	3300029496_16	Bacteria	Unknown		unsupervised	IMG/JGI	Restricted	Requires institutional IMG/JGI access
3300011739_6	3300011739_6	Bacteria	Unknown		unsupervised	IMG/JGI	Restricted	Requires institutional IMG/JGI access
3300027419_35	3300027419_35	Bacteria	Unknown		unsupervised	IMG/JGI	Restricted	Requires institutional IMG/JGI access
3300025788_4	3300025788_4	Bacteria	Unknown		unsupervised	IMG/JGI	Restricted	Requires institutional IMG/JGI access
3300029441_25	3300029441_25	Bacteria	Unknown		unsupervised	IMG/JGI	Restricted	Requires institutional IMG/JGI access
3300025731_22	3300025731_22	Bacteria	Unknown		unsupervised	IMG/JGI	Restricted	Requires institutional IMG/JGI access
3300029790_19	3300029790_19	Bacteria	Unknown		unsupervised	IMG/JGI	Restricted	Requires institutional IMG/JGI access
3300007646_15	3300007646_15	Bacteria	Unknown		unsupervised	IMG/JGI	Restricted	Requires institutional IMG/JGI access
3300029494_33	3300029494_33	Bacteria	Unknown		unsupervised	IMG/JGI	Restricted	Requires institutional IMG/JGI access
3300014701_2	3300014701_2	Bacteria	Unknown		unsupervised	IMG/JGI	Restricted	Requires institutional IMG/JGI access
3300013830_20	3300013830_20	Bacteria	Unknown		unsupervised	IMG/JGI	Restricted	Requires institutional IMG/JGI access
3300021387_111	3300021387_111	Bacteria	Unknown		unsupervised	IMG/JGI	Restricted	Requires institutional IMG/JGI access
3300008521_12	3300008521_12	Bacteria	Unknown		unsupervised	IMG/JGI	Restricted	Requires institutional IMG/JGI access
3300029567_24	3300029567_24	Bacteria	Unknown		unsupervised	IMG/JGI	Restricted	Requires institutional IMG/JGI access
3300014519_6	3300014519_6	Bacteria	Unknown		unsupervised	IMG/JGI	Restricted	Requires institutional IMG/JGI access
3300012956_65	3300012956_65	Bacteria	Unknown		unsupervised	IMG/JGI	Restricted	Requires institutional IMG/JGI access
3300029439_11	3300029439_11	Bacteria	Unknown		unsupervised	IMG/JGI	Restricted	Requires institutional IMG/JGI access
3300026286_8	3300026286_8	Bacteria	Unknown		unsupervised	IMG/JGI	Restricted	Requires institutional IMG/JGI access
3300027276_9	3300027276_9	Bacteria	Unknown		unsupervised	IMG/JGI	Restricted	Requires institutional IMG/JGI access
3300029590_13	3300029590_13	Bacteria	Unknown		unsupervised	IMG/JGI	Restricted	Requires institutional IMG/JGI access
3300028603_90	3300028603_90	Bacteria	Unknown		unsupervised	IMG/JGI	Restricted	Requires institutional IMG/JGI access
3300029021_12	3300029021_12	Bacteria	Unknown		unsupervised	IMG/JGI	Restricted	Requires institutional IMG/JGI access
3300010428_12	3300010428_12	Bacteria	Unknown		unsupervised	IMG/JGI	Restricted	Requires institutional IMG/JGI access
3300025529_21	3300025529_21	Bacteria	Unknown		unsupervised	IMG/JGI	Restricted	Requires institutional IMG/JGI access
3300005300_24	3300005300_24	Bacteria	Unknown		unsupervised	IMG/JGI	Restricted	Requires institutional IMG/JGI access
3300024514_4	3300024514_4	Bacteria	Unknown		unsupervised	IMG/JGI	Restricted	Requires institutional IMG/JGI access
3300011202_2	3300011202_2	Bacteria	Unknown		unsupervised	IMG/JGI	Restricted	Requires institutional IMG/JGI access
3300007043_4	3300007043_4	Bacteria	Unknown		unsupervised	IMG/JGI	Restricted	Requires institutional IMG/JGI access
3300011764_2	3300011764_2	Bacteria	Unknown		unsupervised	IMG/JGI	Restricted	Requires institutional IMG/JGI access
3300029567_6	3300029567_6	Bacteria	Unknown		unsupervised	IMG/JGI	Restricted	Requires institutional IMG/JGI access
3300021431_54	3300021431_54	Bacteria	Unknown		unsupervised	IMG/JGI	Restricted	Requires institutional IMG/JGI access
3300013909_1	3300013909_1	Bacteria	Unknown		unsupervised	IMG/JGI	Restricted	Requires institutional IMG/JGI access
3300029795_30	3300029795_30	Bacteria	Unknown		unsupervised	IMG/JGI	Restricted	Requires institutional IMG/JGI access
3300027930_1	3300027930_1	Bacteria	Unknown		unsupervised	IMG/JGI	Restricted	Requires institutional IMG/JGI access
3300029856_24	3300029856_24	Bacteria	Unknown		unsupervised	IMG/JGI	Restricted	Requires institutional IMG/JGI access
3300011567_3	3300011567_3	Bacteria	Unknown		unsupervised	IMG/JGI	Restricted	Requires institutional IMG/JGI access
3300013486_1	3300013486_1	Bacteria	Unknown		unsupervised	IMG/JGI	Restricted	Requires institutional IMG/JGI access
3300027327_26	3300027327_26	Bacteria	Unknown		unsupervised	IMG/JGI	Restricted	Requires institutional IMG/JGI access
3300028624_17	3300028624_17	Bacteria	Unknown		unsupervised	IMG/JGI	Restricted	Requires institutional IMG/JGI access
3300000496_3	3300000496_3	Bacteria	Unknown		unsupervised	IMG/JGI	Restricted	Requires institutional IMG/JGI access
3300029676_19	3300029676_19	Bacteria	Unknown		unsupervised	IMG/JGI	Restricted	Requires institutional IMG/JGI access
3300029501_6	3300029501_6	Bacteria	Unknown		unsupervised	IMG/JGI	Restricted	Requires institutional IMG/JGI access
3300025216_3	3300025216_3	Bacteria	Unknown		unsupervised	IMG/JGI	Restricted	Requires institutional IMG/JGI access
3300029081_4	3300029081_4	Bacteria	Unknown		unsupervised	IMG/JGI	Restricted	Requires institutional IMG/JGI access
3300029483_30	3300029483_30	Bacteria	Unknown		unsupervised	IMG/JGI	Restricted	Requires institutional IMG/JGI access
3300028559_20	3300028559_20	Bacteria	Unknown		unsupervised	IMG/JGI	Restricted	Requires institutional IMG/JGI access
3300029553_21	3300029553_21	Bacteria	Unknown		unsupervised	IMG/JGI	Restricted	Requires institutional IMG/JGI access
3300011892_3	3300011892_3	Bacteria	Unknown		unsupervised	IMG/JGI	Restricted	Requires institutional IMG/JGI access
3300027822_30	3300027822_30	Bacteria	Unknown		unsupervised	IMG/JGI	Restricted	Requires institutional IMG/JGI access
3300029386_8	3300029386_8	Bacteria	Unknown		unsupervised	IMG/JGI	Restricted	Requires institutional IMG/JGI access
3300001679_14	3300001679_14	Bacteria	Unknown		unsupervised	IMG/JGI	Restricted	Requires institutional IMG/JGI access
3300019487_22	3300019487_22	Bacteria	Unknown		unsupervised	IMG/JGI	Restricted	Requires institutional IMG/JGI access
3300026560_1	3300026560_1	Bacteria	Unknown		unsupervised	IMG/JGI	Restricted	Requires institutional IMG/JGI access
3300029620_23	3300029620_23	Bacteria	Unknown		unsupervised	IMG/JGI	Restricted	Requires institutional IMG/JGI access
3300027317_4	3300027317_4	Bacteria	Unknown		unsupervised	IMG/JGI	Restricted	Requires institutional IMG/JGI access
3300029095_7	3300029095_7	Bacteria	Unknown		unsupervised	IMG/JGI	Restricted	Requires institutional IMG/JGI access
3300029006_7	3300029006_7	Bacteria	Unknown		unsupervised	IMG/JGI	Restricted	Requires institutional IMG/JGI access
3300025093_8	3300025093_8	Bacteria	Unknown		unsupervised	IMG/JGI	Restricted	Requires institutional IMG/JGI access
3300006226_69	3300006226_69	Bacteria	Unknown		unsupervised	IMG/JGI	Restricted	Requires institutional IMG/JGI access
3300025545_13	3300025545_13	Bacteria	Unknown		unsupervised	IMG/JGI	Restricted	Requires institutional IMG/JGI access
3300029564_16	3300029564_16	Bacteria	Unknown		unsupervised	IMG/JGI	Restricted	Requires institutional IMG/JGI access
3300029244_12	3300029244_12	Bacteria	Unknown		unsupervised	IMG/JGI	Restricted	Requires institutional IMG/JGI access
3300025611_19	3300025611_19	Bacteria	Unknown		unsupervised	IMG/JGI	Restricted	Requires institutional IMG/JGI access
3300008149_5	3300008149_5	Bacteria	Unknown		unsupervised	IMG/JGI	Restricted	Requires institutional IMG/JGI access
3300022660_81	3300022660_81	Bacteria	Unknown		unsupervised	IMG/JGI	Restricted	Requires institutional IMG/JGI access
3300020578_65	3300020578_65	Bacteria	Unknown		unsupervised	IMG/JGI	Restricted	Requires institutional IMG/JGI access
3300029420_26	3300029420_26	Bacteria	Unknown		unsupervised	IMG/JGI	Restricted	Requires institutional IMG/JGI access
3300007320_24	3300007320_24	Bacteria	Unknown		unsupervised	IMG/JGI	Restricted	Requires institutional IMG/JGI access
3300011551_1	3300011551_1	Bacteria	Unknown		unsupervised	IMG/JGI	Restricted	Requires institutional IMG/JGI access
3300029748_19	3300029748_19	Bacteria	Unknown		unsupervised	IMG/JGI	Restricted	Requires institutional IMG/JGI access
3300011166_2	3300011166_2	Bacteria	Unknown		unsupervised	IMG/JGI	Restricted	Requires institutional IMG/JGI access
3300029337_14	3300029337_14	Bacteria	Unknown		unsupervised	IMG/JGI	Restricted	Requires institutional IMG/JGI access
3300012003_13	3300012003_13	Bacteria	Unknown		unsupervised	IMG/JGI	Restricted	Requires institutional IMG/JGI access
3300021326_35	3300021326_35	Bacteria	Unknown		unsupervised	IMG/JGI	Restricted	Requires institutional IMG/JGI access
3300025044_9	3300025044_9	Bacteria	Unknown		unsupervised	IMG/JGI	Restricted	Requires institutional IMG/JGI access
3300008090_9	3300008090_9	Bacteria	Unknown		unsupervised	IMG/JGI	Restricted	Requires institutional IMG/JGI access
3300029378_17	3300029378_17	Bacteria	Unknown		unsupervised	IMG/JGI	Restricted	Requires institutional IMG/JGI access
3300011486_1	3300011486_1	Bacteria	Unknown		unsupervised	IMG/JGI	Restricted	Requires institutional IMG/JGI access
3300029365_29	3300029365_29	Bacteria	Unknown		unsupervised	IMG/JGI	Restricted	Requires institutional IMG/JGI access
3300027834_41	3300027834_41	Bacteria	Unknown		unsupervised	IMG/JGI	Restricted	Requires institutional IMG/JGI access
3300026863_9	3300026863_9	Bacteria	Unknown		unsupervised	IMG/JGI	Restricted	Requires institutional IMG/JGI access
3300029786_28	3300029786_28	Bacteria	Unknown		unsupervised	IMG/JGI	Restricted	Requires institutional IMG/JGI access
3300014007_3	3300014007_3	Bacteria	Unknown		unsupervised	IMG/JGI	Restricted	Requires institutional IMG/JGI access
3300029491_22	3300029491_22	Bacteria	Unknown		unsupervised	IMG/JGI	Restricted	Requires institutional IMG/JGI access
3300029794_29	3300029794_29	Bacteria	Unknown		unsupervised	IMG/JGI	Restricted	Requires institutional IMG/JGI access
3300029870_14	3300029870_14	Bacteria	Unknown		unsupervised	IMG/JGI	Restricted	Requires institutional IMG/JGI access
3300028654_9	3300028654_9	Bacteria	Unknown		unsupervised	IMG/JGI	Restricted	Requires institutional IMG/JGI access
3300029362_15	3300029362_15	Bacteria	Unknown		unsupervised	IMG/JGI	Restricted	Requires institutional IMG/JGI access
3300025270_13	3300025270_13	Bacteria	Unknown		unsupervised	IMG/JGI	Restricted	Requires institutional IMG/JGI access
3300012275_7	3300012275_7	Bacteria	Unknown		unsupervised	IMG/JGI	Restricted	Requires institutional IMG/JGI access
3300012816_12	3300012816_12	Bacteria	Unknown		unsupervised	IMG/JGI	Restricted	Requires institutional IMG/JGI access
3300006289_12	3300006289_12	Bacteria	Unknown		unsupervised	IMG/JGI	Restricted	Requires institutional IMG/JGI access
3300011479_1	3300011479_1	Bacteria	Unknown		unsupervised	IMG/JGI	Restricted	Requires institutional IMG/JGI access
3300026863_26	3300026863_26	Bacteria	Unknown		unsupervised	IMG/JGI	Restricted	Requires institutional IMG/JGI access
3300007109_4	3300007109_4	Bacteria	Unknown		unsupervised	IMG/JGI	Restricted	Requires institutional IMG/JGI access
3300029504_9	3300029504_9	Bacteria	Unknown		unsupervised	IMG/JGI	Restricted	Requires institutional IMG/JGI access
3300025187_2	3300025187_2	Bacteria	Unknown		unsupervised	IMG/JGI	Restricted	Requires institutional IMG/JGI access
3300027316_9	3300027316_9	Bacteria	Unknown		unsupervised	IMG/JGI	Restricted	Requires institutional IMG/JGI access
3300027327_11	3300027327_11	Bacteria	Unknown		unsupervised	IMG/JGI	Restricted	Requires institutional IMG/JGI access
3300025608_11	3300025608_11	Bacteria	Unknown		unsupervised	IMG/JGI	Restricted	Requires institutional IMG/JGI access
3300013830_11	3300013830_11	Bacteria	Unknown		unsupervised	IMG/JGI	Restricted	Requires institutional IMG/JGI access
3300029232_12	3300029232_12	Bacteria	Unknown		unsupervised	IMG/JGI	Restricted	Requires institutional IMG/JGI access
3300008337_6	3300008337_6	Bacteria	Unknown		unsupervised	IMG/JGI	Restricted	Requires institutional IMG/JGI access
3300012229_1	3300012229_1	Bacteria	Unknown		unsupervised	IMG/JGI	Restricted	Requires institutional IMG/JGI access
3300021338_15	3300021338_15	Bacteria	Unknown		unsupervised	IMG/JGI	Restricted	Requires institutional IMG/JGI access
3300014808_12	3300014808_12	Bacteria	Unknown		unsupervised	IMG/JGI	Restricted	Requires institutional IMG/JGI access
3300029256_15	3300029256_15	Bacteria	Unknown		unsupervised	IMG/JGI	Restricted	Requires institutional IMG/JGI access
3300007298_5	3300007298_5	Bacteria	Unknown		unsupervised	IMG/JGI	Restricted	Requires institutional IMG/JGI access
3300029423_6	3300029423_6	Bacteria	Unknown		unsupervised	IMG/JGI	Restricted	Requires institutional IMG/JGI access
3300029772_12	3300029772_12	Bacteria	Unknown		unsupervised	IMG/JGI	Restricted	Requires institutional IMG/JGI access
3300011560_2	3300011560_2	Bacteria	Unknown		unsupervised	IMG/JGI	Restricted	Requires institutional IMG/JGI access
3300029207_11	3300029207_11	Bacteria	Unknown		unsupervised	IMG/JGI	Restricted	Requires institutional IMG/JGI access
3300011465_2	3300011465_2	Bacteria	Unknown		unsupervised	IMG/JGI	Restricted	Requires institutional IMG/JGI access
3300008341_4	3300008341_4	Bacteria	Unknown		unsupervised	IMG/JGI	Restricted	Requires institutional IMG/JGI access
3300014068_4	3300014068_4	Bacteria	Unknown		unsupervised	IMG/JGI	Restricted	Requires institutional IMG/JGI access
3300009704_35	3300009704_35	Bacteria	Unknown		unsupervised	IMG/JGI	Restricted	Requires institutional IMG/JGI access
3300025518_10	3300025518_10	Bacteria	Unknown		unsupervised	IMG/JGI	Restricted	Requires institutional IMG/JGI access
3300021375_8	3300021375_8	Bacteria	Unknown		unsupervised	IMG/JGI	Restricted	Requires institutional IMG/JGI access
3300029880_18	3300029880_18	Bacteria	Unknown		unsupervised	IMG/JGI	Restricted	Requires institutional IMG/JGI access
3300029759_22	3300029759_22	Bacteria	Unknown		unsupervised	IMG/JGI	Restricted	Requires institutional IMG/JGI access
3300011533_2	3300011533_2	Bacteria	Unknown		unsupervised	IMG/JGI	Restricted	Requires institutional IMG/JGI access
3300029379_15	3300029379_15	Bacteria	Unknown		unsupervised	IMG/JGI	Restricted	Requires institutional IMG/JGI access
3300006253_16	3300006253_16	Bacteria	Unknown		unsupervised	IMG/JGI	Restricted	Requires institutional IMG/JGI access
3300012543_2	3300012543_2	Bacteria	Unknown		unsupervised	IMG/JGI	Restricted	Requires institutional IMG/JGI access
3300025027_3	3300025027_3	Bacteria	Unknown		unsupervised	IMG/JGI	Restricted	Requires institutional IMG/JGI access
3300007705_7	3300007705_7	Bacteria	Unknown		unsupervised	IMG/JGI	Restricted	Requires institutional IMG/JGI access
3300021255_35	3300021255_35	Bacteria	Unknown		unsupervised	IMG/JGI	Restricted	Requires institutional IMG/JGI access
3300008098_3	3300008098_3	Bacteria	Unknown		unsupervised	IMG/JGI	Restricted	Requires institutional IMG/JGI access
3300005512_17	3300005512_17	Bacteria	Unknown		unsupervised	IMG/JGI	Restricted	Requires institutional IMG/JGI access
3300026228_1	3300026228_1	Bacteria	Unknown		unsupervised	IMG/JGI	Restricted	Requires institutional IMG/JGI access
3300011538_2	3300011538_2	Bacteria	Unknown		unsupervised	IMG/JGI	Restricted	Requires institutional IMG/JGI access
3300029460_8	3300029460_8	Bacteria	Unknown		unsupervised	IMG/JGI	Restricted	Requires institutional IMG/JGI access
3300006566_3	3300006566_3	Bacteria	Unknown		unsupervised	IMG/JGI	Restricted	Requires institutional IMG/JGI access
3300025709_33	3300025709_33	Bacteria	Unknown		unsupervised	IMG/JGI	Restricted	Requires institutional IMG/JGI access
3300029633_4	3300029633_4	Bacteria	Unknown		unsupervised	IMG/JGI	Restricted	Requires institutional IMG/JGI access
3300013131_122	3300013131_122	Bacteria	Unknown		unsupervised	IMG/JGI	Restricted	Requires institutional IMG/JGI access
3300027863_31	3300027863_31	Bacteria	Unknown		unsupervised	IMG/JGI	Restricted	Requires institutional IMG/JGI access
3300025662_15	3300025662_15	Bacteria	Unknown		unsupervised	IMG/JGI	Restricted	Requires institutional IMG/JGI access
3300029612_23	3300029612_23	Bacteria	Unknown		unsupervised	IMG/JGI	Restricted	Requires institutional IMG/JGI access
3300028625_10	3300028625_10	Bacteria	Unknown		unsupervised	IMG/JGI	Restricted	Requires institutional IMG/JGI access
3300007976_20	3300007976_20	Bacteria	Unknown		unsupervised	IMG/JGI	Restricted	Requires institutional IMG/JGI access
3300017448_70	3300017448_70	Bacteria	Unknown		unsupervised	IMG/JGI	Restricted	Requires institutional IMG/JGI access
3300029715_33	3300029715_33	Bacteria	Unknown		unsupervised	IMG/JGI	Restricted	Requires institutional IMG/JGI access
3300021310_9	3300021310_9	Bacteria	Unknown		unsupervised	IMG/JGI	Restricted	Requires institutional IMG/JGI access
3300026971_8	3300026971_8	Bacteria	Unknown		unsupervised	IMG/JGI	Restricted	Requires institutional IMG/JGI access
3300026290_18	3300026290_18	Bacteria	Unknown		unsupervised	IMG/JGI	Restricted	Requires institutional IMG/JGI access
3300025740_20	3300025740_20	Bacteria	Unknown		unsupervised	IMG/JGI	Restricted	Requires institutional IMG/JGI access
3300008480_19	3300008480_19	Bacteria	Unknown		unsupervised	IMG/JGI	Restricted	Requires institutional IMG/JGI access
3300025047_2	3300025047_2	Bacteria	Unknown		unsupervised	IMG/JGI	Restricted	Requires institutional IMG/JGI access
3300026989_6	3300026989_6	Bacteria	Unknown		unsupervised	IMG/JGI	Restricted	Requires institutional IMG/JGI access
3300014559_6	3300014559_6	Bacteria	Unknown		unsupervised	IMG/JGI	Restricted	Requires institutional IMG/JGI access
3300007128_8	3300007128_8	Bacteria	Unknown		unsupervised	IMG/JGI	Restricted	Requires institutional IMG/JGI access
3300012253_1	3300012253_1	Bacteria	Unknown		unsupervised	IMG/JGI	Restricted	Requires institutional IMG/JGI access
3300029123_11	3300029123_11	Bacteria	Unknown		unsupervised	IMG/JGI	Restricted	Requires institutional IMG/JGI access
3300011974_12	3300011974_12	Bacteria	Unknown		unsupervised	IMG/JGI	Restricted	Requires institutional IMG/JGI access
3300029381_32	3300029381_32	Bacteria	Unknown		unsupervised	IMG/JGI	Restricted	Requires institutional IMG/JGI access
3300029339_26	3300029339_26	Bacteria	Unknown		unsupervised	IMG/JGI	Restricted	Requires institutional IMG/JGI access
3300025812_17	3300025812_17	Bacteria	Unknown		unsupervised	IMG/JGI	Restricted	Requires institutional IMG/JGI access
3300024263_7	3300024263_7	Bacteria	Unknown		unsupervised	IMG/JGI	Restricted	Requires institutional IMG/JGI access
3300027323_2	3300027323_2	Bacteria	Unknown		unsupervised	IMG/JGI	Restricted	Requires institutional IMG/JGI access
3300011921_3	3300011921_3	Bacteria	Unknown		unsupervised	IMG/JGI	Restricted	Requires institutional IMG/JGI access
3300029443_8	3300029443_8	Bacteria	Unknown		unsupervised	IMG/JGI	Restricted	Requires institutional IMG/JGI access
3300029749_33	3300029749_33	Bacteria	Unknown		unsupervised	IMG/JGI	Restricted	Requires institutional IMG/JGI access
3300008362_20	3300008362_20	Bacteria	Unknown		unsupervised	IMG/JGI	Restricted	Requires institutional IMG/JGI access
3300021255_53	3300021255_53	Bacteria	Unknown		unsupervised	IMG/JGI	Restricted	Requires institutional IMG/JGI access
3300029690_19	3300029690_19	Bacteria	Unknown		unsupervised	IMG/JGI	Restricted	Requires institutional IMG/JGI access
3300027162_7	3300027162_7	Bacteria	Unknown		unsupervised	IMG/JGI	Restricted	Requires institutional IMG/JGI access
3300017470_24	3300017470_24	Bacteria	Unknown		unsupervised	IMG/JGI	Restricted	Requires institutional IMG/JGI access
3300021417_7	3300021417_7	Bacteria	Unknown		unsupervised	IMG/JGI	Restricted	Requires institutional IMG/JGI access
3300012854_10	3300012854_10	Bacteria	Unknown		unsupervised	IMG/JGI	Restricted	Requires institutional IMG/JGI access
3300029623_17	3300029623_17	Bacteria	Unknown		unsupervised	IMG/JGI	Restricted	Requires institutional IMG/JGI access
3300025059_4	3300025059_4	Bacteria	Unknown		unsupervised	IMG/JGI	Restricted	Requires institutional IMG/JGI access
3300017988_25	3300017988_25	Bacteria	Unknown		unsupervised	IMG/JGI	Restricted	Requires institutional IMG/JGI access
3300027706_33	3300027706_33	Bacteria	Unknown		unsupervised	IMG/JGI	Restricted	Requires institutional IMG/JGI access
3300025695_19	3300025695_19	Bacteria	Unknown		unsupervised	IMG/JGI	Restricted	Requires institutional IMG/JGI access
3300029686_16	3300029686_16	Bacteria	Unknown		unsupervised	IMG/JGI	Restricted	Requires institutional IMG/JGI access
3300029323_7	3300029323_7	Bacteria	Unknown		unsupervised	IMG/JGI	Restricted	Requires institutional IMG/JGI access
3300025138_26	3300025138_26	Bacteria	Unknown		unsupervised	IMG/JGI	Restricted	Requires institutional IMG/JGI access
3300029137_13	3300029137_13	Bacteria	Unknown		unsupervised	IMG/JGI	Restricted	Requires institutional IMG/JGI access
3300011596_5	3300011596_5	Bacteria	Unknown		unsupervised	IMG/JGI	Restricted	Requires institutional IMG/JGI access
3300025861_10	3300025861_10	Bacteria	Unknown		unsupervised	IMG/JGI	Restricted	Requires institutional IMG/JGI access
3300025632_6	3300025632_6	Bacteria	Unknown		unsupervised	IMG/JGI	Restricted	Requires institutional IMG/JGI access
3300029136_20	3300029136_20	Bacteria	Unknown		unsupervised	IMG/JGI	Restricted	Requires institutional IMG/JGI access
3300026491_11	3300026491_11	Bacteria	Unknown		unsupervised	IMG/JGI	Restricted	Requires institutional IMG/JGI access
3300029512_8	3300029512_8	Bacteria	Unknown		unsupervised	IMG/JGI	Restricted	Requires institutional IMG/JGI access
3300011704_4	3300011704_4	Bacteria	Unknown		unsupervised	IMG/JGI	Restricted	Requires institutional IMG/JGI access
3300022902_26	3300022902_26	Bacteria	Unknown		unsupervised	IMG/JGI	Restricted	Requires institutional IMG/JGI access
3300026287_16	3300026287_16	Bacteria	Unknown		unsupervised	IMG/JGI	Restricted	Requires institutional IMG/JGI access
3300008618_6	3300008618_6	Bacteria	Unknown		unsupervised	IMG/JGI	Restricted	Requires institutional IMG/JGI access
3300027905_57	3300027905_57	Bacteria	Unknown		unsupervised	IMG/JGI	Restricted	Requires institutional IMG/JGI access
3300024954_2	3300024954_2	Bacteria	Unknown		unsupervised	IMG/JGI	Restricted	Requires institutional IMG/JGI access
3300006476_8	3300006476_8	Bacteria	Unknown		unsupervised	IMG/JGI	Restricted	Requires institutional IMG/JGI access
3300025201_3	3300025201_3	Bacteria	Unknown		unsupervised	IMG/JGI	Restricted	Requires institutional IMG/JGI access
3300027515_54	3300027515_54	Bacteria	Unknown		unsupervised	IMG/JGI	Restricted	Requires institutional IMG/JGI access
3300029546_7	3300029546_7	Bacteria	Unknown		unsupervised	IMG/JGI	Restricted	Requires institutional IMG/JGI access
Asparagus	Asparagus	Eukaryota	Unknown		unsupervised	Ensembl/Other	Unknown	Named organism, source unclear
3300027327_21	3300027327_21	Bacteria	Unknown		unsupervised	IMG/JGI	Restricted	Requires institutional IMG/JGI access
3300029295_8	3300029295_8	Bacteria	Unknown		unsupervised	IMG/JGI	Restricted	Requires institutional IMG/JGI access
3300011977_5	3300011977_5	Bacteria	Unknown		unsupervised	IMG/JGI	Restricted	Requires institutional IMG/JGI access
3300007320_26	3300007320_26	Bacteria	Unknown		unsupervised	IMG/JGI	Restricted	Requires institutional IMG/JGI access
3300029763_13	3300029763_13	Bacteria	Unknown		unsupervised	IMG/JGI	Restricted	Requires institutional IMG/JGI access
3300007843_2	3300007843_2	Bacteria	Unknown		unsupervised	IMG/JGI	Restricted	Requires institutional IMG/JGI access
3300013663_1	3300013663_1	Bacteria	Unknown		unsupervised	IMG/JGI	Restricted	Requires institutional IMG/JGI access
3300007641_5	3300007641_5	Bacteria	Unknown		unsupervised	IMG/JGI	Restricted	Requires institutional IMG/JGI access
3300029332_21	3300029332_21	Bacteria	Unknown		unsupervised	IMG/JGI	Restricted	Requires institutional IMG/JGI access
3300029846_16	3300029846_16	Bacteria	Unknown		unsupervised	IMG/JGI	Restricted	Requires institutional IMG/JGI access
3300029228_7	3300029228_7	Bacteria	Unknown		unsupervised	IMG/JGI	Restricted	Requires institutional IMG/JGI access
3300029083_6	3300029083_6	Bacteria	Unknown		unsupervised	IMG/JGI	Restricted	Requires institutional IMG/JGI access
3300029246_20	3300029246_20	Bacteria	Unknown		unsupervised	IMG/JGI	Restricted	Requires institutional IMG/JGI access
3300011451_1	3300011451_1	Bacteria	Unknown		unsupervised	IMG/JGI	Restricted	Requires institutional IMG/JGI access
3300025605_11	3300025605_11	Bacteria	Unknown		unsupervised	IMG/JGI	Restricted	Requires institutional IMG/JGI access
3300026303_5	3300026303_5	Bacteria	Unknown		unsupervised	IMG/JGI	Restricted	Requires institutional IMG/JGI access
3300024510_1	3300024510_1	Bacteria	Unknown		unsupervised	IMG/JGI	Restricted	Requires institutional IMG/JGI access
3300029878_11	3300029878_11	Bacteria	Unknown		unsupervised	IMG/JGI	Restricted	Requires institutional IMG/JGI access
3300006913_10	3300006913_10	Bacteria	Unknown		unsupervised	IMG/JGI	Restricted	Requires institutional IMG/JGI access
3300029346_22	3300029346_22	Bacteria	Unknown		unsupervised	IMG/JGI	Restricted	Requires institutional IMG/JGI access
3300029716_35	3300029716_35	Bacteria	Unknown		unsupervised	IMG/JGI	Restricted	Requires institutional IMG/JGI access
3300020369_6	3300020369_6	Bacteria	Unknown		unsupervised	IMG/JGI	Restricted	Requires institutional IMG/JGI access
3300023065_8	3300023065_8	Bacteria	Unknown		unsupervised	IMG/JGI	Restricted	Requires institutional IMG/JGI access
3300025637_21	3300025637_21	Bacteria	Unknown		unsupervised	IMG/JGI	Restricted	Requires institutional IMG/JGI access
3300024257_19	3300024257_19	Bacteria	Unknown		unsupervised	IMG/JGI	Restricted	Requires institutional IMG/JGI access
3300013880_4	3300013880_4	Bacteria	Unknown		unsupervised	IMG/JGI	Restricted	Requires institutional IMG/JGI access
3300027283_26	3300027283_26	Bacteria	Unknown		unsupervised	IMG/JGI	Restricted	Requires institutional IMG/JGI access
3300029622_22	3300029622_22	Bacteria	Unknown		unsupervised	IMG/JGI	Restricted	Requires institutional IMG/JGI access
3300005470_11	3300005470_11	Bacteria	Unknown		unsupervised	IMG/JGI	Restricted	Requires institutional IMG/JGI access
3300027358_4	3300027358_4	Bacteria	Unknown		unsupervised	IMG/JGI	Restricted	Requires institutional IMG/JGI access
3300003089_1	3300003089_1	Bacteria	Unknown		unsupervised	IMG/JGI	Restricted	Requires institutional IMG/JGI access
3300011744_2	3300011744_2	Bacteria	Unknown		unsupervised	IMG/JGI	Restricted	Requires institutional IMG/JGI access
3300008734_19	3300008734_19	Bacteria	Unknown		unsupervised	IMG/JGI	Restricted	Requires institutional IMG/JGI access
3300007208_30	3300007208_30	Bacteria	Unknown		unsupervised	IMG/JGI	Restricted	Requires institutional IMG/JGI access
3300026825_4	3300026825_4	Bacteria	Unknown		unsupervised	IMG/JGI	Restricted	Requires institutional IMG/JGI access
3300007054_2	3300007054_2	Bacteria	Unknown		unsupervised	IMG/JGI	Restricted	Requires institutional IMG/JGI access
3300022741_15	3300022741_15	Bacteria	Unknown		unsupervised	IMG/JGI	Restricted	Requires institutional IMG/JGI access
3300021376_59	3300021376_59	Bacteria	Unknown		unsupervised	IMG/JGI	Restricted	Requires institutional IMG/JGI access
3300029530_11	3300029530_11	Bacteria	Unknown		unsupervised	IMG/JGI	Restricted	Requires institutional IMG/JGI access
3300029005_7	3300029005_7	Bacteria	Unknown		unsupervised	IMG/JGI	Restricted	Requires institutional IMG/JGI access
3300005673_5	3300005673_5	Bacteria	Unknown		unsupervised	IMG/JGI	Restricted	Requires institutional IMG/JGI access
3300006477_8	3300006477_8	Bacteria	Unknown		unsupervised	IMG/JGI	Restricted	Requires institutional IMG/JGI access
3300006742_5	3300006742_5	Bacteria	Unknown		unsupervised	IMG/JGI	Restricted	Requires institutional IMG/JGI access
3300009503_20	3300009503_20	Bacteria	Unknown		unsupervised	IMG/JGI	Restricted	Requires institutional IMG/JGI access
3300026302_13	3300026302_13	Bacteria	Unknown		unsupervised	IMG/JGI	Restricted	Requires institutional IMG/JGI access
3300029738_29	3300029738_29	Bacteria	Unknown		unsupervised	IMG/JGI	Restricted	Requires institutional IMG/JGI access
3300013093_12	3300013093_12	Bacteria	Unknown		unsupervised	IMG/JGI	Restricted	Requires institutional IMG/JGI access
3300007924_15	3300007924_15	Bacteria	Unknown		unsupervised	IMG/JGI	Restricted	Requires institutional IMG/JGI access
3300019373_21	3300019373_21	Bacteria	Unknown		unsupervised	IMG/JGI	Restricted	Requires institutional IMG/JGI access
3300020295_7	3300020295_7	Bacteria	Unknown		unsupervised	IMG/JGI	Restricted	Requires institutional IMG/JGI access
3300029934_5	3300029934_5	Bacteria	Unknown		unsupervised	IMG/JGI	Restricted	Requires institutional IMG/JGI access
3300002009_2	3300002009_2	Bacteria	Unknown		unsupervised	IMG/JGI	Restricted	Requires institutional IMG/JGI access
3300029718_47	3300029718_47	Bacteria	Unknown		unsupervised	IMG/JGI	Restricted	Requires institutional IMG/JGI access
3300013006_73	3300013006_73	Bacteria	Unknown		unsupervised	IMG/JGI	Restricted	Requires institutional IMG/JGI access
3300005278_4	3300005278_4	Bacteria	Unknown		unsupervised	IMG/JGI	Restricted	Requires institutional IMG/JGI access
Gnetum	Gnetum	Eukaryota	Unknown		unsupervised	Ensembl/Other	Unknown	Named organism, source unclear
3300020220_44	3300020220_44	Bacteria	Unknown		unsupervised	IMG/JGI	Restricted	Requires institutional IMG/JGI access
3300014026_26	3300014026_26	Bacteria	Unknown		unsupervised	IMG/JGI	Restricted	Requires institutional IMG/JGI access
3300029579_11	3300029579_11	Bacteria	Unknown		unsupervised	IMG/JGI	Restricted	Requires institutional IMG/JGI access
3300011848_2	3300011848_2	Bacteria	Unknown		unsupervised	IMG/JGI	Restricted	Requires institutional IMG/JGI access
3300029431_18	3300029431_18	Bacteria	Unknown		unsupervised	IMG/JGI	Restricted	Requires institutional IMG/JGI access
3300022854_6	3300022854_6	Bacteria	Unknown		unsupervised	IMG/JGI	Restricted	Requires institutional IMG/JGI access
3300025683_47	3300025683_47	Bacteria	Unknown		unsupervised	IMG/JGI	Restricted	Requires institutional IMG/JGI access
3300029709_21	3300029709_21	Bacteria	Unknown		unsupervised	IMG/JGI	Restricted	Requires institutional IMG/JGI access
3300015158_12	3300015158_12	Bacteria	Unknown		unsupervised	IMG/JGI	Restricted	Requires institutional IMG/JGI access
3300011731_1	3300011731_1	Bacteria	Unknown		unsupervised	IMG/JGI	Restricted	Requires institutional IMG/JGI access
3300029463_9	3300029463_9	Bacteria	Unknown		unsupervised	IMG/JGI	Restricted	Requires institutional IMG/JGI access
3300025161_37	3300025161_37	Bacteria	Unknown		unsupervised	IMG/JGI	Restricted	Requires institutional IMG/JGI access
3300025459_3	3300025459_3	Bacteria	Unknown		unsupervised	IMG/JGI	Restricted	Requires institutional IMG/JGI access
3300010278_10	3300010278_10	Bacteria	Unknown		unsupervised	IMG/JGI	Restricted	Requires institutional IMG/JGI access
3300012822_5	3300012822_5	Bacteria	Unknown		unsupervised	IMG/JGI	Restricted	Requires institutional IMG/JGI access
Coccomyxa	Coccomyxa	Eukaryota	Unknown		unsupervised	Ensembl/Other	Unknown	Named organism, source unclear
3300008363_10	3300008363_10	Bacteria	Unknown		unsupervised	IMG/JGI	Restricted	Requires institutional IMG/JGI access
3300007043_10	3300007043_10	Bacteria	Unknown		unsupervised	IMG/JGI	Restricted	Requires institutional IMG/JGI access
3300019374_15	3300019374_15	Bacteria	Unknown		unsupervised	IMG/JGI	Restricted	Requires institutional IMG/JGI access
3300002821_34	3300002821_34	Bacteria	Unknown		unsupervised	IMG/JGI	Restricted	Requires institutional IMG/JGI access
3300029527_12	3300029527_12	Bacteria	Unknown		unsupervised	IMG/JGI	Restricted	Requires institutional IMG/JGI access
2061766007_347	2061766007_347	Bacteria	Unknown		unsupervised	IMG/JGI	Restricted	Requires institutional IMG/JGI access
3300025094_8	3300025094_8	Bacteria	Unknown		unsupervised	IMG/JGI	Restricted	Requires institutional IMG/JGI access
3300008695_20	3300008695_20	Bacteria	Unknown		unsupervised	IMG/JGI	Restricted	Requires institutional IMG/JGI access
3300020145_8	3300020145_8	Bacteria	Unknown		unsupervised	IMG/JGI	Restricted	Requires institutional IMG/JGI access
3300014025_20	3300014025_20	Bacteria	Unknown		unsupervised	IMG/JGI	Restricted	Requires institutional IMG/JGI access
3300018878_141	3300018878_141	Bacteria	Unknown		unsupervised	IMG/JGI	Restricted	Requires institutional IMG/JGI access
3300026126_4	3300026126_4	Bacteria	Unknown		unsupervised	IMG/JGI	Restricted	Requires institutional IMG/JGI access
3300029743_24	3300029743_24	Bacteria	Unknown		unsupervised	IMG/JGI	Restricted	Requires institutional IMG/JGI access
3300021424_11	3300021424_11	Bacteria	Unknown		unsupervised	IMG/JGI	Restricted	Requires institutional IMG/JGI access
3300000470_7	3300000470_7	Bacteria	Unknown		unsupervised	IMG/JGI	Restricted	Requires institutional IMG/JGI access
3300013995_1	3300013995_1	Bacteria	Unknown		unsupervised	IMG/JGI	Restricted	Requires institutional IMG/JGI access
3300029474_9	3300029474_9	Bacteria	Unknown		unsupervised	IMG/JGI	Restricted	Requires institutional IMG/JGI access
3300027282_18	3300027282_18	Bacteria	Unknown		unsupervised	IMG/JGI	Restricted	Requires institutional IMG/JGI access
3300026907_7	3300026907_7	Bacteria	Unknown		unsupervised	IMG/JGI	Restricted	Requires institutional IMG/JGI access
3300023292_2	3300023292_2	Bacteria	Unknown		unsupervised	IMG/JGI	Restricted	Requires institutional IMG/JGI access
3300014782_5	3300014782_5	Bacteria	Unknown		unsupervised	IMG/JGI	Restricted	Requires institutional IMG/JGI access
3300011828_3	3300011828_3	Bacteria	Unknown		unsupervised	IMG/JGI	Restricted	Requires institutional IMG/JGI access
3300025242_3	3300025242_3	Bacteria	Unknown		unsupervised	IMG/JGI	Restricted	Requires institutional IMG/JGI access
3300029881_10	3300029881_10	Bacteria	Unknown		unsupervised	IMG/JGI	Restricted	Requires institutional IMG/JGI access
3300025514_5	3300025514_5	Bacteria	Unknown		unsupervised	IMG/JGI	Restricted	Requires institutional IMG/JGI access
3300027870_25	3300027870_25	Bacteria	Unknown		unsupervised	IMG/JGI	Restricted	Requires institutional IMG/JGI access
3300010260_3	3300010260_3	Bacteria	Unknown		unsupervised	IMG/JGI	Restricted	Requires institutional IMG/JGI access
3300012229_2	3300012229_2	Bacteria	Unknown		unsupervised	IMG/JGI	Restricted	Requires institutional IMG/JGI access
3300007305_11	3300007305_11	Bacteria	Unknown		unsupervised	IMG/JGI	Restricted	Requires institutional IMG/JGI access
3300027968_64	3300027968_64	Bacteria	Unknown		unsupervised	IMG/JGI	Restricted	Requires institutional IMG/JGI access
3300029513_19	3300029513_19	Bacteria	Unknown		unsupervised	IMG/JGI	Restricted	Requires institutional IMG/JGI access
3300028959_5	3300028959_5	Bacteria	Unknown		unsupervised	IMG/JGI	Restricted	Requires institutional IMG/JGI access
3300027283_30	3300027283_30	Bacteria	Unknown		unsupervised	IMG/JGI	Restricted	Requires institutional IMG/JGI access
3300029391_13	3300029391_13	Bacteria	Unknown		unsupervised	IMG/JGI	Restricted	Requires institutional IMG/JGI access
3300027592_19	3300027592_19	Bacteria	Unknown		unsupervised	IMG/JGI	Restricted	Requires institutional IMG/JGI access
3300014953_8	3300014953_8	Bacteria	Unknown		unsupervised	IMG/JGI	Restricted	Requires institutional IMG/JGI access
3300029595_14	3300029595_14	Bacteria	Unknown		unsupervised	IMG/JGI	Restricted	Requires institutional IMG/JGI access
3300029463_8	3300029463_8	Bacteria	Unknown		unsupervised	IMG/JGI	Restricted	Requires institutional IMG/JGI access
3300017788_52	3300017788_52	Bacteria	Unknown		unsupervised	IMG/JGI	Restricted	Requires institutional IMG/JGI access
3300029410_11	3300029410_11	Bacteria	Unknown		unsupervised	IMG/JGI	Restricted	Requires institutional IMG/JGI access
3300008125_30	3300008125_30	Bacteria	Unknown		unsupervised	IMG/JGI	Restricted	Requires institutional IMG/JGI access
3300029878_17	3300029878_17	Bacteria	Unknown		unsupervised	IMG/JGI	Restricted	Requires institutional IMG/JGI access
3300008058_7	3300008058_7	Bacteria	Unknown		unsupervised	IMG/JGI	Restricted	Requires institutional IMG/JGI access
3300011627_1	3300011627_1	Bacteria	Unknown		unsupervised	IMG/JGI	Restricted	Requires institutional IMG/JGI access
3300022401_10	3300022401_10	Bacteria	Unknown		unsupervised	IMG/JGI	Restricted	Requires institutional IMG/JGI access
3300028048_114	3300028048_114	Bacteria	Unknown		unsupervised	IMG/JGI	Restricted	Requires institutional IMG/JGI access
3300006243_6	3300006243_6	Bacteria	Unknown		unsupervised	IMG/JGI	Restricted	Requires institutional IMG/JGI access
3300025525_10	3300025525_10	Bacteria	Unknown		unsupervised	IMG/JGI	Restricted	Requires institutional IMG/JGI access
3300028299_27	3300028299_27	Bacteria	Unknown		unsupervised	IMG/JGI	Restricted	Requires institutional IMG/JGI access
3300017444_37	3300017444_37	Bacteria	Unknown		unsupervised	IMG/JGI	Restricted	Requires institutional IMG/JGI access
3300025296_19	3300025296_19	Bacteria	Unknown		unsupervised	IMG/JGI	Restricted	Requires institutional IMG/JGI access
3300020055_21	3300020055_21	Bacteria	Unknown		unsupervised	IMG/JGI	Restricted	Requires institutional IMG/JGI access
3300027719_39	3300027719_39	Bacteria	Unknown		unsupervised	IMG/JGI	Restricted	Requires institutional IMG/JGI access
3300021424_44	3300021424_44	Bacteria	Unknown		unsupervised	IMG/JGI	Restricted	Requires institutional IMG/JGI access
3300008083_11	3300008083_11	Bacteria	Unknown		unsupervised	IMG/JGI	Restricted	Requires institutional IMG/JGI access
3300027863_26	3300027863_26	Bacteria	Unknown		unsupervised	IMG/JGI	Restricted	Requires institutional IMG/JGI access
3300022660_101	3300022660_101	Bacteria	Unknown		unsupervised	IMG/JGI	Restricted	Requires institutional IMG/JGI access
3300018427_65	3300018427_65	Bacteria	Unknown		unsupervised	IMG/JGI	Restricted	Requires institutional IMG/JGI access
3300020219_31	3300020219_31	Bacteria	Unknown		unsupervised	IMG/JGI	Restricted	Requires institutional IMG/JGI access
3300025103_5	3300025103_5	Bacteria	Unknown		unsupervised	IMG/JGI	Restricted	Requires institutional IMG/JGI access
3300021487_5	3300021487_5	Bacteria	Unknown		unsupervised	IMG/JGI	Restricted	Requires institutional IMG/JGI access
3300029542_10	3300029542_10	Bacteria	Unknown		unsupervised	IMG/JGI	Restricted	Requires institutional IMG/JGI access
3300027536_57	3300027536_57	Bacteria	Unknown		unsupervised	IMG/JGI	Restricted	Requires institutional IMG/JGI access
3300027638_6	3300027638_6	Bacteria	Unknown		unsupervised	IMG/JGI	Restricted	Requires institutional IMG/JGI access
3300013989_1	3300013989_1	Bacteria	Unknown		unsupervised	IMG/JGI	Restricted	Requires institutional IMG/JGI access
3300029887_19	3300029887_19	Bacteria	Unknown		unsupervised	IMG/JGI	Restricted	Requires institutional IMG/JGI access
3300027983_57	3300027983_57	Bacteria	Unknown		unsupervised	IMG/JGI	Restricted	Requires institutional IMG/JGI access
3300025686_14	3300025686_14	Bacteria	Unknown		unsupervised	IMG/JGI	Restricted	Requires institutional IMG/JGI access
3300014069_3	3300014069_3	Bacteria	Unknown		unsupervised	IMG/JGI	Restricted	Requires institutional IMG/JGI access
3300024048_8	3300024048_8	Bacteria	Unknown		unsupervised	IMG/JGI	Restricted	Requires institutional IMG/JGI access
3300020051_21	3300020051_21	Bacteria	Unknown		unsupervised	IMG/JGI	Restricted	Requires institutional IMG/JGI access
3300029580_20	3300029580_20	Bacteria	Unknown		unsupervised	IMG/JGI	Restricted	Requires institutional IMG/JGI access
3300029437_27	3300029437_27	Bacteria	Unknown		unsupervised	IMG/JGI	Restricted	Requires institutional IMG/JGI access
3300029554_28	3300029554_28	Bacteria	Unknown		unsupervised	IMG/JGI	Restricted	Requires institutional IMG/JGI access
3300029549_25	3300029549_25	Bacteria	Unknown		unsupervised	IMG/JGI	Restricted	Requires institutional IMG/JGI access
3300029355_18	3300029355_18	Bacteria	Unknown		unsupervised	IMG/JGI	Restricted	Requires institutional IMG/JGI access
3300011827_5	3300011827_5	Bacteria	Unknown		unsupervised	IMG/JGI	Restricted	Requires institutional IMG/JGI access
3300022181_35	3300022181_35	Bacteria	Unknown		unsupervised	IMG/JGI	Restricted	Requires institutional IMG/JGI access
3300011658_6	3300011658_6	Bacteria	Unknown		unsupervised	IMG/JGI	Restricted	Requires institutional IMG/JGI access
3300014911_28	3300014911_28	Bacteria	Unknown		unsupervised	IMG/JGI	Restricted	Requires institutional IMG/JGI access
3300027804_52	3300027804_52	Bacteria	Unknown		unsupervised	IMG/JGI	Restricted	Requires institutional IMG/JGI access
3300025669_23	3300025669_23	Bacteria	Unknown		unsupervised	IMG/JGI	Restricted	Requires institutional IMG/JGI access
3300010262_21	3300010262_21	Bacteria	Unknown		unsupervised	IMG/JGI	Restricted	Requires institutional IMG/JGI access
3300028965_2	3300028965_2	Bacteria	Unknown		unsupervised	IMG/JGI	Restricted	Requires institutional IMG/JGI access
3300011609_4	3300011609_4	Bacteria	Unknown		unsupervised	IMG/JGI	Restricted	Requires institutional IMG/JGI access
3300024494_3	3300024494_3	Bacteria	Unknown		unsupervised	IMG/JGI	Restricted	Requires institutional IMG/JGI access
3300025600_26	3300025600_26	Bacteria	Unknown		unsupervised	IMG/JGI	Restricted	Requires institutional IMG/JGI access
3300025657_31	3300025657_31	Bacteria	Unknown		unsupervised	IMG/JGI	Restricted	Requires institutional IMG/JGI access
3300029060_14	3300029060_14	Bacteria	Unknown		unsupervised	IMG/JGI	Restricted	Requires institutional IMG/JGI access
3300029334_21	3300029334_21	Bacteria	Unknown		unsupervised	IMG/JGI	Restricted	Requires institutional IMG/JGI access
3300008143_8	3300008143_8	Bacteria	Unknown		unsupervised	IMG/JGI	Restricted	Requires institutional IMG/JGI access
3300000101_34	3300000101_34	Bacteria	Unknown		unsupervised	IMG/JGI	Restricted	Requires institutional IMG/JGI access
3300013341_2	3300013341_2	Bacteria	Unknown		unsupervised	IMG/JGI	Restricted	Requires institutional IMG/JGI access
3300027282_5	3300027282_5	Bacteria	Unknown		unsupervised	IMG/JGI	Restricted	Requires institutional IMG/JGI access
3300029338_15	3300029338_15	Bacteria	Unknown		unsupervised	IMG/JGI	Restricted	Requires institutional IMG/JGI access
3300029430_21	3300029430_21	Bacteria	Unknown		unsupervised	IMG/JGI	Restricted	Requires institutional IMG/JGI access
3300027386_12	3300027386_12	Bacteria	Unknown		unsupervised	IMG/JGI	Restricted	Requires institutional IMG/JGI access
3300012251_3	3300012251_3	Bacteria	Unknown		unsupervised	IMG/JGI	Restricted	Requires institutional IMG/JGI access
3300029708_16	3300029708_16	Bacteria	Unknown		unsupervised	IMG/JGI	Restricted	Requires institutional IMG/JGI access
3300024939_7	3300024939_7	Bacteria	Unknown		unsupervised	IMG/JGI	Restricted	Requires institutional IMG/JGI access
3300011153_1	3300011153_1	Bacteria	Unknown		unsupervised	IMG/JGI	Restricted	Requires institutional IMG/JGI access
3300005326_25	3300005326_25	Bacteria	Unknown		unsupervised	IMG/JGI	Restricted	Requires institutional IMG/JGI access
3300029400_9	3300029400_9	Bacteria	Unknown		unsupervised	IMG/JGI	Restricted	Requires institutional IMG/JGI access
3300029783_18	3300029783_18	Bacteria	Unknown		unsupervised	IMG/JGI	Restricted	Requires institutional IMG/JGI access
3300007305_9	3300007305_9	Bacteria	Unknown		unsupervised	IMG/JGI	Restricted	Requires institutional IMG/JGI access
3300025254_12	3300025254_12	Bacteria	Unknown		unsupervised	IMG/JGI	Restricted	Requires institutional IMG/JGI access
3300003155_15	3300003155_15	Bacteria	Unknown		unsupervised	IMG/JGI	Restricted	Requires institutional IMG/JGI access
3300029692_12	3300029692_12	Bacteria	Unknown		unsupervised	IMG/JGI	Restricted	Requires institutional IMG/JGI access
3300029333_27	3300029333_27	Bacteria	Unknown		unsupervised	IMG/JGI	Restricted	Requires institutional IMG/JGI access
3300008100_8	3300008100_8	Bacteria	Unknown		unsupervised	IMG/JGI	Restricted	Requires institutional IMG/JGI access
3300025587_23	3300025587_23	Bacteria	Unknown		unsupervised	IMG/JGI	Restricted	Requires institutional IMG/JGI access
3300028582_28	3300028582_28	Bacteria	Unknown		unsupervised	IMG/JGI	Restricted	Requires institutional IMG/JGI access
3300029238_12	3300029238_12	Bacteria	Unknown		unsupervised	IMG/JGI	Restricted	Requires institutional IMG/JGI access
3300029742_26	3300029742_26	Bacteria	Unknown		unsupervised	IMG/JGI	Restricted	Requires institutional IMG/JGI access
3300025225_4	3300025225_4	Bacteria	Unknown		unsupervised	IMG/JGI	Restricted	Requires institutional IMG/JGI access
3300012823_4	3300012823_4	Bacteria	Unknown		unsupervised	IMG/JGI	Restricted	Requires institutional IMG/JGI access
3300007347_13	3300007347_13	Bacteria	Unknown		unsupervised	IMG/JGI	Restricted	Requires institutional IMG/JGI access
3300006312_11	3300006312_11	Bacteria	Unknown		unsupervised	IMG/JGI	Restricted	Requires institutional IMG/JGI access
Babesia_sp_xinjiang_gca_002095265.B_xinjiang1.0.dna.toplevel	Babesia sp	Eukaryota	Apicomplexa	Aconoidasida	unsupervised	Ensembl/Other	Unknown	Named organism, source unclear
Plasmodium_sp_drc_itaito_gca_900240055.PGABG02.dna.toplevel	Plasmodium sp	Eukaryota	Apicomplexa	Aconoidasida	unsupervised	Ensembl/Other	Unknown	Named organism, source unclear
Cryptosporidium_parvum_iowa_ii_gca_000165345.ASM16534v1.dna.toplevel	Cryptosporidium parvum	Eukaryota	Apicomplexa	Conoidasida	unsupervised	Ensembl/Other	Unknown	Named organism, source unclear
Plasmodium_ovale_gca_900090025.PowCR01.dna.toplevel	Plasmodium ovale	Eukaryota	Apicomplexa	Aconoidasida	unsupervised	Ensembl/Other	Unknown	Named organism, source unclear
Plasmodium_berghei_gca_900095585.PbSP11RLL.dna.toplevel	Plasmodium berghei	Eukaryota	Apicomplexa	Aconoidasida	unsupervised	Ensembl/Other	Unknown	Named organism, source unclear
Theileria_orientalis_gca_003072525.ASM307252v1.dna.toplevel	Theileria orientalis	Eukaryota	Apicomplexa	Aconoidasida	unsupervised	Ensembl/Other	Unknown	Named organism, source unclear
Theileria_parva_gca_000165365.ASM16536v1.dna.toplevel	Theileria parva	Eukaryota	Apicomplexa	Aconoidasida	unsupervised	Ensembl/Other	Unknown	Named organism, source unclear
Plasmodium_chabaudi_chabaudi_gca_900095605.PchCB.dna.toplevel	Plasmodium chabaudi	Eukaryota	Apicomplexa	Aconoidasida	unsupervised	Ensembl/Other	Unknown	Named organism, source unclear
Cryptosporidium_andersoni_gca_001865355.ASM186535v1.dna.toplevel	Cryptosporidium andersoni	Eukaryota	Apicomplexa	Conoidasida	unsupervised	Ensembl/Other	Unknown	Named organism, source unclear
Cryptomonas_paramecium_gca_000194455.ASM19445v1.dna.toplevel	Cryptomonas paramecium	Eukaryota	Unknown	Cryptophyceae	unsupervised	Ensembl/Other	Unknown	Named organism, source unclear
Plasmodium_sp_gorilla_clade_g2_gca_900097015.PADLG01.dna.toplevel	Plasmodium sp	Eukaryota	Apicomplexa	Aconoidasida	unsupervised	Ensembl/Other	Unknown	Named organism, source unclear
Theileria_equi_strain_wa_gca_000342415.JCVI-bewag-v1.1.dna.toplevel	Theileria equi	Eukaryota	Apicomplexa	Aconoidasida	unsupervised	Ensembl/Other	Unknown	Named organism, source unclear
Plasmodium_berghei_gca_900088445.PbNK65E.dna.toplevel	Plasmodium berghei	Eukaryota	Apicomplexa	Aconoidasida	unsupervised	Ensembl/Other	Unknown	Named organism, source unclear
Plasmodium_chabaudi_adami_gca_900095565.PchDK.dna.toplevel	Plasmodium chabaudi	Eukaryota	Apicomplexa	Aconoidasida	unsupervised	Ensembl/Other	Unknown	Named organism, source unclear
Plasmodium_vivax_gca_900093555.PvP01.dna.toplevel	Plasmodium vivax	Eukaryota	Apicomplexa	Aconoidasida	unsupervised	Ensembl/Other	Unknown	Named organism, source unclear
Plasmodium_reichenowi_gca_900097025.PRG01.dna.toplevel	Plasmodium reichenowi	Eukaryota	Apicomplexa	Aconoidasida	unsupervised	Ensembl/Other	Unknown	Named organism, source unclear
Plasmodium_berghei_gca_900095635.PbSP11A.dna.toplevel	Plasmodium berghei	Eukaryota	Apicomplexa	Aconoidasida	unsupervised	Ensembl/Other	Unknown	Named organism, source unclear
Chroomonas_mesostigmatica_ccmp1168_gca_000286095.ASM28609v1.dna.toplevel	Chroomonas mesostigmatica	Eukaryota	Unknown	Cryptophyceae	unsupervised	Ensembl/Other	Unknown	Named organism, source unclear
Giardia_intestinalis_gca_000498735.ASM49873v1.dna.toplevel	Giardia duodenalis	Eukaryota	Fornicata		unsupervised	Ensembl/Other	Unknown	Named organism, source unclear
Cryptosporidium_ubiquitum_gca_001865345.ASM186534v1.dna.toplevel	Cryptosporidium ubiquitum	Eukaryota	Apicomplexa	Conoidasida	unsupervised	Ensembl/Other	Unknown	Named organism, source unclear
Cryptosporidium_muris_rn66_gca_000006515.JCVI-cmg-v1.0.dna.toplevel	Cryptosporidium muris	Eukaryota	Apicomplexa	Conoidasida	unsupervised	Ensembl/Other	Unknown	Named organism, source unclear
Plasmodium_vinckei_petteri_gca_000524515.Plas_vinc_pett_CR_V1.dna.toplevel	Plasmodium vinckei	Eukaryota	Apicomplexa	Aconoidasida	unsupervised	Ensembl/Other	Unknown	Named organism, source unclear
Plasmodium_berghei_gca_900044335.PbK173.dna.toplevel	Plasmodium berghei	Eukaryota	Apicomplexa	Aconoidasida	unsupervised	Ensembl/Other	Unknown	Named organism, source unclear
Perkinsela_sp_ccap_1560_4_gca_001235845.ASM123584v1.dna.toplevel	Perkinsela sp	Eukaryota	Euglenozoa	Kinetoplastea	unsupervised	Ensembl/Other	Unknown	Named organism, source unclear
Theileria_orientalis_strain_shintoku_gca_000740895.ASM74089v1.dna.toplevel	Theileria orientalis	Eukaryota	Apicomplexa	Aconoidasida	unsupervised	Ensembl/Other	Unknown	Named organism, source unclear
Babesia_ovata_gca_002897235.Bovata_7.1.dna.toplevel	Babesia ovata	Eukaryota	Apicomplexa	Aconoidasida	unsupervised	Ensembl/Other	Unknown	Named organism, source unclear
Plasmodium_sp_drc_itaito_gca_900257145.Plasmodium_billcollinsi.dna.toplevel	Plasmodium sp	Eukaryota	Apicomplexa	Aconoidasida	unsupervised	Ensembl/Other	Unknown	Named organism, source unclear
Babesia_bovis_gca_000165395.ASM16539v1.dna.toplevel	Babesia bovis	Eukaryota	Apicomplexa	Aconoidasida	unsupervised	Ensembl/Other	Unknown	Named organism, source unclear
Cryptosporidium_meleagridis_gca_001593445.CryMelUKMEL1-1.0.dna.toplevel	Cryptosporidium meleagridis	Eukaryota	Apicomplexa	Conoidasida	unsupervised	Ensembl/Other	Unknown	Named organism, source unclear
