accession	species	superkingdom	phylum	class	order	family	genus	data_type
GCF_002897315.1_ASM289731v1_genomic	Microcystis aeruginosa		Cyanobacteriota	Cyanophyceae	Chroococcales	Microcystaceae	Microcystis	supervised
Faecalibacterium_prausnitzii_firmicutes_GCF_050502955.1	Faecalibacterium prausnitzii		Bacillota	Clostridia	Eubacteriales	Oscillospiraceae	Faecalibacterium	supervised
Dyella_sp._20L07_g-proteobacteria_GCF_050507135.1	Dyella sp. 20L07		Pseudomonadota	Gammaproteobacteria	Lysobacterales	Rhodanobacteraceae	Dyella	supervised
Micromonospora_trifolii_high_G+C_Gram-positive_bacteria_GCA_050516465.1	Micromonospora trifolii		Actinomycetota	Actinomycetes	Micromonosporales	Micromonosporaceae	Micromonospora	supervised
Winogradskyella_ouciana_CFB_group_bacteria_GCF_965284585.1	Winogradskyella ouciana		Bacteroidota	Flavobacteriia	Flavobacteriales	Flavobacteriaceae	Winogradskyella	supervised
Serratia_sarumanii_enterobacteria_GCF_050500065.1	Serratia sarumanii		Pseudomonadota	Gammaproteobacteria	Enterobacterales	Yersiniaceae	Serratia	supervised
Xanthomonas_oryzae_pv._oryzicola_g-proteobacteria_GCF_050408115.1	Xanthomonas oryzae		Pseudomonadota	Gammaproteobacteria	Lysobacterales	Lysobacteraceae	Xanthomonas	supervised
Phenylobacterium_sp._a-proteobacteria_GCF_965284355.1	Phenylobacterium sp.		Pseudomonadota	Alphaproteobacteria	Caulobacterales	Caulobacteraceae	Phenylobacterium	supervised
Microcystis_aeruginosa_FBCC-A68_cyanobacteria_GCF_050500255.1	Microcystis aeruginosa		Cyanobacteriota	Cyanophyceae	Chroococcales	Microcystaceae	Microcystis	supervised
Beijerinckiaceae_bacterium_a-proteobacteria_GCA_965284415.1	Beijerinckiaceae bacterium		Pseudomonadota	Alphaproteobacteria	Hyphomicrobiales	Beijerinckiaceae		supervised
Xanthomonas_oryzae_pv._oryzicola_g-proteobacteria_GCF_050408065.1	Xanthomonas oryzae		Pseudomonadota	Gammaproteobacteria	Lysobacterales	Lysobacteraceae	Xanthomonas	supervised
Pseudomonas_aeruginosa_g-proteobacteria_GCA_047714025.2	Pseudomonas aeruginosa		Pseudomonadota	Gammaproteobacteria	Pseudomonadales	Pseudomonadaceae	Pseudomonas	supervised
Escherichia_coli_E._coli_GCA_050516375.1	Escherichia coli		Pseudomonadota	Gammaproteobacteria	Enterobacterales	Enterobacteriaceae	Escherichia	supervised
Levilactobacillus_brevis_firmicutes_GCF_050410815.1	Levilactobacillus brevis		Bacillota	Bacilli	Lactobacillales	Lactobacillaceae	Levilactobacillus	supervised
Klebsiella_pneumoniae_enterobacteria_GCA_047714065.2	Klebsiella pneumoniae		Pseudomonadota	Gammaproteobacteria	Enterobacterales	Enterobacteriaceae	Klebsiella	supervised
Acinetobacter_baumannii_g-proteobacteria_GCF_047227755.2	Acinetobacter baumannii		Pseudomonadota	Gammaproteobacteria	Moraxellales	Moraxellaceae	Acinetobacter	supervised
Streptomyces_sp._cg35_high_G+C_Gram-positive_bacteria_GCF_050410835.1	Streptomyces sp. cg35		Actinomycetota	Actinomycetes	Kitasatosporales	Streptomycetaceae	Streptomyces	supervised
Fluviicola_sp._CFB_group_bacteria_GCF_965284695.1	Fluviicola sp.		Bacteroidota	Flavobacteriia	Flavobacteriales	Crocinitomicaceae	Fluviicola	supervised
Escherichia_coli_E._coli_GCA_047865805.2	Escherichia coli		Pseudomonadota	Gammaproteobacteria	Enterobacterales	Enterobacteriaceae	Escherichia	supervised
Paraburkholderia_tropica_b-proteobacteria_GCF_050500075.1	Paraburkholderia tropica		Pseudomonadota	Betaproteobacteria	Burkholderiales	Burkholderiaceae	Paraburkholderia	supervised
Lactococcus_lactis_firmicutes_GCF_050368845.1	Lactococcus lactis		Bacillota	Bacilli	Lactobacillales	Streptococcaceae	Lactococcus	supervised
Paenibacillus_ottowii_firmicutes_GCA_050516475.1	Paenibacillus ottowii		Bacillota	Bacilli	Bacillales	Paenibacillaceae	Paenibacillus	supervised
Myroides_odoratimimus_CFB_group_bacteria_GCA_050517405.1	Myroides odoratimimus		Bacteroidota	Flavobacteriia	Flavobacteriales	Flavobacteriaceae	Myroides	supervised
Janibacter_sp._G349_high_G+C_Gram-positive_bacteria_GCF_050507325.1	Janibacter sp. G349		Actinomycetota	Actinomycetes	Micrococcales	Intrasporangiaceae	Janibacter	supervised
Bibersteinia_trehalosi_g-proteobacteria_GCF_050500365.1	Bibersteinia trehalosi		Pseudomonadota	Gammaproteobacteria	Pasteurellales	Pasteurellaceae	Bibersteinia	supervised
Fructilactobacillus_sp._Tb1_firmicutes_GCF_050500285.1	Fructilactobacillus sp. Tb1		Bacillota	Bacilli	Lactobacillales	Lactobacillaceae	Fructilactobacillus	supervised
Pasteurella_multocida_g-proteobacteria_GCA_050500375.1	Pasteurella multocida		Pseudomonadota	Gammaproteobacteria	Pasteurellales	Pasteurellaceae	Pasteurella	supervised
GCF_000165365.1_ASM16536v1_genomic	Theileria parva		Apicomplexa	Aconoidasida	Piroplasmida	Theileriidae	Theileria	supervised
Providencia_huaxiensis_enterobacteria_GCF_050507125.1	Providencia huaxiensis		Pseudomonadota	Gammaproteobacteria	Enterobacterales	Morganellaceae	Providencia	supervised
Pseudomonas_piscis_g-proteobacteria_GCF_050507335.1	Pseudomonas piscis		Pseudomonadota	Gammaproteobacteria	Pseudomonadales	Pseudomonadaceae	Pseudomonas	supervised
Micromonospora_sp._JCM_30529_high_G+C_Gram-positive_bacteria_GCF_050410825.1	Micromonospora sp. JCM 30529		Actinomycetota	Actinomycetes	Micromonosporales	Micromonosporaceae	Micromonospora	supervised
Thalassospira_lucentensis_a-proteobacteria_GCF_965284575.1	Thalassospira lucentensis		Pseudomonadota	Alphaproteobacteria	Rhodospirillales	Thalassospiraceae	Thalassospira	supervised
Klebsiella_pneumoniae_enterobacteria_GCF_050506515.1	Klebsiella pneumoniae		Pseudomonadota	Gammaproteobacteria	Enterobacterales	Enterobacteriaceae	Klebsiella	supervised
Burkholderia_pseudomallei_b-proteobacteria_GCA_965283335.1	Burkholderia pseudomallei		Pseudomonadota	Betaproteobacteria	Burkholderiales	Burkholderiaceae	Burkholderia	supervised
Mannheimia_haemolytica_g-proteobacteria_GCA_050500355.1	Mannheimia haemolytica		Pseudomonadota	Gammaproteobacteria	Pasteurellales	Pasteurellaceae	Mannheimia	supervised
Streptococcus_salivarius_firmicutes_GCF_018599045.2	Streptococcus salivarius		Bacillota	Bacilli	Lactobacillales	Streptococcaceae	Streptococcus	supervised
Paraclostridium_tenue_firmicutes_GCA_050410845.1	Paraclostridium tenue		Bacillota	Clostridia	Peptostreptococcales	Peptostreptococcaceae	Paraclostridium	supervised
Parasphingorhabdus_sp._a-proteobacteria_GCF_965284465.1	Parasphingorhabdus sp.		Pseudomonadota	Alphaproteobacteria	Sphingomonadales	Sphingorhabdaceae	Parasphingorhabdus	supervised
Flavobacterium_sp._CFB_group_bacteria_GCA_965284545.1	Flavobacterium sp.		Bacteroidota	Flavobacteriia	Flavobacteriales	Flavobacteriaceae	Flavobacterium	supervised
Limisphaerales_bacterium_verrucomicrobia_GCA_965284395.1	Limisphaerales bacterium		Verrucomicrobiota	Verrucomicrobiia	Limisphaerales			supervised
Acidithiobacillus_ferrooxidans_proteobacteria_GCF_050410805.1	Acidithiobacillus ferrooxidans		Pseudomonadota	Acidithiobacillia	Acidithiobacillales	Acidithiobacillaceae	Acidithiobacillus	supervised
Parelusimicrobium_proximum_bacteria_GCF_050389785.1	Parelusimicrobium proximum		Elusimicrobiota	Elusimicrobia	Elusimicrobiales	Elusimicrobiaceae	Parelusimicrobium	supervised
Candidatus_Methylopumilus_planktonicus_b-proteobacteria_GCF_965282835.1	Candidatus Methylopumilus planktonicus		Pseudomonadota	Betaproteobacteria	Nitrosomonadales	Methylophilaceae	Candidatus Methylopumilus	supervised
Comamonas_sediminis_b-proteobacteria_GCF_050499165.1	Comamonas sediminis		Pseudomonadota	Betaproteobacteria	Burkholderiales	Comamonadaceae	Comamonas	supervised
Burkholderiaceae_bacterium_b-proteobacteria_GCA_965284495.1	Burkholderiaceae bacterium		Pseudomonadota	Betaproteobacteria	Burkholderiales	Burkholderiaceae		supervised
Maribacter_litoralis_CFB_group_bacteria_GCF_965284485.1	Maribacter litoralis		Bacteroidota	Flavobacteriia	Flavobacteriales	Flavobacteriaceae	Maribacter	supervised
Pseudomonas_aeruginosa_PAO1_g-proteobacteria_GCF_050498615.1	Pseudomonas aeruginosa		Pseudomonadota	Gammaproteobacteria	Pseudomonadales	Pseudomonadaceae	Pseudomonas	supervised
Lactiplantibacillus_pentosus_firmicutes_GCF_050407965.1	Lactiplantibacillus pentosus		Bacillota	Bacilli	Lactobacillales	Lactobacillaceae	Lactiplantibacillus	supervised
Gluconobacter_japonicus_a-proteobacteria_GCF_050500265.1	Gluconobacter japonicus		Pseudomonadota	Alphaproteobacteria	Acetobacterales	Acetobacteraceae	Gluconobacter	supervised
GCF_000178055.1_ASM17805v1_genomic	Cutibacterium acnes		Actinomycetota	Actinomycetes	Propionibacteriales	Propionibacteriaceae	Cutibacterium	supervised
Glaesserella_parasuis_g-proteobacteria_GCF_048551495.1	Glaesserella parasuis		Pseudomonadota	Gammaproteobacteria	Pasteurellales	Pasteurellaceae	Glaesserella	supervised
Xanthomonas_oryzae_pv._oryzicola_g-proteobacteria_GCF_050408155.1	Xanthomonas oryzae		Pseudomonadota	Gammaproteobacteria	Lysobacterales	Lysobacteraceae	Xanthomonas	supervised
Pantoea_sp._FN060301_enterobacteria_GCF_050410775.1	Pantoea sp. FN060301		Pseudomonadota	Gammaproteobacteria	Enterobacterales	Erwiniaceae	Pantoea	supervised
Sphingomonas_sp._Xoc002_a-proteobacteria_GCF_050408055.1	Sphingomonas sp. Xoc002		Pseudomonadota	Alphaproteobacteria	Sphingomonadales	Sphingomonadaceae	Sphingomonas	supervised
GCF_001293935.1_Por36_1_genomic	Pseudomonas coronafaciens		Pseudomonadota	Gammaproteobacteria	Pseudomonadales	Pseudomonadaceae	Pseudomonas	supervised
Lacticaseibacillus_rhamnosus_firmicutes_GCF_050367955.1	Lacticaseibacillus rhamnosus		Bacillota	Bacilli	Lactobacillales	Lactobacillaceae	Lacticaseibacillus	supervised
Klebsiella_pneumoniae_enterobacteria_GCA_047446435.2	Klebsiella pneumoniae		Pseudomonadota	Gammaproteobacteria	Enterobacterales	Enterobacteriaceae	Klebsiella	supervised
GCF_000091205.1_ASM9120v1_genomic	Cyanidioschyzon merolae		Rhodophyta	Bangiophyceae	Cyanidiales	Cyanidiaceae	Cyanidioschyzon	supervised
GCF_000149245.1_CNA3_genomic	Cryptococcus neoformans		Basidiomycota	Tremellomycetes	Tremellales	Cryptococcaceae	Cryptococcus	supervised
Hydrogenophaga_sp._b-proteobacteria_GCF_965284525.1	Hydrogenophaga sp.		Pseudomonadota	Betaproteobacteria	Burkholderiales	Comamonadaceae	Hydrogenophaga	supervised
GCF_000002435.1_GL2_genomic	GCF_000002435.1_GL2_genomic							supervised
GCF_001700755.1_ASM170075v1_genomic	GCF_001700755.1_ASM170075v1_genomic							supervised
Xanthomonas_oryzae_pv._oryzicola_g-proteobacteria_GCF_050408145.1	Xanthomonas oryzae		Pseudomonadota	Gammaproteobacteria	Lysobacterales	Lysobacteraceae	Xanthomonas	supervised
Pseudomonas_fulva_g-proteobacteria_GCA_050517415.1	Pseudomonas fulva		Pseudomonadota	Gammaproteobacteria	Pseudomonadales	Pseudomonadaceae	Pseudomonas	supervised
Escherichia_coli_E._coli_GCA_047865785.2	Escherichia coli		Pseudomonadota	Gammaproteobacteria	Enterobacterales	Enterobacteriaceae	Escherichia	supervised
Phragmitibacter_sp._verrucomicrobia_GCA_965284365.1	Phragmitibacter sp.		Verrucomicrobiota	Verrucomicrobiia	Verrucomicrobiales	Verrucomicrobiaceae	Phragmitibacter	supervised
Escherichia_coli_E._coli_GCA_050516385.1	Escherichia coli		Pseudomonadota	Gammaproteobacteria	Enterobacterales	Enterobacteriaceae	Escherichia	supervised
Klebsiella_pneumoniae_enterobacteria_GCF_050425265.1	Klebsiella pneumoniae		Pseudomonadota	Gammaproteobacteria	Enterobacterales	Enterobacteriaceae	Klebsiella	supervised
GCF_000497125.1_ASM49712v2_genomic	Spironucleus salmonicida		Fornicata		Diplomonadida	Hexamitidae	Spironucleus	supervised
Hyphomonas_sp._a-proteobacteria_GCF_965284475.1	Hyphomonas sp.		Pseudomonadota	Alphaproteobacteria	Hyphomonadales	Hyphomonadaceae	Hyphomonas	supervised
Xanthomonas_oryzae_pv._oryzicola_g-proteobacteria_GCF_050408045.1	Xanthomonas oryzae		Pseudomonadota	Gammaproteobacteria	Lysobacterales	Lysobacteraceae	Xanthomonas	supervised
Fontivita_pretiosa_bacteria_GCF_050410795.1	Fontivita pretiosa		Planctomycetota	Phycisphaerae	Tepidisphaerales		Fontivita	supervised
Salmonella_enterica_enterobacteria_GCA_050516495.1	Salmonella enterica		Pseudomonadota	Gammaproteobacteria	Enterobacterales	Enterobacteriaceae	Salmonella	supervised
Micromonospora_echinospora_high_G+C_Gram-positive_bacteria_GCA_050507505.1	Micromonospora echinospora		Actinomycetota	Actinomycetes	Micromonosporales	Micromonosporaceae	Micromonospora	supervised
Streptomyces_sp._ACT015_high_G+C_Gram-positive_bacteria_GCF_050389815.1	Streptomyces sp. ACT015		Actinomycetota	Actinomycetes	Kitasatosporales	Streptomycetaceae	Streptomyces	supervised
Ralstonia_pseudosolanacearum_b-proteobacteria_GCA_050516445.1	Ralstonia pseudosolanacearum		Pseudomonadota	Betaproteobacteria	Burkholderiales	Burkholderiaceae	Ralstonia	supervised
Synechococcus_elongatus_M14.2_cyanobacteria_GCF_050422935.1	Synechococcus elongatus		Cyanobacteriota	Cyanophyceae	Synechococcales	Synechococcaceae	Synechococcus	supervised
Vibrio_alginolyticus_g-proteobacteria_GCF_050507685.1	Vibrio alginolyticus		Pseudomonadota	Gammaproteobacteria	Vibrionales	Vibrionaceae	Vibrio	supervised
Methyloversatilis_sp._b-proteobacteria_GCF_965284615.1	Methyloversatilis sp.		Pseudomonadota	Betaproteobacteria	Nitrosomonadales	Sterolibacteriaceae	Methyloversatilis	supervised
Clostridium_butyricum_firmicutes_GCF_050366995.1	Clostridium butyricum		Bacillota	Clostridia	Eubacteriales	Clostridiaceae	Clostridium	supervised
Staphylococcus_sp._50Mo3-2_firmicutes_GCF_040628475.2	Staphylococcus sp. 50Mo3-2		Bacillota	Bacilli	Bacillales	Staphylococcaceae	Staphylococcus	supervised
Methylibium_petroleiphilum_b-proteobacteria_GCF_965284595.1	Methylibium petroleiphilum		Pseudomonadota	Betaproteobacteria	Burkholderiales	Sphaerotilaceae	Methylibium	supervised
Streptomyces_pseudogriseolus_high_G+C_Gram-positive_bacteria_GCA_050429535.1	Streptomyces pseudogriseolus		Actinomycetota	Actinomycetes	Kitasatosporales	Streptomycetaceae	Streptomyces	supervised
Bacillus_cereus_group_sp._BfR-BA-01700_firmicutes_GCF_033841795.2	Bacillus cereus group sp. BfR-BA-01700		Bacillota	Bacilli	Bacillales	Bacillaceae	Bacillus	supervised
GCF_000341285.1_ASM34128v1_genomic	Galdieria sulphuraria		Rhodophyta	Bangiophyceae	Galdieriales	Galdieriaceae	Galdieria	supervised
GCF_000165395.1_ASM16539v1_genomic	GCF_000165395.1_ASM16539v1_genomic							supervised
Klebsiella_pneumoniae_enterobacteria_GCA_047096405.2	Klebsiella pneumoniae		Pseudomonadota	Gammaproteobacteria	Enterobacterales	Enterobacteriaceae	Klebsiella	supervised
Escherichia_coli_E._coli_GCA_047852765.2	Escherichia coli		Pseudomonadota	Gammaproteobacteria	Enterobacterales	Enterobacteriaceae	Escherichia	supervised
cyanobacterium_endosymbiont_of_Rhopalodia_inflata_cyanobacteria_GCA_050507555.1	cyanobacterium endosymbiont of Rhopalodia inflata		Cyanobacteriota					supervised
Azonexus_sp._IMCC34842_b-proteobacteria_GCF_050368855.1	Azonexus sp. IMCC34842		Pseudomonadota	Betaproteobacteria	Rhodocyclales	Azonexaceae	Azonexus	supervised
Klebsiella_pneumoniae_enterobacteria_GCA_047446375.2	Klebsiella pneumoniae		Pseudomonadota	Gammaproteobacteria	Enterobacterales	Enterobacteriaceae	Klebsiella	supervised
Mycobacterium_sp._TJFP1_high_G+C_Gram-positive_bacteria_GCA_050368975.1	Mycobacterium sp. TJFP1		Actinomycetota	Actinomycetes	Mycobacteriales	Mycobacteriaceae	Mycobacterium	supervised
Caulobacteraceae_bacterium_a-proteobacteria_GCA_965284635.1	Caulobacteraceae bacterium		Pseudomonadota	Alphaproteobacteria	Caulobacterales	Caulobacteraceae		supervised
GCF_002220235.1_ASM222023v1_genomic	Bathycoccus prasinos		Chlorophyta	Mamiellophyceae	Mamiellales	Bathycoccaceae	Bathycoccus	supervised
uncultured_Bacteroidia_bacterium_CFB_group_bacteria_GCA_965284645.1	uncultured Bacteroidia bacterium		Bacteroidota	Bacteroidia				supervised
Xanthomonas_oryzae_pv._oryzicola_g-proteobacteria_GCF_050408105.1	Xanthomonas oryzae		Pseudomonadota	Gammaproteobacteria	Lysobacterales	Lysobacteraceae	Xanthomonas	supervised
Enterococcus_casseliflavus_firmicutes_GCF_047801645.2	Enterococcus casseliflavus		Bacillota	Bacilli	Lactobacillales	Enterococcaceae	Enterococcus	supervised
Microcystis_protocystis_FBCC-A270_cyanobacteria_GCF_050500235.1	Microcystis protocystis		Cyanobacteriota	Cyanophyceae	Chroococcales	Microcystaceae	Microcystis	supervised
GCF_000328475.2_Umaydis521_2.0_genomic	Mycosarcoma maydis		Basidiomycota	Ustilaginomycetes	Ustilaginales	Ustilaginaceae	Mycosarcoma	supervised
Sphingobacteriaceae_bacterium_CFB_group_bacteria_GCA_965284455.1	Sphingobacteriaceae bacterium		Bacteroidota	Sphingobacteriia	Sphingobacteriales	Sphingobacteriaceae		supervised
Agrobacterium_vitis_a-proteobacteria_GCF_050500095.1	Agrobacterium vitis		Pseudomonadota	Alphaproteobacteria	Hyphomicrobiales	Rhizobiaceae	Agrobacterium	supervised
GCF_000151665.1_ASM15166v1_genomic	Blastocystis hominis			Bigyra	Opalinata	Blastocystidae	Blastocystis	supervised
Klebsiella_pneumoniae_enterobacteria_GCF_048279315.2	Klebsiella pneumoniae		Pseudomonadota	Gammaproteobacteria	Enterobacterales	Enterobacteriaceae	Klebsiella	supervised
Proteus_mirabilis_enterobacteria_GCA_050516335.1	Proteus mirabilis		Pseudomonadota	Gammaproteobacteria	Enterobacterales	Morganellaceae	Proteus	supervised
Klebsiella_pneumoniae_enterobacteria_GCF_965283175.1	Klebsiella pneumoniae		Pseudomonadota	Gammaproteobacteria	Enterobacterales	Enterobacteriaceae	Klebsiella	supervised
Klebsiella_variicola_enterobacteria_GCF_050500315.1	Klebsiella variicola		Pseudomonadota	Gammaproteobacteria	Enterobacterales	Enterobacteriaceae	Klebsiella	supervised
Klebsiella_pneumoniae_enterobacteria_GCA_047446505.2	Klebsiella pneumoniae		Pseudomonadota	Gammaproteobacteria	Enterobacterales	Enterobacteriaceae	Klebsiella	supervised
Xanthomonas_sacchari_g-proteobacteria_GCA_050408125.1	Xanthomonas sacchari		Pseudomonadota	Gammaproteobacteria	Lysobacterales	Lysobacteraceae	Xanthomonas	supervised
Streptomyces_sp._P11-1_high_G+C_Gram-positive_bacteria_GCA_050516305.1	Streptomyces sp. P11-1		Actinomycetota	Actinomycetes	Kitasatosporales	Streptomycetaceae	Streptomyces	supervised
GCF_003144295.1_Acain1_genomic	Acaromyces ingoldii		Basidiomycota	Exobasidiomycetes	Exobasidiales	Cryptobasidiaceae	Acaromyces	supervised
Lactobacillus_delbrueckii_subsp._bulgaricus_firmicutes_GCA_050516295.1	Lactobacillus delbrueckii		Bacillota	Bacilli	Lactobacillales	Lactobacillaceae	Lactobacillus	supervised
Streptomyces_albus_subsp._chlorinus_high_G+C_Gram-positive_bacteria_GCF_050367005.1	Streptomyces albus		Actinomycetota	Actinomycetes	Kitasatosporales	Streptomycetaceae	Streptomyces	supervised
Brucella_sp._NF_2810_a-proteobacteria_GCF_050410765.1	Brucella sp. NF 2810		Pseudomonadota	Alphaproteobacteria	Hyphomicrobiales	Brucellaceae	Brucella	supervised
Sphingomonadaceae_bacterium_a-proteobacteria_GCA_965284665.1	Sphingomonadaceae bacterium		Pseudomonadota	Alphaproteobacteria	Sphingomonadales	Sphingomonadaceae		supervised
Escherichia_coli_E._coli_GCA_047852785.2	Escherichia coli		Pseudomonadota	Gammaproteobacteria	Enterobacterales	Enterobacteriaceae	Escherichia	supervised
Pseudarthrobacter_sp._So.54_high_G+C_Gram-positive_bacteria_GCA_050422965.1	Pseudarthrobacter sp. So.54		Actinomycetota	Actinomycetes	Micrococcales	Micrococcaceae	Pseudarthrobacter	supervised
Microbulbifer_sp._MCCC_1A16149_g-proteobacteria_GCF_050368945.1	Microbulbifer sp. MCCC 1A16149		Pseudomonadota	Gammaproteobacteria	Cellvibrionales	Microbulbiferaceae	Microbulbifer	supervised
GCF_000002975.1_ASM297v1_genomic	Guillardia theta			Cryptophyceae	Pyrenomonadales	Geminigeraceae	Guillardia	supervised
Klebsiella_pneumoniae_enterobacteria_GCA_047446475.2	Klebsiella pneumoniae		Pseudomonadota	Gammaproteobacteria	Enterobacterales	Enterobacteriaceae	Klebsiella	supervised
Klebsiella_variicola_enterobacteria_GCF_050499735.1	Klebsiella variicola		Pseudomonadota	Gammaproteobacteria	Enterobacterales	Enterobacteriaceae	Klebsiella	supervised
Klebsiella_pneumoniae_enterobacteria_GCA_050407985.1	Klebsiella pneumoniae		Pseudomonadota	Gammaproteobacteria	Enterobacterales	Enterobacteriaceae	Klebsiella	supervised
Tabrizicola_sp._a-proteobacteria_GCF_965284335.1	Tabrizicola sp.		Pseudomonadota	Alphaproteobacteria	Rhodobacterales	Paracoccaceae	Tabrizicola	supervised
Fulvivirga_sp._CFB_group_bacteria_GCA_965284555.1	Fulvivirga sp.		Bacteroidota	Cytophagia	Cytophagales	Fulvivirgaceae	Fulvivirga	supervised
Enterobacter_hormaechei_CDC_Enteric_Group_75_GCA_047327165.2	Enterobacter hormaechei		Pseudomonadota	Gammaproteobacteria	Enterobacterales	Enterobacteriaceae	Enterobacter	supervised
Synechocystis_sp._PCC_6803_cyanobacteria_GCF_050408035.1	Synechocystis sp. PCC 6803		Cyanobacteriota	Cyanophyceae	Synechococcales	Merismopediaceae	Synechocystis	supervised
Neorhizobium_sp._IRS_2294_a-proteobacteria_GCF_050500145.1	Neorhizobium sp. IRS_2294		Pseudomonadota	Alphaproteobacteria	Hyphomicrobiales	Rhizobiaceae	Neorhizobium	supervised
GCF_000092065.1_ASM9206v1_genomic	Ostreococcus sp. 'lucimarinus'		Chlorophyta	Mamiellophyceae	Mamiellales	Bathycoccaceae	Ostreococcus	supervised
GCF_000003225.4_ASM322v1_genomic	Theileria annulata		Apicomplexa	Aconoidasida	Piroplasmida	Theileriidae	Theileria	supervised
Alteromonas_sp._4B03_g-proteobacteria_GCF_050500345.1	Alteromonas sp. 4B03		Pseudomonadota	Gammaproteobacteria	Alteromonadales	Alteromonadaceae	Alteromonas	supervised
GCF_000442555.1_CFSAN001086_1.0_genomic	Paenibacillus alvei		Bacillota	Bacilli	Bacillales	Paenibacillaceae	Paenibacillus	supervised
Marinibacterium_sp._SX1_a-proteobacteria_GCF_050389775.1	Marinibacterium sp. SX1		Pseudomonadota	Alphaproteobacteria	Rhodobacterales	Paracoccaceae	Marinibacterium	supervised
Klebsiella_pneumoniae_enterobacteria_GCA_050408005.1	Klebsiella pneumoniae		Pseudomonadota	Gammaproteobacteria	Enterobacterales	Enterobacteriaceae	Klebsiella	supervised
Klebsiella_pneumoniae_enterobacteria_GCA_047714045.2	Klebsiella pneumoniae		Pseudomonadota	Gammaproteobacteria	Enterobacterales	Enterobacteriaceae	Klebsiella	supervised
GCF_002078855.1_ASM207885v1_genomic	Lactococcus lactis		Bacillota	Bacilli	Lactobacillales	Streptococcaceae	Lactococcus	supervised
Escherichia_coli_E._coli_GCA_050516365.1	Escherichia coli		Pseudomonadota	Gammaproteobacteria	Enterobacterales	Enterobacteriaceae	Escherichia	supervised
GCF_000442595.1_ASM44259v1_genomic	Cycloclasticus zancles		Pseudomonadota	Gammaproteobacteria	Thiotrichales	Piscirickettsiaceae	Cycloclasticus	supervised
Pseudomonas_aeruginosa_g-proteobacteria_GCF_050499175.1	Pseudomonas aeruginosa		Pseudomonadota	Gammaproteobacteria	Pseudomonadales	Pseudomonadaceae	Pseudomonas	supervised
Propionibacterium_freudenreichii_high_G+C_Gram-positive_bacteria_GCF_050498605.1	Propionibacterium freudenreichii		Actinomycetota	Actinomycetes	Propionibacteriales	Propionibacteriaceae	Propionibacterium	supervised
Citrobacter_sp._OP27_enterobacteria_GCA_050516505.1	Citrobacter sp. OP27		Pseudomonadota	Gammaproteobacteria	Enterobacterales	Enterobacteriaceae	Citrobacter	supervised
GCF_000143165.1_ASM14316v1_genomic	GCF_000143165.1_ASM14316v1_genomic							supervised
Klebsiella_pneumoniae_enterobacteria_GCF_965282925.1	Klebsiella pneumoniae		Pseudomonadota	Gammaproteobacteria	Enterobacterales	Enterobacteriaceae	Klebsiella	supervised
Xanthomonas_oryzae_pv._oryzicola_g-proteobacteria_GCF_050408075.1	Xanthomonas oryzae		Pseudomonadota	Gammaproteobacteria	Lysobacterales	Lysobacteraceae	Xanthomonas	supervised
Escherichia_coli_E._coli_GCA_050516355.1	Escherichia coli		Pseudomonadota	Gammaproteobacteria	Enterobacterales	Enterobacteriaceae	Escherichia	supervised
Streptomyces_sp._P10-4_high_G+C_Gram-positive_bacteria_GCF_050500215.1	Streptomyces sp. P10-4		Actinomycetota	Actinomycetes	Kitasatosporales	Streptomycetaceae	Streptomyces	supervised
Bifidobacterium_dentium_high_G+C_Gram-positive_bacteria_GCF_050407865.1	Bifidobacterium dentium		Actinomycetota	Actinomycetes	Bifidobacteriales	Bifidobacteriaceae	Bifidobacterium	supervised
Pseudomonas_aeruginosa_g-proteobacteria_GCF_050499725.1	Pseudomonas aeruginosa		Pseudomonadota	Gammaproteobacteria	Pseudomonadales	Pseudomonadaceae	Pseudomonas	supervised
Campylobacter_coli_e-proteobacteria_GCA_032629085.2	Campylobacter coli		Campylobacterota	Epsilonproteobacteria	Campylobacterales	Campylobacteraceae	Campylobacter	supervised
Klebsiella_pneumoniae_enterobacteria_GCF_046621105.2	Klebsiella pneumoniae		Pseudomonadota	Gammaproteobacteria	Enterobacterales	Enterobacteriaceae	Klebsiella	supervised
Klebsiella_pneumoniae_enterobacteria_GCF_050500305.1	Klebsiella pneumoniae		Pseudomonadota	Gammaproteobacteria	Enterobacterales	Enterobacteriaceae	Klebsiella	supervised
Klebsiella_pneumoniae_enterobacteria_GCA_050407975.1	Klebsiella pneumoniae		Pseudomonadota	Gammaproteobacteria	Enterobacterales	Enterobacteriaceae	Klebsiella	supervised
Sphingorhabdus_contaminans_a-proteobacteria_GCF_965284685.1	Sphingorhabdus contaminans		Pseudomonadota	Alphaproteobacteria	Sphingomonadales	Sphingorhabdaceae	Sphingorhabdus	supervised
Aeromonas_salmonicida_subsp._pectinolytica_g-proteobacteria_GCA_050516315.1	Aeromonas salmonicida		Pseudomonadota	Gammaproteobacteria	Aeromonadales	Aeromonadaceae	Aeromonas	supervised
Ferrovibrio_sp._a-proteobacteria_GCF_965284295.1	Ferrovibrio sp.		Pseudomonadota	Alphaproteobacteria	Rhodospirillales	Rhodospirillaceae	Ferrovibrio	supervised
Klebsiella_variicola_enterobacteria_GCF_049262525.1	Klebsiella variicola		Pseudomonadota	Gammaproteobacteria	Enterobacterales	Enterobacteriaceae	Klebsiella	supervised
Escherichia_coli_E._coli_GCA_050516345.1	Escherichia coli		Pseudomonadota	Gammaproteobacteria	Enterobacterales	Enterobacteriaceae	Escherichia	supervised
Klebsiella_pneumoniae_enterobacteria_GCF_050425875.1	Klebsiella pneumoniae		Pseudomonadota	Gammaproteobacteria	Enterobacterales	Enterobacteriaceae	Klebsiella	supervised
GCF_000214015.3_version_140606_genomic	Ostreococcus tauri		Chlorophyta	Mamiellophyceae	Mamiellales	Bathycoccaceae	Ostreococcus	supervised
Klebsiella_pneumoniae_enterobacteria_GCF_050507665.1	Klebsiella pneumoniae		Pseudomonadota	Gammaproteobacteria	Enterobacterales	Enterobacteriaceae	Klebsiella	supervised
Pseudomonadaceae_bacterium_g-proteobacteria_GCA_965284505.1	Pseudomonadaceae bacterium		Pseudomonadota	Gammaproteobacteria	Pseudomonadales	Pseudomonadaceae		supervised
Cyclobacteriaceae_bacterium_CFB_group_bacteria_GCA_965284605.1	Cyclobacteriaceae bacterium		Bacteroidota	Cytophagia	Cytophagales	Cyclobacteriaceae		supervised
Xanthomonas_oryzae_pv._oryzicola_g-proteobacteria_GCF_050408095.1	Xanthomonas oryzae		Pseudomonadota	Gammaproteobacteria	Lysobacterales	Lysobacteraceae	Xanthomonas	supervised
Balneola_sp._bacteria_GCA_965284405.1	Balneola sp.		Balneolota	Balneolia	Balneolales	Balneolaceae	Balneola	supervised
Leuconostoc_mesenteroides_firmicutes_GCA_050516325.1	Leuconostoc mesenteroides		Bacillota	Bacilli	Lactobacillales	Lactobacillaceae	Leuconostoc	supervised
Escherichia_coli_E._coli_GCA_047852745.2	Escherichia coli		Pseudomonadota	Gammaproteobacteria	Enterobacterales	Enterobacteriaceae	Escherichia	supervised
Xanthomonas_oryzae_pv._oryzicola_g-proteobacteria_GCF_050408085.1	Xanthomonas oryzae		Pseudomonadota	Gammaproteobacteria	Lysobacterales	Lysobacteraceae	Xanthomonas	supervised
Niallia_sp._Krafla_26_firmicutes_GCF_050389805.1	Niallia sp. Kr1		Bacillota	Bacilli	Bacillales	Bacillaceae	Niallia	supervised
Microcystis_ichthyoblabe_FBCC-A1114_cyanobacteria_GCF_050500245.1	Microcystis ichthyoblabe		Cyanobacteriota	Cyanophyceae	Chroococcales	Microcystaceae	Microcystis	supervised
Oceanicaulis_sp._a-proteobacteria_GCA_965284655.1	Oceanicaulis sp.		Pseudomonadota	Alphaproteobacteria	Maricaulales	Maricaulaceae	Oceanicaulis	supervised
Klebsiella_pneumoniae_enterobacteria_GCA_047335505.2	Klebsiella pneumoniae		Pseudomonadota	Gammaproteobacteria	Enterobacterales	Enterobacteriaceae	Klebsiella	supervised
Thalassolituus_sp._LLYu03_g-proteobacteria_GCF_050507655.1	Thalassolituus sp. LLYu03		Pseudomonadota	Gammaproteobacteria	Oceanospirillales	Oceanospirillaceae	Thalassolituus	supervised
Vicingaceae_bacterium_CFB_group_bacteria_GCA_965284565.1	Vicingaceae bacterium		Bacteroidota	Flavobacteriia	Flavobacteriales	Vicingaceae		supervised
GCF_000165345.1_ASM16534v1_genomic	Cryptosporidium parvum		Apicomplexa	Conoidasida	Eucoccidiorida	Cryptosporidiidae	Cryptosporidium	supervised
Crocinitomicaceae_bacterium_CFB_group_bacteria_GCA_965284445.1	Crocinitomicaceae bacterium		Bacteroidota	Flavobacteriia	Flavobacteriales	Crocinitomicaceae		supervised
Robbsia_andropogonis_b-proteobacteria_GCF_050430075.1	Robbsia andropogonis		Pseudomonadota	Betaproteobacteria	Burkholderiales	Burkholderiaceae	Robbsia	supervised
NC_009135	NC_009135							unsupervised
NC_007426	NC_007426							unsupervised
NC_002516	NC_002516							unsupervised
NC_009376	NC_009376							unsupervised
CP000680	CP000680							unsupervised
CP000820	CP000820							unsupervised
CP069362	CP069362							unsupervised
NC_011726	NC_011726							unsupervised
CP069353	CP069353							unsupervised
CP069361	CP069361							unsupervised
NC_009718	NC_009718							unsupervised
NC_002978	NC_002978							unsupervised
NC_011766	NC_011766							unsupervised
NC_002754	NC_002754							unsupervised
NC_000854	NC_000854							unsupervised
NC_006396	NC_006396							unsupervised
NC_000913	NC_000913							unsupervised
NC_000909	NC_000909							unsupervised
CP069367	CP069367							unsupervised
CP063944	CP063944							unsupervised
NC_001137	NC_001137							unsupervised
NC_001136	NC_001136							unsupervised
NC_000916	NC_000916							unsupervised
NC_000964	NC_000964							unsupervised
CP069365	CP069365							unsupervised
CP069363	CP069363							unsupervised
NC_003552	NC_003552							unsupervised
CP069366	CP069366							unsupervised
CP071081	CP071081							unsupervised
NC_013156	NC_013156							unsupervised
CP069364	CP069364							unsupervised
NC_000917	NC_000917							unsupervised
NC_000868	NC_000868							unsupervised
Giardia_lamblia.GL2.dna.toplevel	Giardia_lamblia.GL2.dna.toplevel							unsupervised
Giardia_intestinalis_gca_000498715.ASM49871v1.dna.toplevel	Giardia duodenalis		Fornicata		Diplomonadida	Hexamitidae	Giardia	unsupervised
Blastocystis_hominis_gca_000151665.ASM15166v1.dna.toplevel	Blastocystis hominis			Bigyra	Opalinata	Blastocystidae	Blastocystis	unsupervised
GCF_014698065.1_ASM1469806v1_genomic	Nostoc flagelliforme		Cyanobacteriota	Cyanophyceae	Nostocales	Nostocaceae	Nostoc	unsupervised
Phytomonas_sp_isolate_em1_gca_000582765.AKH_PRJEB1535_v1.dna.toplevel	Phytomonas sp		Euglenozoa	Kinetoplastea	Trypanosomatida	Trypanosomatidae	Phytomonas	unsupervised
Plasmodium_vinckei_vinckei_gca_000709005.Plas_vinc_vinckei_V1.dna.toplevel	Plasmodium vinckei		Apicomplexa	Aconoidasida	Haemosporida	Plasmodiidae	Plasmodium	unsupervised
Giardia_intestinalis_assemblage_b_gca_001543975.G_duodenalis_AssB_BAH15c1.dna.toplevel	Giardia duodenalis		Fornicata		Diplomonadida	Hexamitidae	Giardia	unsupervised
Plasmodium_berghei.PBANKA01.dna.toplevel	Plasmodium_berghei.PBANKA01.dna.toplevel							unsupervised
Plasmodium_chabaudi.PCHAS01.dna.toplevel	Plasmodium_chabaudi.PCHAS01.dna.toplevel							unsupervised
Phytomonas_sp_isolate_hart1_gca_000982615.AKI_PRJEB1539_v1.dna.toplevel	Phytomonas sp		Euglenozoa	Kinetoplastea	Trypanosomatida	Trypanosomatidae	Phytomonas	unsupervised
Spironucleus_salmonicida_gca_000497125.SSK3.0.dna.toplevel	Spironucleus salmonicida		Fornicata		Diplomonadida	Hexamitidae	Spironucleus	unsupervised
Giardia_lamblia_p15_gca_000182665.ASM18266v1.dna.toplevel	Giardia duodenalis		Fornicata		Diplomonadida	Hexamitidae	Giardia	unsupervised
Babesia_bigemina_gca_000981445.Bbig001.dna.toplevel	Babesia bigemina		Apicomplexa	Aconoidasida	Piroplasmida	Babesiidae	Babesia	unsupervised
Entamoeba_histolytica_gca_001662325.Ehistolytica_2016.dna.toplevel	Entamoeba histolytica		Evosea		Mastigamoebida	Entamoebidae	Entamoeba	unsupervised
Gregarina_niphandrodes_gca_000223845.GNI3.dna.toplevel	Gregarina niphandrodes		Apicomplexa	Conoidasida	Eugregarinorida	Gregarinidae	Gregarina	unsupervised
GCF_027663505.1_ASM2766350v1_genomic	Leuconostoc mesenteroides		Bacillota	Bacilli	Lactobacillales	Lactobacillaceae	Leuconostoc	supervised
GCF_004305995.1_ASM430599v1_genomic	Microcystis aeruginosa		Cyanobacteriota	Cyanophyceae	Chroococcales	Microcystaceae	Microcystis	supervised
GCF_026616915.1_ASM2661691v1_genomic	Leuconostoc gelidum		Bacillota	Bacilli	Lactobacillales	Lactobacillaceae	Leuconostoc	supervised
GCF_014280035.1_ASM1428003v1_genomic	Synechococcus sp. A18-25c		Cyanobacteriota	Cyanophyceae	Synechococcales	Synechococcaceae	Synechococcus	supervised
GCF_020088785.1_ASM2008878v1_genomic	Leuconostoc gasicomitatum		Bacillota	Bacilli	Lactobacillales	Lactobacillaceae	Leuconostoc	supervised
GCF_020244595.1_ASM2024459v1_genomic	Microcystis sp. M63BS1		Cyanobacteriota	Cyanophyceae	Chroococcales	Microcystaceae	Microcystis	supervised
GCF_023650955.1_ASM2365095v1_genomic	Thermosynechococcus sp. HN-54		Cyanobacteriota	Cyanophyceae	Acaryochloridales	Thermosynechococcaceae	Thermosynechococcus	supervised
GCF_019325005.1_ASM1932500v1_genomic	Prochlorococcus marinus		Cyanobacteriota	Cyanophyceae	Synechococcales	Prochlorococcaceae	Prochlorococcus	supervised
GCF_047462475.1_ASM4746247v1_genomic	Synechococcus sp. H55.11		Cyanobacteriota	Cyanophyceae	Synechococcales	Synechococcaceae	Synechococcus	supervised
GCF_028620235.1_ASM2862023v1_genomic	Leuconostoc mesenteroides		Bacillota	Bacilli	Lactobacillales	Lactobacillaceae	Leuconostoc	supervised
GCF_000760255.1_ASM76025v1_genomic	Prochlorococcus marinus		Cyanobacteriota	Cyanophyceae	Synechococcales	Prochlorococcaceae	Prochlorococcus	supervised
GCF_018993745.1_ASM1899374v1_genomic	Leuconostoc fallax		Bacillota	Bacilli	Lactobacillales	Lactobacillaceae	Leuconostoc	supervised
GCF_015841355.1_ASM1584135v1_genomic	Synechococcus sp. CBW1107		Cyanobacteriota	Cyanophyceae	Synechococcales	Synechococcaceae	Synechococcus	supervised
GCF_024345835.1_ASM2434583v1_genomic	Synechococcus sp. HJ21-Hayes		Cyanobacteriota	Cyanophyceae	Synechococcales	Synechococcaceae	Synechococcus	supervised
GCF_046316335.1_ASM4631633v1_genomic	Microcystis sp.		Cyanobacteriota	Cyanophyceae	Chroococcales	Microcystaceae	Microcystis	supervised
GCF_964245805.1_public_SRR11456915_metawrap_bin.3_genomic	uncultured Nostoc sp.		Cyanobacteriota	Cyanophyceae	Nostocales	Nostocaceae	Nostoc	supervised
GCF_024345735.1_ASM2434573v1_genomic	Synechococcus lacustris		Cyanobacteriota	Cyanophyceae	Synechococcales	Synechococcaceae	Synechococcus	supervised
GCF_027675625.1_ASM2767562v1_genomic	Leuconostoc mesenteroides		Bacillota	Bacilli	Lactobacillales	Lactobacillaceae	Leuconostoc	supervised
GCF_001180245.1_CLC_assembled_contigs_genomic	Prochlorococcus marinus		Cyanobacteriota	Cyanophyceae	Synechococcales	Prochlorococcaceae	Prochlorococcus	supervised
GCF_963870475.1_ena-yuan-GCF_001693275.1_genomic	Picosynechococcus sp. PCC 7117		Cyanobacteriota	Cyanophyceae	Chroococcales	Geminocystaceae	Picosynechococcus	supervised
GCF_047720665.1_ASM4772066v1_genomic	Leuconostoc pseudomesenteroides		Bacillota	Bacilli	Lactobacillales	Lactobacillaceae	Leuconostoc	supervised
GCF_020089375.1_ASM2008937v1_genomic	Leuconostoc gelidum		Bacillota	Bacilli	Lactobacillales	Lactobacillaceae	Leuconostoc	supervised
GCF_019656035.1_ASM1965603v1_genomic	Leuconostoc lactis		Bacillota	Bacilli	Lactobacillales	Lactobacillaceae	Leuconostoc	supervised
GCF_036919595.1_ASM3691959v1_genomic	Nostoc sp.		Cyanobacteriota	Cyanophyceae	Nostocales	Nostocaceae	Nostoc	supervised
GCF_000330925.1_MicAerT1.0_genomic	Microcystis aeruginosa		Cyanobacteriota	Cyanophyceae	Chroococcales	Microcystaceae	Microcystis	supervised
GCF_027359415.1_ASM2735941v1_genomic	Prochlorococcus marinus		Cyanobacteriota	Cyanophyceae	Synechococcales	Prochlorococcaceae	Prochlorococcus	supervised
GCF_036917675.1_ASM3691767v1_genomic	Nostoc sp.		Cyanobacteriota	Cyanophyceae	Nostocales	Nostocaceae	Nostoc	supervised
GCF_002608345.1_ASM260834v1_genomic	Nostoc linckia		Cyanobacteriota	Cyanophyceae	Nostocales	Nostocaceae	Nostoc	supervised
GCF_046306815.1_ASM4630681v1_genomic	Microcystis sp.		Cyanobacteriota	Cyanophyceae	Chroococcales	Microcystaceae	Microcystis	supervised
GCF_029379315.1_ASM2937931v1_genomic	Nostoc sp. S13		Cyanobacteriota	Cyanophyceae	Nostocales	Nostocaceae	Nostoc	supervised
GCF_014698835.1_ASM1469883v1_genomic	Nostoc paludosum		Cyanobacteriota	Cyanophyceae	Nostocales	Nostocaceae	Nostoc	supervised
GCF_000586015.1_SynSpo.0_genomic	Candidatus Synechococcus spongiarum		Cyanobacteriota	Cyanophyceae	Synechococcales	Synechococcaceae	Synechococcus	supervised
GCF_047304245.1_ASM4730424v1_genomic	Synechococcus sp. MIT S9452		Cyanobacteriota	Cyanophyceae	Synechococcales	Synechococcaceae	Synechococcus	supervised
GCF_022984265.1_ASM2298426v1_genomic	Synechococcus elongatus		Cyanobacteriota	Cyanophyceae	Synechococcales	Synechococcaceae	Synechococcus	supervised
GCF_002115685.1_ASM211568v1_genomic	Leuconostoc citreum		Bacillota	Bacilli	Lactobacillales	Lactobacillaceae	Leuconostoc	supervised
GCF_019655995.1_ASM1965599v1_genomic	Leuconostoc holzapfelii		Bacillota	Bacilli	Lactobacillales	Lactobacillaceae	Leuconostoc	supervised
GCF_028330705.1_ASM2833070v1_genomic	Microcystis aeruginosa		Cyanobacteriota	Cyanophyceae	Chroococcales	Microcystaceae	Microcystis	supervised
GCF_020246405.1_ASM2024640v1_genomic	Microcystis sp. M083S1		Cyanobacteriota	Cyanophyceae	Chroococcales	Microcystaceae	Microcystis	supervised
GCF_014217855.1_ASM1421785v1_genomic	Synechococcus sp. HK01-R		Cyanobacteriota	Cyanophyceae	Synechococcales	Synechococcaceae	Synechococcus	supervised
GCF_020245545.1_ASM2024554v1_genomic	Microcystis sp. M065S2		Cyanobacteriota	Cyanophyceae	Chroococcales	Microcystaceae	Microcystis	supervised
GCF_047462395.1_ASM4746239v1_genomic	Synechococcus sp. H55.7		Cyanobacteriota	Cyanophyceae	Synechococcales	Synechococcaceae	Synechococcus	supervised
GCF_020245825.1_ASM2024582v1_genomic	Microcystis sp. M176S2		Cyanobacteriota	Cyanophyceae	Chroococcales	Microcystaceae	Microcystis	supervised
GCF_047461855.1_ASM4746185v1_genomic	Synechococcus sp. R60.3		Cyanobacteriota	Cyanophyceae	Synechococcales	Synechococcaceae	Synechococcus	supervised
GCF_000312265.1_ASM31226v1_genomic	Microcystis aeruginosa		Cyanobacteriota	Cyanophyceae	Chroococcales	Microcystaceae	Microcystis	supervised
GCF_027942295.1_ASM2794229v1_genomic	Pseudanabaena sp. Chao 1811		Cyanobacteriota	Cyanophyceae	Pseudanabaenales	Pseudanabaenaceae	Pseudanabaena	supervised
GCF_000760355.1_ASM76035v1_genomic	Prochlorococcus marinus		Cyanobacteriota	Cyanophyceae	Synechococcales	Prochlorococcaceae	Prochlorococcus	supervised
GCF_047725245.1_ASM4772524v1_genomic	Leuconostoc pseudomesenteroides		Bacillota	Bacilli	Lactobacillales	Lactobacillaceae	Leuconostoc	supervised
GCF_036917975.1_ASM3691797v1_genomic	Nostoc sp.		Cyanobacteriota	Cyanophyceae	Nostocales	Nostocaceae	Nostoc	supervised
GCF_027532015.1_ASM2753201v1_genomic	Microcystis sp. LE19-131.1A		Cyanobacteriota	Cyanophyceae	Chroococcales	Microcystaceae	Microcystis	supervised
GCF_000012505.1_ASM1250v1_genomic	Synechococcus sp. CC9902		Cyanobacteriota	Cyanophyceae	Synechococcales	Synechococcaceae	Synechococcus	supervised
GCF_047302725.1_ASM4730272v1_genomic	Prochlorococcus sp. Dvax-bc1017		Cyanobacteriota	Cyanophyceae	Synechococcales	Prochlorococcaceae	Prochlorococcus	supervised
GCF_047502745.1_ASM4750274v1_genomic	Synechococcus sp. F70.1		Cyanobacteriota	Cyanophyceae	Synechococcales	Synechococcaceae	Synechococcus	supervised
GCF_014634865.1_ASM1463486v1_genomic	Leuconostoc falkenbergense		Bacillota	Bacilli	Lactobacillales	Lactobacillaceae	Leuconostoc	supervised
GCF_047305155.1_ASM4730515v1_genomic	Prochlorococcus sp. MIT 0916		Cyanobacteriota	Cyanophyceae	Synechococcales	Prochlorococcaceae	Prochlorococcus	supervised
GCF_020246185.1_ASM2024618v1_genomic	Microcystis sp. M113S2		Cyanobacteriota	Cyanophyceae	Chroococcales	Microcystaceae	Microcystis	supervised
GCF_030518695.1_ASM3051869v1_genomic	Thermosynechococcus sp. PP45		Cyanobacteriota	Cyanophyceae	Acaryochloridales	Thermosynechococcaceae	Thermosynechococcus	supervised
GCF_019927125.1_ASM1992712v1_genomic	Leuconostoc mesenteroides		Bacillota	Bacilli	Lactobacillales	Lactobacillaceae	Leuconostoc	supervised
GCF_038320945.1_ASM3832094v1_genomic	Leuconostoc mesenteroides		Bacillota	Bacilli	Lactobacillales	Lactobacillaceae	Leuconostoc	supervised
GCF_018502385.1_ASM1850238v1_genomic	Synechococcus sp. LA31		Cyanobacteriota	Cyanophyceae	Synechococcales	Synechococcaceae	Synechococcus	supervised
GCF_047727595.1_ASM4772759v1_genomic	Leuconostoc pseudomesenteroides		Bacillota	Bacilli	Lactobacillales	Lactobacillaceae	Leuconostoc	supervised
GCF_028620055.1_ASM2862005v1_genomic	Leuconostoc mesenteroides		Bacillota	Bacilli	Lactobacillales	Lactobacillaceae	Leuconostoc	supervised
GCF_002760375.1_ASM276037v1_genomic	Synechococcus sp. 60AY4M2		Cyanobacteriota	Cyanophyceae	Synechococcales	Synechococcaceae	Synechococcus	supervised
GCF_020246665.1_ASM2024666v1_genomic	Microcystis sp. M045S1		Cyanobacteriota	Cyanophyceae	Chroococcales	Microcystaceae	Microcystis	supervised
GCF_026240235.1_ASM2624023v1_genomic	Leuconostoc mesenteroides		Bacillota	Bacilli	Lactobacillales	Lactobacillaceae	Leuconostoc	supervised
GCF_027676085.1_ASM2767608v1_genomic	Leuconostoc citreum		Bacillota	Bacilli	Lactobacillales	Lactobacillaceae	Leuconostoc	supervised
GCF_000196515.1_ASM19651v1_genomic	Trichormus azollae		Cyanobacteriota	Cyanophyceae	Nostocales	Nostocaceae	Trichormus	supervised
GCF_027531715.1_ASM2753171v1_genomic	Microcystis sp. LE19-8.1F		Cyanobacteriota	Cyanophyceae	Chroococcales	Microcystaceae	Microcystis	supervised
GCF_019038465.1_ASM1903846v1_genomic	Synechococcus sp. CCY 0621		Cyanobacteriota	Cyanophyceae	Synechococcales	Synechococcaceae	Synechococcus	supervised
GCF_029823355.1_ASM2982335v1_genomic	Leuconostoc pseudomesenteroides		Bacillota	Bacilli	Lactobacillales	Lactobacillaceae	Leuconostoc	supervised
GCF_009913915.1_ASM991391v1_genomic	Leuconostoc mesenteroides		Bacillota	Bacilli	Lactobacillales	Lactobacillaceae	Leuconostoc	supervised
GCF_020246215.1_ASM2024621v1_genomic	Microcystis sp. M112S2		Cyanobacteriota	Cyanophyceae	Chroococcales	Microcystaceae	Microcystis	supervised
GCF_036918095.1_ASM3691809v1_genomic	Nostoc sp.		Cyanobacteriota	Cyanophyceae	Nostocales	Nostocaceae	Nostoc	supervised
GCF_028328965.1_ASM2832896v1_genomic	Microcystis aeruginosa		Cyanobacteriota	Cyanophyceae	Chroococcales	Microcystaceae	Microcystis	supervised
GCF_020088885.1_ASM2008888v1_genomic	Leuconostoc gasicomitatum		Bacillota	Bacilli	Lactobacillales	Lactobacillaceae	Leuconostoc	supervised
GCF_014698735.1_ASM1469873v1_genomic	Anabaena catenula		Cyanobacteriota	Cyanophyceae	Nostocales	Nostocaceae	Anabaena	supervised
GCF_026810245.1_ASM2681024v1_genomic	Leuconostoc pseudomesenteroides		Bacillota	Bacilli	Lactobacillales	Lactobacillaceae	Leuconostoc	supervised
GCF_031583335.1_ASM3158333v1_genomic	Thermosynechococcus sp. WL11		Cyanobacteriota	Cyanophyceae	Acaryochloridales	Thermosynechococcaceae	Thermosynechococcus	supervised
GCF_047461755.1_ASM4746175v1_genomic	Synechococcus sp. R65.1		Cyanobacteriota	Cyanophyceae	Synechococcales	Synechococcaceae	Synechococcus	supervised
GCF_964247315.1_public_SRR14721954_metawrap_bin.4_genomic	uncultured Nostoc sp.		Cyanobacteriota	Cyanophyceae	Nostocales	Nostocaceae	Nostoc	supervised
GCF_025188685.1_ASM2518868v1_genomic	Leuconostoc citreum		Bacillota	Bacilli	Lactobacillales	Lactobacillaceae	Leuconostoc	supervised
GCF_020246965.1_ASM2024696v1_genomic	Microcystis sp. M110S1		Cyanobacteriota	Cyanophyceae	Chroococcales	Microcystaceae	Microcystis	supervised
GCF_002092245.1_ASM209224v1_genomic	Leuconostoc mesenteroides		Bacillota	Bacilli	Lactobacillales	Lactobacillaceae	Leuconostoc	supervised
GCF_047497125.1_ASM4749712v1_genomic	Prochlorococcus marinus		Cyanobacteriota	Cyanophyceae	Synechococcales	Prochlorococcaceae	Prochlorococcus	supervised
GCF_000317065.1_ASM31706v1_genomic	Thalassoporum mexicanum		Cyanobacteriota	Cyanophyceae	Pseudanabaenales	Thalassoporaceae	Thalassoporum	supervised
GCF_047303045.1_ASM4730304v1_genomic	Synechococcus sp. MIT S9508		Cyanobacteriota	Cyanophyceae	Synechococcales	Synechococcaceae	Synechococcus	supervised
GCF_020245725.1_ASM2024572v1_genomic	Microcystis sp. M038S2		Cyanobacteriota	Cyanophyceae	Chroococcales	Microcystaceae	Microcystis	supervised
GCF_014696335.1_ASM1469633v1_genomic	Anabaena sp. FACHB-1250		Cyanobacteriota	Cyanophyceae	Nostocales	Nostocaceae	Anabaena	supervised
GCF_014634765.1_ASM1463476v1_genomic	Leuconostoc pseudomesenteroides		Bacillota	Bacilli	Lactobacillales	Lactobacillaceae	Leuconostoc	supervised
GCF_020089285.1_ASM2008928v1_genomic	Leuconostoc gelidum		Bacillota	Bacilli	Lactobacillales	Lactobacillaceae	Leuconostoc	supervised
GCF_028619495.1_ASM2861949v1_genomic	Leuconostoc mesenteroides		Bacillota	Bacilli	Lactobacillales	Lactobacillaceae	Leuconostoc	supervised
GCF_023630635.1_ASM2363063v1_genomic	Synechococcus sp. MU1651		Cyanobacteriota	Cyanophyceae	Synechococcales	Synechococcaceae	Synechococcus	supervised
GCF_002425565.1_ASM242556v1_genomic	Leuconostoc lactis		Bacillota	Bacilli	Lactobacillales	Lactobacillaceae	Leuconostoc	supervised
GCF_025128175.1_ASM2512817v1_genomic	Synechococcus sp. CS-602		Cyanobacteriota	Cyanophyceae	Synechococcales	Synechococcaceae	Synechococcus	supervised
GCF_008690965.1_ASM869096v1_genomic	Leuconostoc carnosum		Bacillota	Bacilli	Lactobacillales	Lactobacillaceae	Leuconostoc	supervised
GCF_002095975.1_ASM209597v1_genomic	Microcystis aeruginosa		Cyanobacteriota	Cyanophyceae	Chroococcales	Microcystaceae	Microcystis	supervised
GCF_028619855.1_ASM2861985v1_genomic	Leuconostoc mesenteroides		Bacillota	Bacilli	Lactobacillales	Lactobacillaceae	Leuconostoc	supervised
GCF_014697455.1_ASM1469745v1_genomic	Nostoc sp. FACHB-145		Cyanobacteriota	Cyanophyceae	Nostocales	Nostocaceae	Nostoc	supervised
GCF_028619755.1_ASM2861975v1_genomic	Leuconostoc mesenteroides		Bacillota	Bacilli	Lactobacillales	Lactobacillaceae	Leuconostoc	supervised
GCF_036917415.1_ASM3691741v1_genomic	Nostoc sp.		Cyanobacteriota	Cyanophyceae	Nostocales	Nostocaceae	Nostoc	supervised
GCF_001184245.1_ASM118424v1_genomic	Leuconostoc mesenteroides		Bacillota	Bacilli	Lactobacillales	Lactobacillaceae	Leuconostoc	supervised
GCF_030585425.1_ASM3058542v1_genomic	Leuconostoc carnosum		Bacillota	Bacilli	Lactobacillales	Lactobacillaceae	Leuconostoc	supervised
GCF_020245525.1_ASM2024552v1_genomic	Microcystis sp. M069S2		Cyanobacteriota	Cyanophyceae	Chroococcales	Microcystaceae	Microcystis	supervised
GCF_943371655.1_JJ-MEM4D-83-5-m1-bin337_genomic	Synechococcus sp. UW140		Cyanobacteriota	Cyanophyceae	Synechococcales	Synechococcaceae	Synechococcus	supervised
GCF_015207885.1_ASM1520788v1_genomic	Microcystis aeruginosa		Cyanobacteriota	Cyanophyceae	Chroococcales	Microcystaceae	Microcystis	supervised
GCF_900322425.1_MFPA29A1405_assemby_v1_genomic	Leuconostoc carnosum		Bacillota	Bacilli	Lactobacillales	Lactobacillaceae	Leuconostoc	supervised
GCF_027359395.1_ASM2735939v1_genomic	Prochlorococcus marinus		Cyanobacteriota	Cyanophyceae	Synechococcales	Prochlorococcaceae	Prochlorococcus	supervised
GCF_020245745.1_ASM2024574v1_genomic	Microcystis sp. M037S2		Cyanobacteriota	Cyanophyceae	Chroococcales	Microcystaceae	Microcystis	supervised
GCF_014207505.1_ASM1420750v1_genomic	Leuconostoc carnosum		Bacillota	Bacilli	Lactobacillales	Lactobacillaceae	Leuconostoc	supervised
GCF_006382035.1_ASM638203v1_genomic	Leuconostoc pseudomesenteroides		Bacillota	Bacilli	Lactobacillales	Lactobacillaceae	Leuconostoc	supervised
GCF_000015665.1_ASM1566v1_genomic	Prochlorococcus marinus		Cyanobacteriota	Cyanophyceae	Synechococcales	Prochlorococcaceae	Prochlorococcus	supervised
GCF_028329095.1_ASM2832909v1_genomic	Microcystis sp. CS-574		Cyanobacteriota	Cyanophyceae	Chroococcales	Microcystaceae	Microcystis	supervised
GCF_008807075.1_ASM880707v1_genomic	Synechococcus sp. RSCCF101		Cyanobacteriota	Cyanophyceae	Synechococcales	Synechococcaceae	Synechococcus	supervised
GCF_000234825.3_ASM23482v3_genomic	Leuconostoc mesenteroides		Bacillota	Bacilli	Lactobacillales	Lactobacillaceae	Leuconostoc	supervised
GCF_020246015.1_ASM2024601v1_genomic	Microcystis sp. M145S2		Cyanobacteriota	Cyanophyceae	Chroococcales	Microcystaceae	Microcystis	supervised
GCF_047462415.1_ASM4746241v1_genomic	Synechococcus sp. H55.6		Cyanobacteriota	Cyanophyceae	Synechococcales	Synechococcaceae	Synechococcus	supervised
GCF_043634175.1_ASM4363417v1_genomic	Leuconostoc suionicum		Bacillota	Bacilli	Lactobacillales	Lactobacillaceae	Leuconostoc	supervised
GCF_002252665.1_ASM225266v1_genomic	Synechococcus sp. 8F6		Cyanobacteriota	Cyanophyceae	Synechococcales	Synechococcaceae	Synechococcus	supervised
GCF_000737535.1_ASM73753v1_genomic	Synechococcus sp. KORDI-100		Cyanobacteriota	Cyanophyceae	Synechococcales	Synechococcaceae	Synechococcus	supervised
GCF_015553465.1_ASM1555346v1_genomic	Leuconostoc lactis		Bacillota	Bacilli	Lactobacillales	Lactobacillaceae	Leuconostoc	supervised
GCF_036917395.1_ASM3691739v1_genomic	Nostoc sp.		Cyanobacteriota	Cyanophyceae	Nostocales	Nostocaceae	Nostoc	supervised
GCF_028619735.1_ASM2861973v1_genomic	Leuconostoc mesenteroides		Bacillota	Bacilli	Lactobacillales	Lactobacillaceae	Leuconostoc	supervised
GCF_003443655.1_ASM344365v1_genomic	Nostoc sphaeroides		Cyanobacteriota	Cyanophyceae	Nostocales	Nostocaceae	Nostoc	supervised
GCF_004332405.1_ASM433240v1_genomic	Synechococcus sp. BS56D		Cyanobacteriota	Cyanophyceae	Synechococcales	Synechococcaceae	Synechococcus	supervised
GCF_964186745.1_AMBP-0460_genomic	Leuconostoc citreum		Bacillota	Bacilli	Lactobacillales	Lactobacillaceae	Leuconostoc	supervised
GCF_019325105.1_ASM1932510v1_genomic	Prochlorococcus marinus		Cyanobacteriota	Cyanophyceae	Synechococcales	Prochlorococcaceae	Prochlorococcus	supervised
GCF_046309415.1_ASM4630941v1_genomic	Microcystis sp.		Cyanobacteriota	Cyanophyceae	Chroococcales	Microcystaceae	Microcystis	supervised
GCF_047720865.1_ASM4772086v1_genomic	Leuconostoc pseudomesenteroides		Bacillota	Bacilli	Lactobacillales	Lactobacillaceae	Leuconostoc	supervised
GCF_000760095.1_ASM76009v1_genomic	Prochlorococcus marinus		Cyanobacteriota	Cyanophyceae	Synechococcales	Prochlorococcaceae	Prochlorococcus	supervised
GCF_964187085.1_AMBP-0451_genomic	Leuconostoc citreum		Bacillota	Bacilli	Lactobacillales	Lactobacillaceae	Leuconostoc	supervised
GCF_020245625.1_ASM2024562v1_genomic	Microcystis sp. M049S2		Cyanobacteriota	Cyanophyceae	Chroococcales	Microcystaceae	Microcystis	supervised
GCF_025188785.1_ASM2518878v1_genomic	Leuconostoc citreum		Bacillota	Bacilli	Lactobacillales	Lactobacillaceae	Leuconostoc	supervised
GCF_030269065.1_ASM3026906v1_genomic	Leuconostoc mesenteroides		Bacillota	Bacilli	Lactobacillales	Lactobacillaceae	Leuconostoc	supervised
GCF_009711975.1_ASM971197v1_genomic	Anabaena sp. UHCC 0204		Cyanobacteriota	Cyanophyceae	Nostocales	Nostocaceae	Anabaena	supervised
GCF_024054375.1_ASM2405437v1_genomic	Leuconostoc fallax		Bacillota	Bacilli	Lactobacillales	Lactobacillaceae	Leuconostoc	supervised
GCF_902536725.1_AG-349-G23_genomic	uncultured Prochlorococcus sp.		Cyanobacteriota	Cyanophyceae	Synechococcales	Prochlorococcaceae	Prochlorococcus	supervised
GCF_024498575.1_ASM2449857v1_genomic	Leuconostoc mesenteroides		Bacillota	Bacilli	Lactobacillales	Lactobacillaceae	Leuconostoc	supervised
GCF_002760415.1_ASM276041v1_genomic	Synechococcus sp. 65AY6A5		Cyanobacteriota	Cyanophyceae	Synechococcales	Synechococcaceae	Synechococcus	supervised
GCF_963870205.1_ena-yuan-GCF_001597855.1_genomic	Anabaena sp. CA = ATCC 33047		Cyanobacteriota	Cyanophyceae	Nostocales	Nostocaceae	Anabaena	supervised
GCF_023743945.1_ASM2374394v1_genomic	Leuconostoc mesenteroides		Bacillota	Bacilli	Lactobacillales	Lactobacillaceae	Leuconostoc	supervised
GCF_000759885.1_ASM75988v1_genomic	Prochlorococcus marinus		Cyanobacteriota	Cyanophyceae	Synechococcales	Prochlorococcaceae	Prochlorococcus	supervised
GCF_900473895.1_N32_genomic	Synechococcus sp. N32		Cyanobacteriota	Cyanophyceae	Synechococcales	Synechococcaceae	Synechococcus	supervised
GCF_900290445.1_Le_mesenteroides_CECT_9217_Spades_Prokka_genomic	Leuconostoc mesenteroides		Bacillota	Bacilli	Lactobacillales	Lactobacillaceae	Leuconostoc	supervised
GCF_963870435.1_ena-yuan-GCF_001693295.1_genomic	Picosynechococcus sp. PCC 8807		Cyanobacteriota	Cyanophyceae	Chroococcales	Geminocystaceae	Picosynechococcus	supervised
GCF_036918295.1_ASM3691829v1_genomic	Nostoc sp.		Cyanobacteriota	Cyanophyceae	Nostocales	Nostocaceae	Nostoc	supervised
GCF_000312705.1_ASM31270v1_genomic	Anabaena sp. 90		Cyanobacteriota	Cyanophyceae	Nostocales	Nostocaceae	Anabaena	supervised
GCF_025127995.1_ASM2512799v1_genomic	Synechococcus sp. CS-1332		Cyanobacteriota	Cyanophyceae	Synechococcales	Synechococcaceae	Synechococcus	supervised
GCF_014696825.1_ASM1469682v1_genomic	Anabaena sphaerica		Cyanobacteriota	Cyanophyceae	Nostocales	Nostocaceae	Anabaena	supervised
GCF_019325065.1_ASM1932506v1_genomic	Prochlorococcus marinus		Cyanobacteriota	Cyanophyceae	Synechococcales	Prochlorococcaceae	Prochlorococcus	supervised
GCF_028618945.1_ASM2861894v1_genomic	Leuconostoc mesenteroides		Bacillota	Bacilli	Lactobacillales	Lactobacillaceae	Leuconostoc	supervised
GCF_036917915.1_ASM3691791v1_genomic	Nostoc sp.		Cyanobacteriota	Cyanophyceae	Nostocales	Nostocaceae	Nostoc	supervised
GCF_036917615.1_ASM3691761v1_genomic	Nostoc sp.		Cyanobacteriota	Cyanophyceae	Nostocales	Nostocaceae	Nostoc	supervised
GCF_025188485.1_ASM2518848v1_genomic	Leuconostoc citreum		Bacillota	Bacilli	Lactobacillales	Lactobacillaceae	Leuconostoc	supervised
GCF_964247095.1_public_SRR11456921_metawrap_bin.3_genomic	uncultured Nostoc sp.		Cyanobacteriota	Cyanophyceae	Nostocales	Nostocaceae	Nostoc	supervised
GCF_028619555.1_ASM2861955v1_genomic	Leuconostoc mesenteroides		Bacillota	Bacilli	Lactobacillales	Lactobacillaceae	Leuconostoc	supervised
GCF_025188295.1_ASM2518829v1_genomic	Leuconostoc mesenteroides		Bacillota	Bacilli	Lactobacillales	Lactobacillaceae	Leuconostoc	supervised
GCF_029636065.1_ASM2963606v1_genomic	Synechococcus sp. CCFWC 502		Cyanobacteriota	Cyanophyceae	Synechococcales	Synechococcaceae	Synechococcus	supervised
GCF_020088915.1_ASM2008891v1_genomic	Leuconostoc gasicomitatum		Bacillota	Bacilli	Lactobacillales	Lactobacillaceae	Leuconostoc	supervised
GCF_003255835.1_ASM325583v1_genomic	Leuconostoc mesenteroides		Bacillota	Bacilli	Lactobacillales	Lactobacillaceae	Leuconostoc	supervised
GCF_006406185.1_ASM640618v1_genomic	Leuconostoc mesenteroides		Bacillota	Bacilli	Lactobacillales	Lactobacillaceae	Leuconostoc	supervised
GCF_012933595.1_ASM1293359v1_genomic	Prochlorococcus sp.P1363		Cyanobacteriota	Cyanophyceae	Synechococcales	Prochlorococcaceae	Prochlorococcus	supervised
GCF_001184265.1_ASM118426v1_genomic	Leuconostoc mesenteroides		Bacillota	Bacilli	Lactobacillales	Lactobacillaceae	Leuconostoc	supervised
GCF_025188575.1_ASM2518857v1_genomic	Leuconostoc citreum		Bacillota	Bacilli	Lactobacillales	Lactobacillaceae	Leuconostoc	supervised
GCF_045559975.1_ASM4555997v1_genomic	Parasynechococcus sp.		Cyanobacteriota	Cyanophyceae	Synechococcales	Prochlorococcaceae	Parasynechococcus	supervised
GCF_025188365.1_ASM2518836v1_genomic	Leuconostoc mesenteroides		Bacillota	Bacilli	Lactobacillales	Lactobacillaceae	Leuconostoc	supervised
GCF_023630655.1_ASM2363065v1_genomic	Synechococcus sp. MU1655		Cyanobacteriota	Cyanophyceae	Synechococcales	Synechococcaceae	Synechococcus	supervised
GCF_014696355.1_ASM1469635v1_genomic	Pseudanabaena sp. FACHB-1998		Cyanobacteriota	Cyanophyceae	Pseudanabaenales	Pseudanabaenaceae	Pseudanabaena	supervised
GCF_047502685.1_ASM4750268v1_genomic	Synechococcus sp. OH20		Cyanobacteriota	Cyanophyceae	Synechococcales	Synechococcaceae	Synechococcus	supervised
GCF_002092735.1_ASM209273v1_genomic	Leuconostoc mesenteroides		Bacillota	Bacilli	Lactobacillales	Lactobacillaceae	Leuconostoc	supervised
GCF_047461735.1_ASM4746173v1_genomic	Synechococcus sp. R6-6		Cyanobacteriota	Cyanophyceae	Synechococcales	Synechococcaceae	Synechococcus	supervised
GCF_020514275.1_ASM2051427v1_genomic	Synechococcus sp. HBA1120		Cyanobacteriota	Cyanophyceae	Synechococcales	Synechococcaceae	Synechococcus	supervised
GCF_007989505.1_ASM798950v1_genomic	Leuconostoc mesenteroides		Bacillota	Bacilli	Lactobacillales	Lactobacillaceae	Leuconostoc	supervised
GCF_020245845.1_ASM2024584v1_genomic	Microcystis sp. M172S2		Cyanobacteriota	Cyanophyceae	Chroococcales	Microcystaceae	Microcystis	supervised
GCF_029823155.1_ASM2982315v1_genomic	Leuconostoc falkenbergense		Bacillota	Bacilli	Lactobacillales	Lactobacillaceae	Leuconostoc	supervised
GCF_022984195.1_ASM2298419v1_genomic	Synechococcus elongatus		Cyanobacteriota	Cyanophyceae	Synechococcales	Synechococcaceae	Synechococcus	supervised
GCF_002245985.1_ASM224598v1_genomic	Nostoc sp. 'Peltigera membranacea cyanobiont' 232		Cyanobacteriota	Cyanophyceae	Nostocales	Nostocaceae	Nostoc	supervised
GCF_000760195.1_ASM76019v1_genomic	Prochlorococcus sp. MIT 0602		Cyanobacteriota	Cyanophyceae	Synechococcales	Prochlorococcaceae	Prochlorococcus	supervised
GCF_036917875.1_ASM3691787v1_genomic	Nostoc sp.		Cyanobacteriota	Cyanophyceae	Nostocales	Nostocaceae	Nostoc	supervised
GCF_046507635.1_ASM4650763v1_genomic	Leuconostoc suionicum		Bacillota	Bacilli	Lactobacillales	Lactobacillaceae	Leuconostoc	supervised
GCF_002025445.1_KWv02_genomic	Microcystis aeruginosa		Cyanobacteriota	Cyanophyceae	Chroococcales	Microcystaceae	Microcystis	supervised
GCF_028618725.1_ASM2861872v1_genomic	Leuconostoc mesenteroides		Bacillota	Bacilli	Lactobacillales	Lactobacillaceae	Leuconostoc	supervised
GCF_902374135.1_MGYG-HGUT-01341_genomic	Leuconostoc mesenteroides		Bacillota	Bacilli	Lactobacillales	Lactobacillaceae	Leuconostoc	supervised
GCF_020246605.1_ASM2024660v1_genomic	Microcystis sp. M048S1		Cyanobacteriota	Cyanophyceae	Chroococcales	Microcystaceae	Microcystis	supervised
GCF_002804045.1_ASM280404v1_genomic	Leuconostoc citreum		Bacillota	Bacilli	Lactobacillales	Lactobacillaceae	Leuconostoc	supervised
GCF_943371325.1_JJ-ME9A6-316-8-m1-bin336_genomic	Synechococcus sp. UW140		Cyanobacteriota	Cyanophyceae	Synechococcales	Synechococcaceae	Synechococcus	supervised
GCF_025211315.1_ASM2521131v1_genomic	Leuconostoc falkenbergense		Bacillota	Bacilli	Lactobacillales	Lactobacillaceae	Leuconostoc	supervised
GCF_000759875.1_ASM75987v1_genomic	Prochlorococcus marinus		Cyanobacteriota	Cyanophyceae	Synechococcales	Prochlorococcaceae	Prochlorococcus	supervised
GCF_036916695.1_ASM3691669v1_genomic	Nostoc sp.		Cyanobacteriota	Cyanophyceae	Nostocales	Nostocaceae	Nostoc	supervised
GCF_046306685.1_ASM4630668v1_genomic	Microcystis sp.		Cyanobacteriota	Cyanophyceae	Chroococcales	Microcystaceae	Microcystis	supervised
GCF_047462195.1_ASM4746219v1_genomic	Synechococcus sp. R3-13		Cyanobacteriota	Cyanophyceae	Synechococcales	Synechococcaceae	Synechococcus	supervised
GCF_047727405.1_ASM4772740v1_genomic	Leuconostoc falkenbergense		Bacillota	Bacilli	Lactobacillales	Lactobacillaceae	Leuconostoc	supervised
GCF_009913935.1_ASM991393v1_genomic	Leuconostoc mesenteroides		Bacillota	Bacilli	Lactobacillales	Lactobacillaceae	Leuconostoc	supervised
GCF_014634805.1_ASM1463480v1_genomic	Leuconostoc falkenbergense		Bacillota	Bacilli	Lactobacillales	Lactobacillaceae	Leuconostoc	supervised
GCF_030019555.1_ASM3001955v1_genomic	Leuconostoc suionicum		Bacillota	Bacilli	Lactobacillales	Lactobacillaceae	Leuconostoc	supervised
GCF_027531725.1_ASM2753172v1_genomic	Microcystis sp. LE19-55.1A		Cyanobacteriota	Cyanophyceae	Chroococcales	Microcystaceae	Microcystis	supervised
GCF_000196855.1_ASM19685v1_genomic	Leuconostoc gasicomitatum		Bacillota	Bacilli	Lactobacillales	Lactobacillaceae	Leuconostoc	supervised
GCF_012933605.1_ASM1293360v1_genomic	Prochlorococcus sp. P1344		Cyanobacteriota	Cyanophyceae	Synechococcales	Prochlorococcaceae	Prochlorococcus	supervised
GCF_019926925.1_ASM1992692v1_genomic	Leuconostoc mesenteroides		Bacillota	Bacilli	Lactobacillales	Lactobacillaceae	Leuconostoc	supervised
GCF_036919895.1_ASM3691989v1_genomic	Nostoc sp.		Cyanobacteriota	Cyanophyceae	Nostocales	Nostocaceae	Nostoc	supervised
GCF_963885345.1_ena-yuan-GCF_006937785.1_genomic	Pseudanabaena sp. UWO311		Cyanobacteriota	Cyanophyceae	Pseudanabaenales	Pseudanabaenaceae	Pseudanabaena	supervised
GCF_003011125.1_ASM301112v1_genomic	Synechococcus lacustris		Cyanobacteriota	Cyanophyceae	Synechococcales	Synechococcaceae	Synechococcus	supervised
GCF_030017075.1_ASM3001707v1_genomic	Leuconostoc falkenbergense		Bacillota	Bacilli	Lactobacillales	Lactobacillaceae	Leuconostoc	supervised
GCF_020089425.1_ASM2008942v1_genomic	Leuconostoc gelidum		Bacillota	Bacilli	Lactobacillales	Lactobacillaceae	Leuconostoc	supervised
GCF_943372525.1_JJ-MIK16A5-260-1-mx-bin673_genomic	Synechococcus sp. UW140		Cyanobacteriota	Cyanophyceae	Synechococcales	Synechococcaceae	Synechococcus	supervised
GCF_019137795.1_ASM1913779v1_genomic	Picosynechococcus sp. PCC 7002		Cyanobacteriota	Cyanophyceae	Chroococcales	Geminocystaceae	Picosynechococcus	supervised
GCF_900473955.1_GEYO_genomic	Synechococcus sp. GEYO		Cyanobacteriota	Cyanophyceae	Synechococcales	Synechococcaceae	Synechococcus	supervised
GCF_028619145.1_ASM2861914v1_genomic	Leuconostoc mesenteroides		Bacillota	Bacilli	Lactobacillales	Lactobacillaceae	Leuconostoc	supervised
GCF_017114985.1_ASM1711498v1_genomic	Nostoc sp. JL33		Cyanobacteriota	Cyanophyceae	Nostocales	Nostocaceae	Nostoc	supervised
GCF_008579445.1_ASM857944v1_genomic	Microcystis aeruginosa		Cyanobacteriota	Cyanophyceae	Chroococcales	Microcystaceae	Microcystis	supervised
GCF_008107645.1_ASM810764v1_genomic	Leuconostoc litchii		Bacillota	Bacilli	Lactobacillales	Lactobacillaceae	Leuconostoc	supervised
GCF_000012465.1_ASM1246v1_genomic	Prochlorococcus marinus		Cyanobacteriota	Cyanophyceae	Synechococcales	Prochlorococcaceae	Prochlorococcus	supervised
GCF_026222535.1_ASM2622253v1_genomic	Microcystis aeruginosa		Cyanobacteriota	Cyanophyceae	Chroococcales	Microcystaceae	Microcystis	supervised
GCF_008689685.1_ASM868968v1_genomic	Leuconostoc mesenteroides		Bacillota	Bacilli	Lactobacillales	Lactobacillaceae	Leuconostoc	supervised
GCF_000715475.1_ASM71547v1_genomic	Picosynechococcus sp. NKBG042902		Cyanobacteriota	Cyanophyceae	Chroococcales	Geminocystaceae	Picosynechococcus	supervised
GCF_020245895.1_ASM2024589v1_genomic	Microcystis sp. M162S2		Cyanobacteriota	Cyanophyceae	Chroococcales	Microcystaceae	Microcystis	supervised
GCF_047461475.1_ASM4746147v1_genomic	Synechococcus sp. WC10meta		Cyanobacteriota	Cyanophyceae	Synechococcales	Synechococcaceae	Synechococcus	supervised
GCF_032007065.1_ASM3200706v1_genomic	Leuconostoc lactis		Bacillota	Bacilli	Lactobacillales	Lactobacillaceae	Leuconostoc	supervised
GCF_002591805.1_ASM259180v1_genomic	Leuconostoc citreum		Bacillota	Bacilli	Lactobacillales	Lactobacillaceae	Leuconostoc	supervised
GCF_000760155.1_ASM76015v1_genomic	Prochlorococcus marinus		Cyanobacteriota	Cyanophyceae	Synechococcales	Prochlorococcaceae	Prochlorococcus	supervised
GCF_014696385.1_ASM1469638v1_genomic	Pseudanabaena mucicola		Cyanobacteriota	Cyanophyceae	Pseudanabaenales	Pseudanabaenaceae	Pseudanabaena	supervised
GCF_035343835.1_ASM3534383v1_genomic	Nostocoides sp.		Actinomycetota	Actinomycetes	Micrococcales	Intrasporangiaceae	Nostocoides	supervised
GCF_028331085.1_ASM2833108v1_genomic	Anabaena sp. CS-542/02		Cyanobacteriota	Cyanophyceae	Nostocales	Nostocaceae	Anabaena	supervised
GCF_014279595.1_ASM1427959v1_genomic	Synechococcus sp. RS9909		Cyanobacteriota	Cyanophyceae	Synechococcales	Synechococcaceae	Synechococcus	supervised
GCF_007954525.1_ASM795452v1_genomic	Leuconostoc carnosum		Bacillota	Bacilli	Lactobacillales	Lactobacillaceae	Leuconostoc	supervised
GCF_964186945.1_AMBP-0458_genomic	Leuconostoc pseudomesenteroides		Bacillota	Bacilli	Lactobacillales	Lactobacillaceae	Leuconostoc	supervised
GCF_015840715.1_ASM1584071v1_genomic	Synechococcus sp. CBW1004		Cyanobacteriota	Cyanophyceae	Synechococcales	Synechococcaceae	Synechococcus	supervised
GCF_036917735.1_ASM3691773v1_genomic	Nostoc sp.		Cyanobacteriota	Cyanophyceae	Nostocales	Nostocaceae	Nostoc	supervised
GCF_047461915.1_ASM4746191v1_genomic	Synechococcus sp. R55.5		Cyanobacteriota	Cyanophyceae	Synechococcales	Synechococcaceae	Synechococcus	supervised
GCF_000298875.1_ASM29887v1_genomic	Leuconostoc gelidum		Bacillota	Bacilli	Lactobacillales	Lactobacillaceae	Leuconostoc	supervised
GCF_964187045.1_AMBF-0233_genomic	Leuconostoc citreum		Bacillota	Bacilli	Lactobacillales	Lactobacillaceae	Leuconostoc	supervised
GCF_015714705.1_ASM1571470v1_genomic	Nostoc sp. NZL		Cyanobacteriota	Cyanophyceae	Nostocales	Nostocaceae	Nostoc	supervised
GCF_025211425.1_ASM2521142v1_genomic	Leuconostoc falkenbergense		Bacillota	Bacilli	Lactobacillales	Lactobacillaceae	Leuconostoc	supervised
GCF_029823215.1_ASM2982321v1_genomic	Leuconostoc mesenteroides		Bacillota	Bacilli	Lactobacillales	Lactobacillaceae	Leuconostoc	supervised
GCF_014466085.1_ASM1446608v1_genomic	Thermosynechococcus sp. OHK43		Cyanobacteriota	Cyanophyceae	Acaryochloridales	Thermosynechococcaceae	Thermosynechococcus	supervised
GCF_020246135.1_ASM2024613v1_genomic	Microcystis sp. M135S2		Cyanobacteriota	Cyanophyceae	Chroococcales	Microcystaceae	Microcystis	supervised
GCF_900474185.1_UW69_genomic	Synechococcus sp. UW69		Cyanobacteriota	Cyanophyceae	Synechococcales	Synechococcaceae	Synechococcus	supervised
GCF_023743995.1_ASM2374399v1_genomic	Leuconostoc mesenteroides		Bacillota	Bacilli	Lactobacillales	Lactobacillaceae	Leuconostoc	supervised
GCF_003433375.1_ASM343337v1_genomic	Leuconostoc mesenteroides		Bacillota	Bacilli	Lactobacillales	Lactobacillaceae	Leuconostoc	supervised
GCF_963920915.1_CCY9926_genomic	Nostoc sp. PCC 9305		Cyanobacteriota	Cyanophyceae	Nostocales	Nostocaceae	Nostoc	supervised
GCF_020244715.1_ASM2024471v1_genomic	Microcystis sp. M57BS1		Cyanobacteriota	Cyanophyceae	Chroococcales	Microcystaceae	Microcystis	supervised
GCF_000013205.1_ASM1320v1_genomic	Synechococcus sp. JA-3-3Ab		Cyanobacteriota	Cyanophyceae	Synechococcales	Synechococcaceae	Synechococcus	supervised
GCF_900474245.1_UW179B_genomic	Synechococcus sp. UW179B		Cyanobacteriota	Cyanophyceae	Synechococcales	Synechococcaceae	Synechococcus	supervised
GCF_047502715.1_ASM4750271v1_genomic	Synechococcus sp. H55.10		Cyanobacteriota	Cyanophyceae	Synechococcales	Synechococcaceae	Synechococcus	supervised
GCF_965137125.1_CIP110986T_genomic	Leuconostoc rapi		Bacillota	Bacilli	Lactobacillales	Lactobacillaceae	Leuconostoc	supervised
GCF_035638895.1_ASM3563889v1_genomic	Nostoc sp.		Cyanobacteriota	Cyanophyceae	Nostocales	Nostocaceae	Nostoc	supervised
GCF_001693255.1_ASM169325v1_genomic	Picosynechococcus sp. PCC 7003		Cyanobacteriota	Cyanophyceae	Chroococcales	Geminocystaceae	Picosynechococcus	supervised
GCF_023218865.1_ASM2321886v1_genomic	Leuconostoc citreum		Bacillota	Bacilli	Lactobacillales	Lactobacillaceae	Leuconostoc	supervised
GCF_019927065.1_ASM1992706v1_genomic	Leuconostoc mesenteroides		Bacillota	Bacilli	Lactobacillales	Lactobacillaceae	Leuconostoc	supervised
GCF_014698415.1_ASM1469841v1_genomic	Synechococcus elongatus		Cyanobacteriota	Cyanophyceae	Synechococcales	Synechococcaceae	Synechococcus	supervised
GCF_028619265.1_ASM2861926v1_genomic	Leuconostoc mesenteroides		Bacillota	Bacilli	Lactobacillales	Lactobacillaceae	Leuconostoc	supervised
GCF_047305015.1_ASM4730501v1_genomic	Prochlorococcus sp. MIT 1304		Cyanobacteriota	Cyanophyceae	Synechococcales	Prochlorococcaceae	Prochlorococcus	supervised
GCF_046306435.1_ASM4630643v1_genomic	Microcystis sp.		Cyanobacteriota	Cyanophyceae	Chroococcales	Microcystaceae	Microcystis	supervised
GCF_021172085.1_ASM2117208v1_genomic	Microcystis aeruginosa		Cyanobacteriota	Cyanophyceae	Chroococcales	Microcystaceae	Microcystis	supervised
GCF_963875825.1_ena-yuan-GCF_002813575.1_genomic	Nostoc flagelliforme		Cyanobacteriota	Cyanophyceae	Nostocales	Nostocaceae	Nostoc	supervised
GCF_028619395.1_ASM2861939v1_genomic	Leuconostoc mesenteroides		Bacillota	Bacilli	Lactobacillales	Lactobacillaceae	Leuconostoc	supervised
GCF_020246545.1_ASM2024654v1_genomic	Microcystis sp. M058S1		Cyanobacteriota	Cyanophyceae	Chroococcales	Microcystaceae	Microcystis	supervised
GCF_028620115.1_ASM2862011v1_genomic	Leuconostoc mesenteroides		Bacillota	Bacilli	Lactobacillales	Lactobacillaceae	Leuconostoc	supervised
GCF_014696465.1_ASM1469646v1_genomic	Anabaena cylindrica		Cyanobacteriota	Cyanophyceae	Nostocales	Nostocaceae	Anabaena	supervised
GCF_004368765.1_ASM436876v1_genomic	Leuconostoc mesenteroides		Bacillota	Bacilli	Lactobacillales	Lactobacillaceae	Leuconostoc	supervised
GCF_006861605.1_ASM686160v1_genomic	Pseudanabaena sp. UWO310		Cyanobacteriota	Cyanophyceae	Pseudanabaenales	Pseudanabaenaceae	Pseudanabaena	supervised
GCF_007095705.1_ASM709570v1_genomic	Microcystis sp. Msp_OC_L_20101000_S702		Cyanobacteriota	Cyanophyceae	Chroococcales	Microcystaceae	Microcystis	supervised
GCF_001632045.1_ASM163204v1_genomic	Prochlorococcus marinus		Cyanobacteriota	Cyanophyceae	Synechococcales	Prochlorococcaceae	Prochlorococcus	supervised
GCF_024345415.1_ASM2434541v1_genomic	Synechococcus sp. Tobar12-5m-g		Cyanobacteriota	Cyanophyceae	Synechococcales	Synechococcaceae	Synechococcus	supervised
GCF_047302795.1_ASM4730279v1_genomic	Prochlorococcus marinus		Cyanobacteriota	Cyanophyceae	Synechococcales	Prochlorococcaceae	Prochlorococcus	supervised
GCF_025211285.1_ASM2521128v1_genomic	Leuconostoc suionicum		Bacillota	Bacilli	Lactobacillales	Lactobacillaceae	Leuconostoc	supervised
GCF_020245405.1_ASM2024540v1_genomic	Microcystis sp. M099S2		Cyanobacteriota	Cyanophyceae	Chroococcales	Microcystaceae	Microcystis	supervised
GCF_016127255.1_ASM1612725v1_genomic	Leuconostoc pseudomesenteroides		Bacillota	Bacilli	Lactobacillales	Lactobacillaceae	Leuconostoc	supervised
GCF_047462535.1_ASM4746253v1_genomic	Synechococcus sp. B60.2		Cyanobacteriota	Cyanophyceae	Synechococcales	Synechococcaceae	Synechococcus	supervised
GCF_000312165.1_ASM31216v1_genomic	Microcystis aeruginosa		Cyanobacteriota	Cyanophyceae	Chroococcales	Microcystaceae	Microcystis	supervised
GCF_036917555.1_ASM3691755v1_genomic	Nostoc sp.		Cyanobacteriota	Cyanophyceae	Nostocales	Nostocaceae	Nostoc	supervised
GCF_019927205.1_ASM1992720v1_genomic	Leuconostoc mesenteroides		Bacillota	Bacilli	Lactobacillales	Lactobacillaceae	Leuconostoc	supervised
GCF_002154725.1_ASM215472v1_genomic	Nostoc sp. 106C		Cyanobacteriota	Cyanophyceae	Nostocales	Nostocaceae	Nostoc	supervised
GCF_014696905.1_ASM1469690v1_genomic	Nostoc sp. FACHB-190		Cyanobacteriota	Cyanophyceae	Nostocales	Nostocaceae	Nostoc	supervised
GCF_028619915.1_ASM2861991v1_genomic	Leuconostoc mesenteroides		Bacillota	Bacilli	Lactobacillales	Lactobacillaceae	Leuconostoc	supervised
GCF_020245965.1_ASM2024596v1_genomic	Microcystis sp. M158S2		Cyanobacteriota	Cyanophyceae	Chroococcales	Microcystaceae	Microcystis	supervised
GCF_002607965.1_ASM260796v1_genomic	Nostoc linckia		Cyanobacteriota	Cyanophyceae	Nostocales	Nostocaceae	Nostoc	supervised
GCF_000760055.1_ASM76005v1_genomic	Prochlorococcus marinus		Cyanobacteriota	Cyanophyceae	Synechococcales	Prochlorococcaceae	Prochlorococcus	supervised
GCF_046316385.1_ASM4631638v1_genomic	Microcystis sp.		Cyanobacteriota	Cyanophyceae	Chroococcales	Microcystaceae	Microcystis	supervised
GCF_047356775.1_CIB_Lmes_genomic	Leuconostoc mesenteroides		Bacillota	Bacilli	Lactobacillales	Lactobacillaceae	Leuconostoc	supervised
GCF_003846445.2_ASM384644v2_genomic	Synechococcus elongatus		Cyanobacteriota	Cyanophyceae	Synechococcales	Synechococcaceae	Synechococcus	supervised
GCF_028618765.1_ASM2861876v1_genomic	Leuconostoc mesenteroides		Bacillota	Bacilli	Lactobacillales	Lactobacillaceae	Leuconostoc	supervised
GCF_945905385.1_ZE-13nov19-350_genomic	Synechococcus sp. UW140		Cyanobacteriota	Cyanophyceae	Synechococcales	Synechococcaceae	Synechococcus	supervised
GCF_020244575.1_ASM2024457v1_genomic	Microcystis sp. M61BS1		Cyanobacteriota	Cyanophyceae	Chroococcales	Microcystaceae	Microcystis	supervised
GCF_000332135.1_ASM33213v1_genomic	Anabaena sp. PCC 7108		Cyanobacteriota	Cyanophyceae	Nostocales	Nostocaceae	Anabaena	supervised
GCF_943372175.1_JJ-MEM5D2-223-1-mx-bin669_genomic	Synechococcus sp. UW140		Cyanobacteriota	Cyanophyceae	Synechococcales	Synechococcaceae	Synechococcus	supervised
GCF_028619005.1_ASM2861900v1_genomic	Leuconostoc mesenteroides		Bacillota	Bacilli	Lactobacillales	Lactobacillaceae	Leuconostoc	supervised
GCF_000166715.1_ASM16671v1_genomic	Leuconostoc gelidum		Bacillota	Bacilli	Lactobacillales	Lactobacillaceae	Leuconostoc	supervised
GCF_034092465.1_ASM3409246v1_genomic	Prochlorococcus sp. MIT 1223		Cyanobacteriota	Cyanophyceae	Synechococcales	Prochlorococcaceae	Prochlorococcus	supervised
GCF_036917195.1_ASM3691719v1_genomic	Nostoc sp.		Cyanobacteriota	Cyanophyceae	Nostocales	Nostocaceae	Nostoc	supervised
GCF_036917835.1_ASM3691783v1_genomic	Nostoc sp.		Cyanobacteriota	Cyanophyceae	Nostocales	Nostocaceae	Nostoc	supervised
GCF_047502655.1_ASM4750265v1_genomic	Synechococcus sp. R5-12		Cyanobacteriota	Cyanophyceae	Synechococcales	Synechococcaceae	Synechococcus	supervised
GCF_004167235.1_ASM416723v1_genomic	Leuconostoc lactis		Bacillota	Bacilli	Lactobacillales	Lactobacillaceae	Leuconostoc	supervised
GCF_000153805.1_ASM15380v1_genomic	Synechococcus sp. BL107		Cyanobacteriota	Cyanophyceae	Synechococcales	Synechococcaceae	Synechococcus	supervised
GCF_030361025.1_ASM3036102v1_genomic	Leuconostoc falkenbergense		Bacillota	Bacilli	Lactobacillales	Lactobacillaceae	Leuconostoc	supervised
GCF_047304685.1_ASM4730468v1_genomic	Prochlorococcus sp. MIT 9311		Cyanobacteriota	Cyanophyceae	Synechococcales	Prochlorococcaceae	Prochlorococcus	supervised
GCF_027530875.1_ASM2753087v1_genomic	Microcystis sp. LE17-20A		Cyanobacteriota	Cyanophyceae	Chroococcales	Microcystaceae	Microcystis	supervised
GCF_013414845.1_ASM1341484v1_genomic	Leuconostoc sp. DB-1		Bacillota	Bacilli	Lactobacillales	Lactobacillaceae	Leuconostoc	supervised
GCF_014280175.1_ASM1428017v1_genomic	Synechococcus sp. A15-28		Cyanobacteriota	Cyanophyceae	Synechococcales	Synechococcaceae	Synechococcus	supervised
GCF_964242865.1_public_SRR1531545_metawrap_bin.1_genomic	uncultured Nostoc sp.		Cyanobacteriota	Cyanophyceae	Nostocales	Nostocaceae	Nostoc	supervised
GCF_019324925.1_ASM1932492v1_genomic	Prochlorococcus marinus		Cyanobacteriota	Cyanophyceae	Synechococcales	Prochlorococcaceae	Prochlorococcus	supervised
GCF_007095515.1_ASM709551v1_genomic	Microcystis sp. M_QC_C_20170808_M2Col		Cyanobacteriota	Cyanophyceae	Chroococcales	Microcystaceae	Microcystis	supervised
2025206003_7	2025206003_7							unsupervised
2049941000_57	2049941000_57							unsupervised
3300029826_12	3300029826_12							unsupervised
3300029656_23	3300029656_23							unsupervised
3300012862_12	3300012862_12							unsupervised
3300027323_29	3300027323_29							unsupervised
3300029482_16	3300029482_16							unsupervised
3300011963_2	3300011963_2							unsupervised
3300029821_20	3300029821_20							unsupervised
3300006298_12	3300006298_12							unsupervised
3300029530_13	3300029530_13							unsupervised
3300011146_5	3300011146_5							unsupervised
3300013406_1	3300013406_1							unsupervised
3300011974_21	3300011974_21							unsupervised
3300022377_8	3300022377_8							unsupervised
3300029790_33	3300029790_33							unsupervised
3300029229_21	3300029229_21							unsupervised
3300020139_8	3300020139_8							unsupervised
3300029310_21	3300029310_21							unsupervised
3300027566_22	3300027566_22							unsupervised
3300007648_15	3300007648_15							unsupervised
3300005962_4	3300005962_4							unsupervised
3300029784_7	3300029784_7							unsupervised
3300029475_7	3300029475_7							unsupervised
3300027976_75	3300027976_75							unsupervised
3300017398_25	3300017398_25							unsupervised
3300028981_3	3300028981_3							unsupervised
3300029717_22	3300029717_22							unsupervised
3300002481_10	3300002481_10							unsupervised
3300028048_115	3300028048_115							unsupervised
3300021604_25	3300021604_25							unsupervised
3300029706_7	3300029706_7							unsupervised
3300013997_2	3300013997_2							unsupervised
3300008556_12	3300008556_12							unsupervised
3300012811_2	3300012811_2							unsupervised
3300017419_20	3300017419_20							unsupervised
3300029356_9	3300029356_9							unsupervised
3300029237_9	3300029237_9							unsupervised
3300025109_5	3300025109_5							unsupervised
3300026964_2	3300026964_2							unsupervised
3300011497_2	3300011497_2							unsupervised
3300025105_26	3300025105_26							unsupervised
3300007991_29	3300007991_29							unsupervised
3300012609_2	3300012609_2							unsupervised
3300029881_15	3300029881_15							unsupervised
3300029790_24	3300029790_24							unsupervised
3300025689_28	3300025689_28							unsupervised
3300014570_11	3300014570_11							unsupervised
3300012850_6	3300012850_6							unsupervised
3300029214_15	3300029214_15							unsupervised
3300012464_1	3300012464_1							unsupervised
3300007722_66	3300007722_66							unsupervised
3300029717_37	3300029717_37							unsupervised
3300022929_37	3300022929_37							unsupervised
3300013669_1	3300013669_1							unsupervised
3300029713_28	3300029713_28							unsupervised
3300029327_12	3300029327_12							unsupervised
3300025349_8	3300025349_8							unsupervised
3300029333_17	3300029333_17							unsupervised
3300026287_13	3300026287_13							unsupervised
3300029343_17	3300029343_17							unsupervised
3300006476_17	3300006476_17							unsupervised
3300013667_2	3300013667_2							unsupervised
3300025272_12	3300025272_12							unsupervised
3300028971_7	3300028971_7							unsupervised
3300026561_12	3300026561_12							unsupervised
3300029176_4	3300029176_4							unsupervised
3300025546_9	3300025546_9							unsupervised
3300011383_2	3300011383_2							unsupervised
3300025775_18	3300025775_18							unsupervised
3300025689_39	3300025689_39							unsupervised
3300021279_6	3300021279_6							unsupervised
3300008142_14	3300008142_14							unsupervised
3300008461_3	3300008461_3							unsupervised
3300029730_19	3300029730_19							unsupervised
3300029204_24	3300029204_24							unsupervised
3300029572_16	3300029572_16							unsupervised
3300009772_19	3300009772_19							unsupervised
3300005326_59	3300005326_59							unsupervised
3300020144_14	3300020144_14							unsupervised
3300012170_6	3300012170_6							unsupervised
3300026086_7	3300026086_7							unsupervised
3300029041_7	3300029041_7							unsupervised
3300008405_8	3300008405_8							unsupervised
3300029854_6	3300029854_6							unsupervised
3300011357_1	3300011357_1							unsupervised
3300025770_22	3300025770_22							unsupervised
3300027847_79	3300027847_79							unsupervised
3300025961_25	3300025961_25							unsupervised
3300018015_23	3300018015_23							unsupervised
3300029251_19	3300029251_19							unsupervised
3300013123_81	3300013123_81							unsupervised
3300024261_29	3300024261_29							unsupervised
3300021089_17	3300021089_17							unsupervised
3300029214_7	3300029214_7							unsupervised
3300010265_22	3300010265_22							unsupervised
3300020221_78	3300020221_78							unsupervised
3300027983_58	3300027983_58							unsupervised
3300000216_12	3300000216_12							unsupervised
3300029394_24	3300029394_24							unsupervised
3300017406_10	3300017406_10							unsupervised
3300012849_10	3300012849_10							unsupervised
3300007884_1	3300007884_1							unsupervised
3300025608_6	3300025608_6							unsupervised
3300009702_53	3300009702_53							unsupervised
3300007272_15	3300007272_15							unsupervised
3300011501_1	3300011501_1							unsupervised
3300015370_25	3300015370_25							unsupervised
3300014551_7	3300014551_7							unsupervised
3300008638_33	3300008638_33							unsupervised
3300029437_31	3300029437_31							unsupervised
3300029769_16	3300029769_16							unsupervised
3300011556_1	3300011556_1							unsupervised
3300025522_6	3300025522_6							unsupervised
3300011825_7	3300011825_7							unsupervised
3300027859_12	3300027859_12							unsupervised
3300025206_3	3300025206_3							unsupervised
3300029232_16	3300029232_16							unsupervised
3300014787_14	3300014787_14							unsupervised
3300014824_19	3300014824_19							unsupervised
3300029137_6	3300029137_6							unsupervised
3300012291_1	3300012291_1							unsupervised
3300029707_22	3300029707_22							unsupervised
3300018065_43	3300018065_43							unsupervised
3300010261_19	3300010261_19							unsupervised
3300025682_24	3300025682_24							unsupervised
3300025740_34	3300025740_34							unsupervised
3300007787_4	3300007787_4							unsupervised
3300029386_16	3300029386_16							unsupervised
3300029474_18	3300029474_18							unsupervised
3300007949_2	3300007949_2							unsupervised
3300026875_1	3300026875_1							unsupervised
3300025770_37	3300025770_37							unsupervised
3300012809_6	3300012809_6							unsupervised
3300029204_11	3300029204_11							unsupervised
3300028284_9	3300028284_9							unsupervised
3300013126_27	3300013126_27							unsupervised
3300008142_28	3300008142_28							unsupervised
3300029764_9	3300029764_9							unsupervised
3300014956_11	3300014956_11							unsupervised
3300027820_12	3300027820_12							unsupervised
3300029743_10	3300029743_10							unsupervised
3300029593_18	3300029593_18							unsupervised
3300014560_11	3300014560_11							unsupervised
3300011578_1	3300011578_1							unsupervised
3300029741_7	3300029741_7							unsupervised
3300029611_10	3300029611_10							unsupervised
3300026289_26	3300026289_26							unsupervised
3300029722_15	3300029722_15							unsupervised
3300025094_29	3300025094_29							unsupervised
3300025618_8	3300025618_8							unsupervised
3300025094_22	3300025094_22							unsupervised
3300008664_21	3300008664_21							unsupervised
3300029359_21	3300029359_21							unsupervised
3300012840_9	3300012840_9							unsupervised
3300025682_32	3300025682_32							unsupervised
3300025737_51	3300025737_51							unsupervised
3300025927_21	3300025927_21							unsupervised
3300025729_23	3300025729_23							unsupervised
3300012108_2	3300012108_2							unsupervised
3300028399_12	3300028399_12							unsupervised
3300011924_1	3300011924_1							unsupervised
3300017467_7	3300017467_7							unsupervised
3300010153_7	3300010153_7							unsupervised
3300029612_21	3300029612_21							unsupervised
3300029559_16	3300029559_16							unsupervised
3300029520_13	3300029520_13							unsupervised
3300020196_52	3300020196_52							unsupervised
3300029100_8	3300029100_8							unsupervised
3300025882_5	3300025882_5							unsupervised
3300012973_25	3300012973_25							unsupervised
3300017402_8	3300017402_8							unsupervised
3300029708_12	3300029708_12							unsupervised
3300027276_30	3300027276_30							unsupervised
3300012273_7	3300012273_7							unsupervised
3300029875_15	3300029875_15							unsupervised
3300010283_13	3300010283_13							unsupervised
3300010270_36	3300010270_36							unsupervised
3300011787_3	3300011787_3							unsupervised
3300012075_11	3300012075_11							unsupervised
3300010270_44	3300010270_44							unsupervised
3300012837_9	3300012837_9							unsupervised
3300005298_21	3300005298_21							unsupervised
3300014571_9	3300014571_9							unsupervised
3300010280_19	3300010280_19							unsupervised
3300029512_12	3300029512_12							unsupervised
3300020109_64	3300020109_64							unsupervised
3300010260_12	3300010260_12							unsupervised
3300027690_65	3300027690_65							unsupervised
3300027690_16	3300027690_16							unsupervised
3300027373_6	3300027373_6							unsupervised
3300022661_125	3300022661_125							unsupervised
3300011834_6	3300011834_6							unsupervised
3300027896_119	3300027896_119							unsupervised
3300028483_6	3300028483_6							unsupervised
3300025458_21	3300025458_21							unsupervised
3300003114_3	3300003114_3							unsupervised
3300002544_1	3300002544_1							unsupervised
3300029013_3	3300029013_3							unsupervised
3300027283_27	3300027283_27							unsupervised
3300020690_1	3300020690_1							unsupervised
3300010274_21	3300010274_21							unsupervised
3300014954_17	3300014954_17							unsupervised
3300024301_42	3300024301_42							unsupervised
3300014755_14	3300014755_14							unsupervised
3300029126_6	3300029126_6							unsupervised
3300017419_31	3300017419_31							unsupervised
3300006226_65	3300006226_65							unsupervised
3300012832_7	3300012832_7							unsupervised
3300027839_100	3300027839_100							unsupervised
3300029700_23	3300029700_23							unsupervised
3300029791_15	3300029791_15							unsupervised
3300029819_17	3300029819_17							unsupervised
3300027262_11	3300027262_11							unsupervised
3300014555_5	3300014555_5							unsupervised
3300011834_8	3300011834_8							unsupervised
3300005529_26	3300005529_26							unsupervised
3300025618_40	3300025618_40							unsupervised
3300014655_7	3300014655_7							unsupervised
3300025597_18	3300025597_18							unsupervised
3300027867_8	3300027867_8							unsupervised
3300029856_28	3300029856_28							unsupervised
3300029893_10	3300029893_10							unsupervised
3300025516_16	3300025516_16							unsupervised
3300012889_40	3300012889_40							unsupervised
3300026288_35	3300026288_35							unsupervised
3300024490_1	3300024490_1							unsupervised
3300006200_1	3300006200_1							unsupervised
3300025052_11	3300025052_11							unsupervised
3300027819_61	3300027819_61							unsupervised
3300029780_12	3300029780_12							unsupervised
3300013753_8	3300013753_8							unsupervised
3300029256_12	3300029256_12							unsupervised
3300011459_1	3300011459_1							unsupervised
3300013126_109	3300013126_109							unsupervised
3300027796_43	3300027796_43							unsupervised
3300026127_1	3300026127_1							unsupervised
3300026851_4	3300026851_4							unsupervised
3300008361_2	3300008361_2							unsupervised
3300029588_15	3300029588_15							unsupervised
3300025618_26	3300025618_26							unsupervised
3300025730_36	3300025730_36							unsupervised
3300011491_1	3300011491_1							unsupervised
3300025230_9	3300025230_9							unsupervised
3300025237_2	3300025237_2							unsupervised
3300027028_10	3300027028_10							unsupervised
3300012825_4	3300012825_4							unsupervised
3300011665_4	3300011665_4							unsupervised
3300006257_9	3300006257_9							unsupervised
3300029696_20	3300029696_20							unsupervised
3300025724_22	3300025724_22							unsupervised
3300011226_3	3300011226_3							unsupervised
3300025662_24	3300025662_24							unsupervised
3300011747_3	3300011747_3							unsupervised
3300008482_15	3300008482_15							unsupervised
3300013660_1	3300013660_1							unsupervised
3300025656_18	3300025656_18							unsupervised
3300026095_31	3300026095_31							unsupervised
3300029461_8	3300029461_8							unsupervised
3300029880_14	3300029880_14							unsupervised
3300013283_2	3300013283_2							unsupervised
3300025295_12	3300025295_12							unsupervised
3300027607_33	3300027607_33							unsupervised
3300024975_8	3300024975_8							unsupervised
3300014549_6	3300014549_6							unsupervised
3300022753_100	3300022753_100							unsupervised
3300027797_30	3300027797_30							unsupervised
3300029589_28	3300029589_28							unsupervised
3300024930_3	3300024930_3							unsupervised
3300029610_30	3300029610_30							unsupervised
3300007317_17	3300007317_17							unsupervised
3300027967_14	3300027967_14							unsupervised
3300027815_37	3300027815_37							unsupervised
3300003130_3	3300003130_3							unsupervised
3300029426_5	3300029426_5							unsupervised
3300029425_15	3300029425_15							unsupervised
3300008748_10	3300008748_10							unsupervised
3300027515_10	3300027515_10							unsupervised
3300029432_24	3300029432_24							unsupervised
3300029315_8	3300029315_8							unsupervised
3300008520_38	3300008520_38							unsupervised
3300005529_32	3300005529_32							unsupervised
3300012808_8	3300012808_8							unsupervised
3300021093_72	3300021093_72							unsupervised
3300029119_10	3300029119_10							unsupervised
3300029566_27	3300029566_27							unsupervised
3300029703_13	3300029703_13							unsupervised
3300029773_13	3300029773_13							unsupervised
3300025696_13	3300025696_13							unsupervised
Antonospora	Antonospora							unsupervised
3300003109_2	3300003109_2							unsupervised
3300020341_4	3300020341_4							unsupervised
3300025029_2	3300025029_2							unsupervised
3300005958_4	3300005958_4							unsupervised
3300009709_21	3300009709_21							unsupervised
3300029377_34	3300029377_34							unsupervised
3300025248_4	3300025248_4							unsupervised
3300029378_23	3300029378_23							unsupervised
3300021343_17	3300021343_17							unsupervised
3300028570_38	3300028570_38							unsupervised
3300026969_3	3300026969_3							unsupervised
3300011970_5	3300011970_5							unsupervised
3300011618_1	3300011618_1							unsupervised
3300029544_10	3300029544_10							unsupervised
3300027645_7	3300027645_7							unsupervised
3300029060_18	3300029060_18							unsupervised
3300024923_3	3300024923_3							unsupervised
3300029742_31	3300029742_31							unsupervised
3300005253_7	3300005253_7							unsupervised
3300027353_7	3300027353_7							unsupervised
3300029217_6	3300029217_6							unsupervised
3300017816_10	3300017816_10							unsupervised
3300005286_24	3300005286_24							unsupervised
3300014545_5	3300014545_5							unsupervised
3300027744_10	3300027744_10							unsupervised
3300027328_19	3300027328_19							unsupervised
3300007501_3	3300007501_3							unsupervised
3300014037_28	3300014037_28							unsupervised
3300017513_31	3300017513_31							unsupervised
3300029473_11	3300029473_11							unsupervised
3300011215_8	3300011215_8							unsupervised
3300006525_18	3300006525_18							unsupervised
3300011790_6	3300011790_6							unsupervised
3300026035_37	3300026035_37							unsupervised
3300020189_33	3300020189_33							unsupervised
3300010269_17	3300010269_17							unsupervised
3300029566_26	3300029566_26							unsupervised
3300029482_4	3300029482_4							unsupervised
3300006499_24	3300006499_24							unsupervised
3300029030_2	3300029030_2							unsupervised
3300029540_19	3300029540_19							unsupervised
3300011357_2	3300011357_2							unsupervised
3300002481_33	3300002481_33							unsupervised
3300029350_14	3300029350_14							unsupervised
3300021125_2	3300021125_2							unsupervised
3300025881_45	3300025881_45							unsupervised
3300025094_31	3300025094_31							unsupervised
3300025617_33	3300025617_33							unsupervised
3300010273_34	3300010273_34							unsupervised
3300029380_31	3300029380_31							unsupervised
3300029365_20	3300029365_20							unsupervised
3300008142_33	3300008142_33							unsupervised
3300005460_37	3300005460_37							unsupervised
3300013876_5	3300013876_5							unsupervised
3300008270_3	3300008270_3							unsupervised
3300008301_1	3300008301_1							unsupervised
3300029688_27	3300029688_27							unsupervised
3300007732_7	3300007732_7							unsupervised
3300022738_8	3300022738_8							unsupervised
3300023104_6	3300023104_6							unsupervised
3300029508_14	3300029508_14							unsupervised
3300029886_13	3300029886_13							unsupervised
3300009503_140	3300009503_140							unsupervised
3300012817_7	3300012817_7							unsupervised
3300025079_2	3300025079_2							unsupervised
3300029133_25	3300029133_25							unsupervised
3300029708_23	3300029708_23							unsupervised
3300029478_13	3300029478_13							unsupervised
3300017509_32	3300017509_32							unsupervised
3300020396_7	3300020396_7							unsupervised
3300029428_9	3300029428_9							unsupervised
3300029470_8	3300029470_8							unsupervised
3300029254_8	3300029254_8							unsupervised
3300011769_4	3300011769_4							unsupervised
3300021400_58	3300021400_58							unsupervised
3300000394_2	3300000394_2							unsupervised
3300029747_25	3300029747_25							unsupervised
3300027851_44	3300027851_44							unsupervised
3300026848_9	3300026848_9							unsupervised
3300008739_4	3300008739_4							unsupervised
3300014529_3	3300014529_3							unsupervised
3300028066_2	3300028066_2							unsupervised
3300028561_39	3300028561_39							unsupervised
3300022143_4	3300022143_4							unsupervised
3300029784_13	3300029784_13							unsupervised
3300029700_30	3300029700_30							unsupervised
3300021093_31	3300021093_31							unsupervised
3300029515_12	3300029515_12							unsupervised
3300011735_1	3300011735_1							unsupervised
3300029243_27	3300029243_27							unsupervised
3300011136_3	3300011136_3							unsupervised
3300005512_26	3300005512_26							unsupervised
3300012879_10	3300012879_10							unsupervised
3300029416_6	3300029416_6							unsupervised
3300026964_3	3300026964_3							unsupervised
3300012889_27	3300012889_27							unsupervised
3300029119_26	3300029119_26							unsupervised
3300005279_13	3300005279_13							unsupervised
3300029497_12	3300029497_12							unsupervised
3300022909_23	3300022909_23							unsupervised
3300020171_9	3300020171_9							unsupervised
3300008575_3	3300008575_3							unsupervised
3300025344_2	3300025344_2							unsupervised
3300012806_2	3300012806_2							unsupervised
3300029068_1	3300029068_1							unsupervised
3300007664_24	3300007664_24							unsupervised
3300027815_65	3300027815_65							unsupervised
3300007353_10	3300007353_10							unsupervised
3300029577_17	3300029577_17							unsupervised
3300017494_19	3300017494_19							unsupervised
3300008136_14	3300008136_14							unsupervised
3300027958_38	3300027958_38							unsupervised
3300029494_22	3300029494_22							unsupervised
3300027028_8	3300027028_8							unsupervised
3300025913_95	3300025913_95							unsupervised
3300029425_17	3300029425_17							unsupervised
3300014047_7	3300014047_7							unsupervised
3300007966_12	3300007966_12							unsupervised
3300012864_7	3300012864_7							unsupervised
3300014964_48	3300014964_48							unsupervised
3300021426_60	3300021426_60							unsupervised
3300008268_16	3300008268_16							unsupervised
3300022227_39	3300022227_39							unsupervised
3300025623_31	3300025623_31							unsupervised
3300029538_22	3300029538_22							unsupervised
3300027668_9	3300027668_9							unsupervised
3300026278_12	3300026278_12							unsupervised
3300010428_20	3300010428_20							unsupervised
3300029718_19	3300029718_19							unsupervised
3300014844_1	3300014844_1							unsupervised
3300025648_13	3300025648_13							unsupervised
3300022660_139	3300022660_139							unsupervised
3300018790_9	3300018790_9							unsupervised
3300021414_5	3300021414_5							unsupervised
3300024911_3	3300024911_3							unsupervised
3300027980_28	3300027980_28							unsupervised
3300017532_30	3300017532_30							unsupervised
3300011726_2	3300011726_2							unsupervised
3300029595_9	3300029595_9							unsupervised
3300007646_4	3300007646_4							unsupervised
3300029745_18	3300029745_18							unsupervised
3300025602_12	3300025602_12							unsupervised
3300007722_74	3300007722_74							unsupervised
3300029620_26	3300029620_26							unsupervised
3300011610_1	3300011610_1							unsupervised
3300029195_11	3300029195_11							unsupervised
3300029252_12	3300029252_12							unsupervised
3300025347_10	3300025347_10							unsupervised
3300025118_8	3300025118_8							unsupervised
3300006001_3	3300006001_3							unsupervised
3300011861_1	3300011861_1							unsupervised
3300029661_24	3300029661_24							unsupervised
3300025298_14	3300025298_14							unsupervised
3300027980_36	3300027980_36							unsupervised
3300029492_30	3300029492_30							unsupervised
3300029114_23	3300029114_23							unsupervised
3300029488_18	3300029488_18							unsupervised
3300007640_5	3300007640_5							unsupervised
3300029583_20	3300029583_20							unsupervised
3300010285_26	3300010285_26							unsupervised
3300013495_1	3300013495_1							unsupervised
3300011362_2	3300011362_2							unsupervised
3300008271_30	3300008271_30							unsupervised
3300005958_6	3300005958_6							unsupervised
3300009767_14	3300009767_14							unsupervised
3300029885_11	3300029885_11							unsupervised
3300005291_1	3300005291_1							unsupervised
3300008479_21	3300008479_21							unsupervised
3300029874_19	3300029874_19							unsupervised
3300012852_11	3300012852_11							unsupervised
3300025651_3	3300025651_3							unsupervised
3300029126_15	3300029126_15							unsupervised
3300022661_128	3300022661_128							unsupervised
3300025525_14	3300025525_14							unsupervised
3300029712_19	3300029712_19							unsupervised
3300018878_143	3300018878_143							unsupervised
3300025409_14	3300025409_14							unsupervised
3300025233_16	3300025233_16							unsupervised
3300025248_11	3300025248_11							unsupervised
3300011743_1	3300011743_1							unsupervised
3300029857_33	3300029857_33							unsupervised
3300008096_27	3300008096_27							unsupervised
3300025480_6	3300025480_6							unsupervised
3300007805_6	3300007805_6							unsupervised
3300026255_6	3300026255_6							unsupervised
3300012811_1	3300012811_1							unsupervised
3300008096_29	3300008096_29							unsupervised
3300014532_5	3300014532_5							unsupervised
3300027327_23	3300027327_23							unsupervised
3300025272_9	3300025272_9							unsupervised
3300024277_5	3300024277_5							unsupervised
3300006289_8	3300006289_8							unsupervised
3300026519_18	3300026519_18							unsupervised
3300025408_9	3300025408_9							unsupervised
3300029767_11	3300029767_11							unsupervised
3300026991_7	3300026991_7							unsupervised
3300029845_35	3300029845_35							unsupervised
3300012813_7	3300012813_7							unsupervised
3300029354_17	3300029354_17							unsupervised
3300013931_1	3300013931_1							unsupervised
3300022884_4	3300022884_4							unsupervised
3300029518_18	3300029518_18							unsupervised
3300029857_16	3300029857_16							unsupervised
3300029748_17	3300029748_17							unsupervised
3300025086_5	3300025086_5							unsupervised
3300029650_10	3300029650_10							unsupervised
3300028959_6	3300028959_6							unsupervised
3300011945_4	3300011945_4							unsupervised
3300007105_7	3300007105_7							unsupervised
3300029548_28	3300029548_28							unsupervised
3300013353_6	3300013353_6							unsupervised
3300029452_5	3300029452_5							unsupervised
3300007318_2	3300007318_2							unsupervised
3300020154_4	3300020154_4							unsupervised
3300025105_53	3300025105_53							unsupervised
3300012889_17	3300012889_17							unsupervised
3300025291_42	3300025291_42							unsupervised
3300012541_1	3300012541_1							unsupervised
3300011636_5	3300011636_5							unsupervised
3300029120_22	3300029120_22							unsupervised
3300011752_4	3300011752_4							unsupervised
3300029244_14	3300029244_14							unsupervised
3300025503_28	3300025503_28							unsupervised
3300007732_18	3300007732_18							unsupervised
3300028086_1	3300028086_1							unsupervised
3300027834_30	3300027834_30							unsupervised
3300008745_8	3300008745_8							unsupervised
3300025086_3	3300025086_3							unsupervised
3300025830_22	3300025830_22							unsupervised
3300018878_160	3300018878_160							unsupervised
3300029470_15	3300029470_15							unsupervised
3300026206_21	3300026206_21							unsupervised
3300008418_15	3300008418_15							unsupervised
3300006260_23	3300006260_23							unsupervised
3300029741_19	3300029741_19							unsupervised
3300012812_1	3300012812_1							unsupervised
3300029684_30	3300029684_30							unsupervised
3300027367_3	3300027367_3							unsupervised
3300025086_4	3300025086_4							unsupervised
3300014520_7	3300014520_7							unsupervised
3300021057_3	3300021057_3							unsupervised
3300013131_77	3300013131_77							unsupervised
3300011869_5	3300011869_5							unsupervised
3300026303_10	3300026303_10							unsupervised
3300029713_26	3300029713_26							unsupervised
3300007361_21	3300007361_21							unsupervised
3300011612_1	3300011612_1							unsupervised
3300013499_7	3300013499_7							unsupervised
3300027284_28	3300027284_28							unsupervised
3300029472_12	3300029472_12							unsupervised
3300008341_3	3300008341_3							unsupervised
3300024906_4	3300024906_4							unsupervised
3300029105_7	3300029105_7							unsupervised
3300025503_27	3300025503_27							unsupervised
3300007805_18	3300007805_18							unsupervised
3300007664_14	3300007664_14							unsupervised
3300018878_107	3300018878_107							unsupervised
3300029409_14	3300029409_14							unsupervised
3300029619_22	3300029619_22							unsupervised
3300021341_28	3300021341_28							unsupervised
3300027967_57	3300027967_57							unsupervised
3300008271_4	3300008271_4							unsupervised
3300005253_6	3300005253_6							unsupervised
3300017419_24	3300017419_24							unsupervised
3300025678_33	3300025678_33							unsupervised
3300014549_7	3300014549_7							unsupervised
3300025286_17	3300025286_17							unsupervised
3300025361_8	3300025361_8							unsupervised
3300011485_1	3300011485_1							unsupervised
3300014094_4	3300014094_4							unsupervised
3300014563_4	3300014563_4							unsupervised
3300007220_16	3300007220_16							unsupervised
3300029871_31	3300029871_31							unsupervised
3300007966_31	3300007966_31							unsupervised
3300029573_17	3300029573_17							unsupervised
3300008496_12	3300008496_12							unsupervised
3300029703_11	3300029703_11							unsupervised
3300029553_25	3300029553_25							unsupervised
3300012804_3	3300012804_3							unsupervised
3300008746_14	3300008746_14							unsupervised
3300029034_7	3300029034_7							unsupervised
3300020478_30	3300020478_30							unsupervised
3300014565_4	3300014565_4							unsupervised
3300017963_38	3300017963_38							unsupervised
3300008096_22	3300008096_22							unsupervised
3300020186_23	3300020186_23							unsupervised
3300029384_18	3300029384_18							unsupervised
3300029782_20	3300029782_20							unsupervised
3300026965_6	3300026965_6							unsupervised
3300012880_18	3300012880_18							unsupervised
3300029066_3	3300029066_3							unsupervised
3300014786_12	3300014786_12							unsupervised
3300029795_23	3300029795_23							unsupervised
3300029219_22	3300029219_22							unsupervised
3300024046_10	3300024046_10							unsupervised
3300011002_20	3300011002_20							unsupervised
3300025061_3	3300025061_3							unsupervised
3300007531_21	3300007531_21							unsupervised
3300011853_1	3300011853_1							unsupervised
3300027828_28	3300027828_28							unsupervised
3300011636_2	3300011636_2							unsupervised
3300029540_20	3300029540_20							unsupervised
3300029421_21	3300029421_21							unsupervised
3300029610_25	3300029610_25							unsupervised
3300025686_56	3300025686_56							unsupervised
3300011479_2	3300011479_2							unsupervised
3300026516_42	3300026516_42							unsupervised
3300029390_15	3300029390_15							unsupervised
3300025575_9	3300025575_9							unsupervised
3300023187_9	3300023187_9							unsupervised
3300029190_10	3300029190_10							unsupervised
3300029780_8	3300029780_8							unsupervised
3300029405_14	3300029405_14							unsupervised
3300029647_11	3300029647_11							unsupervised
3300025909_42	3300025909_42							unsupervised
3300026874_5	3300026874_5							unsupervised
3300029338_23	3300029338_23							unsupervised
3300014048_5	3300014048_5							unsupervised
3300025125_1	3300025125_1							unsupervised
3300010396_55	3300010396_55							unsupervised
3300027719_23	3300027719_23							unsupervised
3300029336_20	3300029336_20							unsupervised
3300024218_10	3300024218_10							unsupervised
3300014964_14	3300014964_14							unsupervised
3300024929_5	3300024929_5							unsupervised
3300012813_8	3300012813_8							unsupervised
3300029710_15	3300029710_15							unsupervised
3300013728_2	3300013728_2							unsupervised
3300020328_2	3300020328_2							unsupervised
3300027339_7	3300027339_7							unsupervised
3300027673_27	3300027673_27							unsupervised
3300019124_9	3300019124_9							unsupervised
3300029404_10	3300029404_10							unsupervised
3300009566_20	3300009566_20							unsupervised
3300010270_8	3300010270_8							unsupervised
3300008712_16	3300008712_16							unsupervised
3300025602_32	3300025602_32							unsupervised
3300029870_10	3300029870_10							unsupervised
3300006256_25	3300006256_25							unsupervised
3300029485_11	3300029485_11							unsupervised
3300028323_1	3300028323_1							unsupervised
3300029815_27	3300029815_27							unsupervised
Coccidioides	Coccidioides							unsupervised
3300029338_20	3300029338_20							unsupervised
3300029779_15	3300029779_15							unsupervised
3300026303_11	3300026303_11							unsupervised
3300008676_13	3300008676_13							unsupervised
3300029579_34	3300029579_34							unsupervised
3300011472_4	3300011472_4							unsupervised
3300006045_78	3300006045_78							unsupervised
3300026280_13	3300026280_13							unsupervised
3300025362_1	3300025362_1							unsupervised
3300011650_1	3300011650_1							unsupervised
3300010268_13	3300010268_13							unsupervised
3300029692_19	3300029692_19							unsupervised
3300017788_96	3300017788_96							unsupervised
3300020025_2	3300020025_2							unsupervised
3300027509_24	3300027509_24							unsupervised
3300010276_10	3300010276_10							unsupervised
3300012973_28	3300012973_28							unsupervised
3300029614_14	3300029614_14							unsupervised
3300022470_29	3300022470_29							unsupervised
3300006322_8	3300006322_8							unsupervised
3300025082_6	3300025082_6							unsupervised
3300007356_4	3300007356_4							unsupervised
3300025161_34	3300025161_34							unsupervised
3300021843_40	3300021843_40							unsupervised
3300025575_29	3300025575_29							unsupervised
3300017518_10	3300017518_10							unsupervised
3300029690_17	3300029690_17							unsupervised
3300027770_41	3300027770_41							unsupervised
3300029376_14	3300029376_14							unsupervised
3300029858_12	3300029858_12							unsupervised
3300008640_15	3300008640_15							unsupervised
3300009083_74	3300009083_74							unsupervised
3300029739_25	3300029739_25							unsupervised
3300028627_15	3300028627_15							unsupervised
3300027951_9	3300027951_9							unsupervised
3300029483_31	3300029483_31							unsupervised
3300029772_11	3300029772_11							unsupervised
3300029851_11	3300029851_11							unsupervised
3300025571_29	3300025571_29							unsupervised
3300029367_6	3300029367_6							unsupervised
3300017940_17	3300017940_17							unsupervised
3300029715_36	3300029715_36							unsupervised
3300025422_10	3300025422_10							unsupervised
2061766007_92	2061766007_92							unsupervised
3300029539_25	3300029539_25							unsupervised
3300029823_8	3300029823_8							unsupervised
3300010273_35	3300010273_35							unsupervised
3300029420_23	3300029420_23							unsupervised
3300008626_12	3300008626_12							unsupervised
3300008481_19	3300008481_19							unsupervised
3300028633_7	3300028633_7							unsupervised
3300027828_45	3300027828_45							unsupervised
3300000942_1	3300000942_1							unsupervised
3300026255_9	3300026255_9							unsupervised
3300029713_19	3300029713_19							unsupervised
3300029206_16	3300029206_16							unsupervised
3300029718_45	3300029718_45							unsupervised
3300011572_2	3300011572_2							unsupervised
3300029562_23	3300029562_23							unsupervised
3300008512_11	3300008512_11							unsupervised
3300026194_17	3300026194_17							unsupervised
3300008418_19	3300008418_19							unsupervised
3300025517_10	3300025517_10							unsupervised
3300029204_23	3300029204_23							unsupervised
3300011692_1	3300011692_1							unsupervised
3300029370_5	3300029370_5							unsupervised
3300020153_23	3300020153_23							unsupervised
3300012004_1	3300012004_1							unsupervised
3300028277_12	3300028277_12							unsupervised
3300012889_34	3300012889_34							unsupervised
3300029760_15	3300029760_15							unsupervised
3300023174_57	3300023174_57							unsupervised
3300008125_24	3300008125_24							unsupervised
3300025243_6	3300025243_6							unsupervised
3300026776_2	3300026776_2							unsupervised
3300021091_54	3300021091_54							unsupervised
3300012144_11	3300012144_11							unsupervised
3300027706_51	3300027706_51							unsupervised
3300008716_22	3300008716_22							unsupervised
3300029465_10	3300029465_10							unsupervised
3300024928_1	3300024928_1							unsupervised
3300010280_18	3300010280_18							unsupervised
3300027111_9	3300027111_9							unsupervised
3300025226_9	3300025226_9							unsupervised
3300026228_2	3300026228_2							unsupervised
3300011650_2	3300011650_2							unsupervised
3300010270_18	3300010270_18							unsupervised
3300029860_32	3300029860_32							unsupervised
3300007924_25	3300007924_25							unsupervised
3300007669_18	3300007669_18							unsupervised
3300003272_3	3300003272_3							unsupervised
3300029777_19	3300029777_19							unsupervised
3300029483_12	3300029483_12							unsupervised
3300029750_5	3300029750_5							unsupervised
3300029668_9	3300029668_9							unsupervised
3300025577_9	3300025577_9							unsupervised
3300029718_27	3300029718_27							unsupervised
3300005337_7	3300005337_7							unsupervised
3300025347_12	3300025347_12							unsupervised
3300029517_16	3300029517_16							unsupervised
3300029763_14	3300029763_14							unsupervised
3300020220_97	3300020220_97							unsupervised
3300029379_33	3300029379_33							unsupervised
3300029888_14	3300029888_14							unsupervised
3300029186_9	3300029186_9							unsupervised
3300013656_2	3300013656_2							unsupervised
3300007079_3	3300007079_3							unsupervised
3300028603_99	3300028603_99							unsupervised
3300008081_25	3300008081_25							unsupervised
3300029577_15	3300029577_15							unsupervised
3300011390_5	3300011390_5							unsupervised
3300025300_9	3300025300_9							unsupervised
3300022855_4	3300022855_4							unsupervised
3300025706_5	3300025706_5							unsupervised
3300008728_18	3300008728_18							unsupervised
3300014541_5	3300014541_5							unsupervised
3300025082_8	3300025082_8							unsupervised
3300029609_17	3300029609_17							unsupervised
3300007501_14	3300007501_14							unsupervised
3300027719_22	3300027719_22							unsupervised
3300012089_4	3300012089_4							unsupervised
3300011458_1	3300011458_1							unsupervised
3300029765_16	3300029765_16							unsupervised
3300017470_17	3300017470_17							unsupervised
3300007222_15	3300007222_15							unsupervised
3300003155_8	3300003155_8							unsupervised
3300025603_19	3300025603_19							unsupervised
3300011717_2	3300011717_2							unsupervised
3300025260_1	3300025260_1							unsupervised
3300029098_12	3300029098_12							unsupervised
3300029765_12	3300029765_12							unsupervised
3300029586_14	3300029586_14							unsupervised
3300029297_9	3300029297_9							unsupervised
3300017553_9	3300017553_9							unsupervised
3300020388_27	3300020388_27							unsupervised
3300007805_16	3300007805_16							unsupervised
3300011588_1	3300011588_1							unsupervised
3300029392_16	3300029392_16							unsupervised
3300006296_1	3300006296_1							unsupervised
3300027283_7	3300027283_7							unsupervised
GCA_016432935.1_ASM1643293v1_genomic	Benedenia humboldti		Platyhelminthes	Monogenea	Capsalidea	Capsalidae	Benedenia	unsupervised
3300025295_16	3300025295_16							unsupervised
3300027007_8	3300027007_8							unsupervised
3300029333_22	3300029333_22							unsupervised
3300027206_2	3300027206_2							unsupervised
3300015168_2	3300015168_2							unsupervised
3300020388_22	3300020388_22							unsupervised
3300007125_11	3300007125_11							unsupervised
3300029661_10	3300029661_10							unsupervised
3300026288_2	3300026288_2							unsupervised
3300029710_14	3300029710_14							unsupervised
3300029719_24	3300029719_24							unsupervised
3300007531_27	3300007531_27							unsupervised
3300029714_12	3300029714_12							unsupervised
2061766007_124	2061766007_124							unsupervised
3300014647_3	3300014647_3							unsupervised
3300018920_6	3300018920_6							unsupervised
3300007996_15	3300007996_15							unsupervised
3300025728_11	3300025728_11							unsupervised
3300025851_22	3300025851_22							unsupervised
3300028593_87	3300028593_87							unsupervised
3300003282_6	3300003282_6							unsupervised
3300028631_8	3300028631_8							unsupervised
3300010285_20	3300010285_20							unsupervised
3300029428_6	3300029428_6							unsupervised
3300029594_30	3300029594_30							unsupervised
3300029857_19	3300029857_19							unsupervised
3300027662_13	3300027662_13							unsupervised
3300029761_7	3300029761_7							unsupervised
3300008520_4	3300008520_4							unsupervised
3300006979_1	3300006979_1							unsupervised
3300012839_8	3300012839_8							unsupervised
3300008096_10	3300008096_10							unsupervised
3300026286_9	3300026286_9							unsupervised
3300029235_9	3300029235_9							unsupervised
3300029706_15	3300029706_15							unsupervised
3300029339_32	3300029339_32							unsupervised
3300011703_3	3300011703_3							unsupervised
3300023251_4	3300023251_4							unsupervised
3300022146_2	3300022146_2							unsupervised
3300029439_15	3300029439_15							unsupervised
3300011146_3	3300011146_3							unsupervised
3300029623_43	3300029623_43							unsupervised
3300014551_9	3300014551_9							unsupervised
3300013586_1	3300013586_1							unsupervised
3300026262_8	3300026262_8							unsupervised
3300029623_28	3300029623_28							unsupervised
3300029214_10	3300029214_10							unsupervised
3300025949_25	3300025949_25							unsupervised
3300024344_6	3300024344_6							unsupervised
3300011386_1	3300011386_1							unsupervised
3300029675_17	3300029675_17							unsupervised
3300007968_6	3300007968_6							unsupervised
3300027503_13	3300027503_13							unsupervised
3300027283_24	3300027283_24							unsupervised
3300025571_14	3300025571_14							unsupervised
3300025869_46	3300025869_46							unsupervised
3300022177_23	3300022177_23							unsupervised
3300014791_5	3300014791_5							unsupervised
3300029487_9	3300029487_9							unsupervised
3300013495_2	3300013495_2							unsupervised
3300029881_29	3300029881_29							unsupervised
3300029407_6	3300029407_6							unsupervised
3300011809_1	3300011809_1							unsupervised
3300025880_37	3300025880_37							unsupervised
3300003364_4	3300003364_4							unsupervised
3300029580_31	3300029580_31							unsupervised
3300008755_25	3300008755_25							unsupervised
3300025299_23	3300025299_23							unsupervised
3300009083_59	3300009083_59							unsupervised
3300029892_10	3300029892_10							unsupervised
3300008161_11	3300008161_11							unsupervised
3300011747_4	3300011747_4							unsupervised
3300006568_8	3300006568_8							unsupervised
3300011926_7	3300011926_7							unsupervised
3300025297_18	3300025297_18							unsupervised
3300029553_12	3300029553_12							unsupervised
3300025775_22	3300025775_22							unsupervised
3300024968_27	3300024968_27							unsupervised
3300008269_3	3300008269_3							unsupervised
3300027319_26	3300027319_26							unsupervised
3300020429_13	3300020429_13							unsupervised
3300018878_96	3300018878_96							unsupervised
3300025409_9	3300025409_9							unsupervised
3300007500_7	3300007500_7							unsupervised
3300013122_41	3300013122_41							unsupervised
3300023065_5	3300023065_5							unsupervised
3300020344_22	3300020344_22							unsupervised
3300025065_9	3300025065_9							unsupervised
3300012006_27	3300012006_27							unsupervised
3300025441_12	3300025441_12							unsupervised
3300008077_12	3300008077_12							unsupervised
3300025480_13	3300025480_13							unsupervised
3300029104_10	3300029104_10							unsupervised
3300029634_9	3300029634_9							unsupervised
3300007296_19	3300007296_19							unsupervised
3300008575_17	3300008575_17							unsupervised
3300024344_27	3300024344_27							unsupervised
3300006499_16	3300006499_16							unsupervised
3300025600_20	3300025600_20							unsupervised
3300010275_6	3300010275_6							unsupervised
3300026957_7	3300026957_7							unsupervised
3300009381_4	3300009381_4							unsupervised
3300029576_12	3300029576_12							unsupervised
3300019775_11	3300019775_11							unsupervised
3300029733_8	3300029733_8							unsupervised
3300029432_21	3300029432_21							unsupervised
3300018043_11	3300018043_11							unsupervised
3300025251_5	3300025251_5							unsupervised
3300025876_47	3300025876_47							unsupervised
3300029441_20	3300029441_20							unsupervised
3300027835_47	3300027835_47							unsupervised
3300013370_2	3300013370_2							unsupervised
3300014806_9	3300014806_9							unsupervised
3300029112_9	3300029112_9							unsupervised
3300011620_2	3300011620_2							unsupervised
3300025263_37	3300025263_37							unsupervised
3300027773_18	3300027773_18							unsupervised
Azolla	Azolla							unsupervised
3300014680_2	3300014680_2							unsupervised
3300029538_13	3300029538_13							unsupervised
3300006226_71	3300006226_71							unsupervised
3300025490_1	3300025490_1							unsupervised
3300006272_1	3300006272_1							unsupervised
3300025420_3	3300025420_3							unsupervised
3300029779_9	3300029779_9							unsupervised
3300012879_7	3300012879_7							unsupervised
3300008129_12	3300008129_12							unsupervised
3300027391_11	3300027391_11							unsupervised
3300027673_8	3300027673_8							unsupervised
3300027800_41	3300027800_41							unsupervised
3300027283_14	3300027283_14							unsupervised
3300010267_19	3300010267_19							unsupervised
3300029118_14	3300029118_14							unsupervised
3300008098_36	3300008098_36							unsupervised
3300028624_5	3300028624_5							unsupervised
3300017646_8	3300017646_8							unsupervised
3300010282_9	3300010282_9							unsupervised
3300029728_13	3300029728_13							unsupervised
3300025373_5	3300025373_5							unsupervised
GCA_964198615.1_ucAstSpeb1.1_alternate_haplotype_genomic	Asterochloris sp. CNOR2		Chlorophyta	Trebouxiophyceae	Trebouxiales	Trebouxiaceae	Asterochloris	unsupervised
3300028593_31	3300028593_31							unsupervised
3300025584_21	3300025584_21							unsupervised
3300025534_15	3300025534_15							unsupervised
3300027327_19	3300027327_19							unsupervised
3300029190_6	3300029190_6							unsupervised
3300000447_4	3300000447_4							unsupervised
3300012845_5	3300012845_5							unsupervised
3300029612_27	3300029612_27							unsupervised
3300006464_38	3300006464_38							unsupervised
3300026509_104	3300026509_104							unsupervised
3300003155_20	3300003155_20							unsupervised
3300029457_12	3300029457_12							unsupervised
3300029332_14	3300029332_14							unsupervised
3300029377_15	3300029377_15							unsupervised
3300026549_52	3300026549_52							unsupervised
3300029326_7	3300029326_7							unsupervised
3300027592_36	3300027592_36							unsupervised
3300029400_11	3300029400_11							unsupervised
3300026980_11	3300026980_11							unsupervised
3300021419_23	3300021419_23							unsupervised
3300017788_53	3300017788_53							unsupervised
3300014087_3	3300014087_3							unsupervised
3300021092_45	3300021092_45							unsupervised
3300027266_2	3300027266_2							unsupervised
3300029386_22	3300029386_22							unsupervised
3300022661_73	3300022661_73							unsupervised
3300027863_142	3300027863_142							unsupervised
3300029587_15	3300029587_15							unsupervised
3300021300_5	3300021300_5							unsupervised
3300020429_11	3300020429_11							unsupervised
3300027322_5	3300027322_5							unsupervised
3300025477_18	3300025477_18							unsupervised
3300021057_5	3300021057_5							unsupervised
3300023299_6	3300023299_6							unsupervised
3300025272_4	3300025272_4							unsupervised
3300008756_4	3300008756_4							unsupervised
3300027536_10	3300027536_10							unsupervised
3300027896_55	3300027896_55							unsupervised
3300029586_12	3300029586_12							unsupervised
3300014699_2	3300014699_2							unsupervised
3300029861_7	3300029861_7							unsupervised
3300029545_8	3300029545_8							unsupervised
3300011468_1	3300011468_1							unsupervised
3300017788_71	3300017788_71							unsupervised
3300029526_7	3300029526_7							unsupervised
3300029358_22	3300029358_22							unsupervised
3300020478_12	3300020478_12							unsupervised
3300014713_10	3300014713_10							unsupervised
3300020213_20	3300020213_20							unsupervised
3300020295_5	3300020295_5							unsupervised
3300011707_3	3300011707_3							unsupervised
3300008593_2	3300008593_2							unsupervised
3300025343_5	3300025343_5							unsupervised
3300020361_21	3300020361_21							unsupervised
3300013830_16	3300013830_16							unsupervised
3300028974_3	3300028974_3							unsupervised
3300027391_20	3300027391_20							unsupervised
3300029842_28	3300029842_28							unsupervised
3300014664_2	3300014664_2							unsupervised
3300029839_17	3300029839_17							unsupervised
3300029749_31	3300029749_31							unsupervised
3300011851_6	3300011851_6							unsupervised
3300029576_6	3300029576_6							unsupervised
3300012842_7	3300012842_7							unsupervised
3300008537_24	3300008537_24							unsupervised
3300007208_23	3300007208_23							unsupervised
3300025892_13	3300025892_13							unsupervised
3300029891_15	3300029891_15							unsupervised
3300020601_30	3300020601_30							unsupervised
3300025270_14	3300025270_14							unsupervised
3300029876_19	3300029876_19							unsupervised
3300027316_10	3300027316_10							unsupervised
3300029621_34	3300029621_34							unsupervised
3300025597_3	3300025597_3							unsupervised
3300029590_20	3300029590_20							unsupervised
3300029356_25	3300029356_25							unsupervised
3300026236_1	3300026236_1							unsupervised
3300029435_22	3300029435_22							unsupervised
3300018427_45	3300018427_45							unsupervised
3300029403_12	3300029403_12							unsupervised
3300026874_4	3300026874_4							unsupervised
3300021306_20	3300021306_20							unsupervised
2061766007_94	2061766007_94							unsupervised
GCA_025991245.1_GpartN1_1.0_genomic	Galdieria partita		Rhodophyta	Bangiophyceae	Galdieriales	Galdieriaceae	Galdieria	unsupervised
3300025138_13	3300025138_13							unsupervised
3300029023_4	3300029023_4							unsupervised
3300011989_43	3300011989_43							unsupervised
3300026302_14	3300026302_14							unsupervised
3300020128_4	3300020128_4							unsupervised
3300026534_10	3300026534_10							unsupervised
3300012974_19	3300012974_19							unsupervised
3300028581_42	3300028581_42							unsupervised
3300029555_19	3300029555_19							unsupervised
3300025600_11	3300025600_11							unsupervised
3300025677_11	3300025677_11							unsupervised
3300011389_1	3300011389_1							unsupervised
3300008081_11	3300008081_11							unsupervised
3300029119_19	3300029119_19							unsupervised
3300029297_14	3300029297_14							unsupervised
3300007991_17	3300007991_17							unsupervised
3300025297_22	3300025297_22							unsupervised
3300007346_7	3300007346_7							unsupervised
3300011527_2	3300011527_2							unsupervised
3300012826_2	3300012826_2							unsupervised
3300007993_7	3300007993_7							unsupervised
3300029067_3	3300029067_3							unsupervised
3300029542_15	3300029542_15							unsupervised
3300008571_9	3300008571_9							unsupervised
3300029828_29	3300029828_29							unsupervised
3300012940_66	3300012940_66							unsupervised
3300025431_16	3300025431_16							unsupervised
3300010153_6	3300010153_6							unsupervised
3300010285_12	3300010285_12							unsupervised
3300014900_1	3300014900_1							unsupervised
3300008144_22	3300008144_22							unsupervised
3300011845_4	3300011845_4							unsupervised
3300025247_6	3300025247_6							unsupervised
3300022924_11	3300022924_11							unsupervised
3300029893_17	3300029893_17							unsupervised
3300007921_8	3300007921_8							unsupervised
3300025260_9	3300025260_9							unsupervised
3300026977_8	3300026977_8							unsupervised
3300007805_5	3300007805_5							unsupervised
3300014527_6	3300014527_6							unsupervised
3300027283_40	3300027283_40							unsupervised
3300017444_58	3300017444_58							unsupervised
3300027864_27	3300027864_27							unsupervised
3300025304_13	3300025304_13							unsupervised
3300029788_33	3300029788_33							unsupervised
3300029422_21	3300029422_21							unsupervised
3300010273_23	3300010273_23							unsupervised
3300028419_4	3300028419_4							unsupervised
3300029338_12	3300029338_12							unsupervised
3300029467_10	3300029467_10							unsupervised
3300027309_2	3300027309_2							unsupervised
3300025476_7	3300025476_7							unsupervised
3300012007_12	3300012007_12							unsupervised
3300027111_5	3300027111_5							unsupervised
3300013830_24	3300013830_24							unsupervised
3300022902_20	3300022902_20							unsupervised
3300024968_5	3300024968_5							unsupervised
3300025027_2	3300025027_2							unsupervised
3300027055_13	3300027055_13							unsupervised
3300025528_15	3300025528_15							unsupervised
3300011360_5	3300011360_5							unsupervised
3300029846_24	3300029846_24							unsupervised
3300029796_25	3300029796_25							unsupervised
3300029492_18	3300029492_18							unsupervised
3300008364_9	3300008364_9							unsupervised
3300012007_3	3300012007_3							unsupervised
3300001835_20	3300001835_20							unsupervised
3300020601_33	3300020601_33							unsupervised
3300011898_4	3300011898_4							unsupervised
3300017518_48	3300017518_48							unsupervised
3300020367_1	3300020367_1							unsupervised
3300027815_41	3300027815_41							unsupervised
3300029129_12	3300029129_12							unsupervised
3300029592_4	3300029592_4							unsupervised
3300022753_83	3300022753_83							unsupervised
3300029085_1	3300029085_1							unsupervised
3300007803_9	3300007803_9							unsupervised
3300014798_10	3300014798_10							unsupervised
3300029665_9	3300029665_9							unsupervised
3300028091_6	3300028091_6							unsupervised
3300025296_6	3300025296_6							unsupervised
3300029134_18	3300029134_18							unsupervised
3300027283_12	3300027283_12							unsupervised
3300029087_6	3300029087_6							unsupervised
3300011387_2	3300011387_2							unsupervised
3300029361_24	3300029361_24							unsupervised
3300029073_2	3300029073_2							unsupervised
3300005460_56	3300005460_56							unsupervised
3300006460_9	3300006460_9							unsupervised
3300029688_16	3300029688_16							unsupervised
3300029703_16	3300029703_16							unsupervised
3300014560_4	3300014560_4							unsupervised
3300007654_22	3300007654_22							unsupervised
3300025439_14	3300025439_14							unsupervised
3300025542_3	3300025542_3							unsupervised
3300029411_10	3300029411_10							unsupervised
3300025603_12	3300025603_12							unsupervised
3300029368_17	3300029368_17							unsupervised
3300014016_1	3300014016_1							unsupervised
3300012834_9	3300012834_9							unsupervised
3300029113_10	3300029113_10							unsupervised
3300013125_85	3300013125_85							unsupervised
3300008714_4	3300008714_4							unsupervised
3300025093_3	3300025093_3							unsupervised
3300005470_7	3300005470_7							unsupervised
3300008436_12	3300008436_12							unsupervised
GCA_003144295.1_Acain1_genomic	Acaromyces ingoldii		Basidiomycota	Exobasidiomycetes	Exobasidiales	Cryptobasidiaceae	Acaromyces	unsupervised
3300025103_13	3300025103_13							unsupervised
3300026303_12	3300026303_12							unsupervised
3300029386_25	3300029386_25							unsupervised
3300013006_21	3300013006_21							unsupervised
3300029575_30	3300029575_30							unsupervised
3300008278_2	3300008278_2							unsupervised
3300029595_33	3300029595_33							unsupervised
3300021310_16	3300021310_16							unsupervised
3300025892_34	3300025892_34							unsupervised
3300014792_15	3300014792_15							unsupervised
3300026971_12	3300026971_12							unsupervised
3300024298_2	3300024298_2							unsupervised
3300025491_4	3300025491_4							unsupervised
3300029887_13	3300029887_13							unsupervised
3300029796_24	3300029796_24							unsupervised
3300025714_2	3300025714_2							unsupervised
3300006502_5	3300006502_5							unsupervised
3300029217_12	3300029217_12							unsupervised
3300029821_25	3300029821_25							unsupervised
3300011732_1	3300011732_1							unsupervised
3300029380_29	3300029380_29							unsupervised
3300011681_1	3300011681_1							unsupervised
3300011778_5	3300011778_5							unsupervised
3300012847_10	3300012847_10							unsupervised
3300029731_20	3300029731_20							unsupervised
Anncaliia	Anncaliia							unsupervised
Cryptomeria	Cryptomeria							unsupervised
3300029524_24	3300029524_24							unsupervised
3300014807_10	3300014807_10							unsupervised
3300008512_10	3300008512_10							unsupervised
3300017963_35	3300017963_35							unsupervised
3300021487_6	3300021487_6							unsupervised
3300029049_15	3300029049_15							unsupervised
3300025228_4	3300025228_4							unsupervised
3300008635_23	3300008635_23							unsupervised
3300029379_24	3300029379_24							unsupervised
3300005621_1	3300005621_1							unsupervised
3300012821_8	3300012821_8							unsupervised
3300012433_1	3300012433_1							unsupervised
3300008672_13	3300008672_13							unsupervised
3300026992_6	3300026992_6							unsupervised
3300005460_19	3300005460_19							unsupervised
3300011760_2	3300011760_2							unsupervised
3300014205_43	3300014205_43							unsupervised
3300025708_45	3300025708_45							unsupervised
3300001683_29	3300001683_29							unsupervised
3300028048_91	3300028048_91							unsupervised
3300026282_11	3300026282_11							unsupervised
3300029622_17	3300029622_17							unsupervised
3300014507_4	3300014507_4							unsupervised
3300029112_14	3300029112_14							unsupervised
3300028949_3	3300028949_3							unsupervised
3300007991_15	3300007991_15							unsupervised
3300029748_12	3300029748_12							unsupervised
3300025876_28	3300025876_28							unsupervised
3300008514_8	3300008514_8							unsupervised
3300027309_10	3300027309_10							unsupervised
3300014208_75	3300014208_75							unsupervised
3300029874_9	3300029874_9							unsupervised
3300029455_7	3300029455_7							unsupervised
3300007346_6	3300007346_6							unsupervised
3300020153_26	3300020153_26							unsupervised
3300027623_22	3300027623_22							unsupervised
3300022753_109	3300022753_109							unsupervised
3300027965_37	3300027965_37							unsupervised
3300029442_9	3300029442_9							unsupervised
3300011952_3	3300011952_3							unsupervised
3300007272_14	3300007272_14							unsupervised
3300022738_13	3300022738_13							unsupervised
3300025859_57	3300025859_57							unsupervised
3300014068_1	3300014068_1							unsupervised
3300025686_49	3300025686_49							unsupervised
3300025536_10	3300025536_10							unsupervised
3300025105_38	3300025105_38							unsupervised
3300011913_2	3300011913_2							unsupervised
3300025853_14	3300025853_14							unsupervised
3300024491_1	3300024491_1							unsupervised
3300028028_11	3300028028_11							unsupervised
3300012826_9	3300012826_9							unsupervised
3300011922_9	3300011922_9							unsupervised
3300029934_10	3300029934_10							unsupervised
3300006353_11	3300006353_11							unsupervised
3300010279_24	3300010279_24							unsupervised
3300026975_5	3300026975_5							unsupervised
3300029840_9	3300029840_9							unsupervised
3300007804_5	3300007804_5							unsupervised
3300020280_4	3300020280_4							unsupervised
3300029665_12	3300029665_12							unsupervised
3300007188_7	3300007188_7							unsupervised
3300027217_3	3300027217_3							unsupervised
3300029444_31	3300029444_31							unsupervised
3300008283_12	3300008283_12							unsupervised
3300025502_8	3300025502_8							unsupervised
3300008140_10	3300008140_10							unsupervised
3300024946_1	3300024946_1							unsupervised
3300027231_4	3300027231_4							unsupervised
3300011203_3	3300011203_3							unsupervised
3300008664_27	3300008664_27							unsupervised
3300029885_4	3300029885_4							unsupervised
3300011603_2	3300011603_2							unsupervised
3300029858_28	3300029858_28							unsupervised
3300025224_4	3300025224_4							unsupervised
3300025304_22	3300025304_22							unsupervised
3300029525_7	3300029525_7							unsupervised
3300026522_63	3300026522_63							unsupervised
3300025302_15	3300025302_15							unsupervised
3300007952_1	3300007952_1							unsupervised
3300029486_19	3300029486_19							unsupervised
3300008149_3	3300008149_3							unsupervised
3300008485_1	3300008485_1							unsupervised
3300025093_2	3300025093_2							unsupervised
3300013612_1	3300013612_1							unsupervised
3300020358_19	3300020358_19							unsupervised
3300029735_26	3300029735_26							unsupervised
3300029056_15	3300029056_15							unsupervised
2077657019_1	2077657019_1							unsupervised
3300022227_19	3300022227_19							unsupervised
3300013290_6	3300013290_6							unsupervised
3300010162_100	3300010162_100							unsupervised
3300008347_8	3300008347_8							unsupervised
3300026289_8	3300026289_8							unsupervised
3300016461_3	3300016461_3							unsupervised
3300026096_3	3300026096_3							unsupervised
3300007501_5	3300007501_5							unsupervised
3300008664_3	3300008664_3							unsupervised
3300029354_11	3300029354_11							unsupervised
3300022181_17	3300022181_17							unsupervised
3300013830_22	3300013830_22							unsupervised
3300012816_11	3300012816_11							unsupervised
3300027026_4	3300027026_4							unsupervised
3300029788_22	3300029788_22							unsupervised
3300027719_12	3300027719_12							unsupervised
3300006499_10	3300006499_10							unsupervised
3300014632_1	3300014632_1							unsupervised
3300014037_15	3300014037_15							unsupervised
3300011634_4	3300011634_4							unsupervised
3300014071_3	3300014071_3							unsupervised
3300027863_71	3300027863_71							unsupervised
3300025488_30	3300025488_30							unsupervised
3300014721_1	3300014721_1							unsupervised
3300027672_83	3300027672_83							unsupervised
3300029885_22	3300029885_22							unsupervised
3300025246_8	3300025246_8							unsupervised
3300011622_3	3300011622_3							unsupervised
3300017426_29	3300017426_29							unsupervised
3300006226_106	3300006226_106							unsupervised
3300013990_2	3300013990_2							unsupervised
3300013829_3	3300013829_3							unsupervised
3300025044_12	3300025044_12							unsupervised
3300029605_11	3300029605_11							unsupervised
3300027051_18	3300027051_18							unsupervised
3300029728_9	3300029728_9							unsupervised
3300011958_3	3300011958_3							unsupervised
3300014131_2	3300014131_2							unsupervised
3300007865_1	3300007865_1							unsupervised
3300028559_29	3300028559_29							unsupervised
3300027968_45	3300027968_45							unsupervised
3300027832_56	3300027832_56							unsupervised
3300012796_1	3300012796_1							unsupervised
3300025272_7	3300025272_7							unsupervised
3300011559_1	3300011559_1							unsupervised
3300025393_9	3300025393_9							unsupervised
3300011704_1	3300011704_1							unsupervised
3300025292_14	3300025292_14							unsupervised
3300029570_14	3300029570_14							unsupervised
3300014963_54	3300014963_54							unsupervised
3300025694_12	3300025694_12							unsupervised
3300029372_22	3300029372_22							unsupervised
3300029737_28	3300029737_28							unsupervised
3300011719_2	3300011719_2							unsupervised
3300025657_36	3300025657_36							unsupervised
3300029703_22	3300029703_22							unsupervised
3300029730_23	3300029730_23							unsupervised
3300029815_14	3300029815_14							unsupervised
3300027790_18	3300027790_18							unsupervised
3300007646_14	3300007646_14							unsupervised
3300011384_2	3300011384_2							unsupervised
3300011772_5	3300011772_5							unsupervised
3300029249_6	3300029249_6							unsupervised
3300021400_135	3300021400_135							unsupervised
3300026967_6	3300026967_6							unsupervised
3300029505_7	3300029505_7							unsupervised
3300007285_9	3300007285_9							unsupervised
3300029577_28	3300029577_28							unsupervised
3300012001_15	3300012001_15							unsupervised
3300014009_2	3300014009_2							unsupervised
3300025393_8	3300025393_8							unsupervised
3300012886_44	3300012886_44							unsupervised
3300008326_3	3300008326_3							unsupervised
3300029719_30	3300029719_30							unsupervised
3300014953_3	3300014953_3							unsupervised
3300007111_11	3300007111_11							unsupervised
3300014205_71	3300014205_71							unsupervised
3300006289_21	3300006289_21							unsupervised
3300014048_2	3300014048_2							unsupervised
3300011768_3	3300011768_3							unsupervised
3300021376_50	3300021376_50							unsupervised
3300029447_24	3300029447_24							unsupervised
3300024919_3	3300024919_3							unsupervised
3300027849_21	3300027849_21							unsupervised
3300029361_11	3300029361_11							unsupervised
3300011679_2	3300011679_2							unsupervised
3300000154_14	3300000154_14							unsupervised
3300025880_45	3300025880_45							unsupervised
3300027901_34	3300027901_34							unsupervised
3300006459_2	3300006459_2							unsupervised
3300000470_5	3300000470_5							unsupervised
3300014609_3	3300014609_3							unsupervised
3300013563_1	3300013563_1							unsupervised
3300014630_4	3300014630_4							unsupervised
3300010282_28	3300010282_28							unsupervised
3300027021_2	3300027021_2							unsupervised
3300029788_18	3300029788_18							unsupervised
3300008083_5	3300008083_5							unsupervised
3300008630_1	3300008630_1							unsupervised
3300025502_14	3300025502_14							unsupervised
3300029127_3	3300029127_3							unsupervised
3300027820_37	3300027820_37							unsupervised
3300025713_9	3300025713_9							unsupervised
3300028048_85	3300028048_85							unsupervised
3300013583_1	3300013583_1							unsupervised
3300029518_11	3300029518_11							unsupervised
3300023233_7	3300023233_7							unsupervised
3300002481_20	3300002481_20							unsupervised
3300029246_19	3300029246_19							unsupervised
3300007320_17	3300007320_17							unsupervised
3300029336_30	3300029336_30							unsupervised
3300020472_33	3300020472_33							unsupervised
3300008073_10	3300008073_10							unsupervised
3300029098_8	3300029098_8							unsupervised
3300011590_3	3300011590_3							unsupervised
3300002468_6	3300002468_6							unsupervised
3300029703_24	3300029703_24							unsupervised
3300021597_4	3300021597_4							unsupervised
3300029583_28	3300029583_28							unsupervised
3300012080_8	3300012080_8							unsupervised
3300021092_59	3300021092_59							unsupervised
3300002481_18	3300002481_18							unsupervised
3300029546_14	3300029546_14							unsupervised
3300021093_15	3300021093_15							unsupervised
3300006307_7	3300006307_7							unsupervised
3300021400_79	3300021400_79							unsupervised
3300029446_24	3300029446_24							unsupervised
3300027419_28	3300027419_28							unsupervised
3300029566_15	3300029566_15							unsupervised
3300006722_6	3300006722_6							unsupervised
3300011692_2	3300011692_2							unsupervised
3300000052_6	3300000052_6							unsupervised
3300026991_4	3300026991_4							unsupervised
3300025740_16	3300025740_16							unsupervised
3300029477_14	3300029477_14							unsupervised
3300027365_5	3300027365_5							unsupervised
3300027796_14	3300027796_14							unsupervised
3300026289_20	3300026289_20							unsupervised
3300017470_21	3300017470_21							unsupervised
3300014952_9	3300014952_9							unsupervised
3300024903_2	3300024903_2							unsupervised
3300029575_20	3300029575_20							unsupervised
3300025530_4	3300025530_4							unsupervised
3300011691_1	3300011691_1							unsupervised
3300024276_2	3300024276_2							unsupervised
3300027965_45	3300027965_45							unsupervised
3300011559_2	3300011559_2							unsupervised
3300022844_3	3300022844_3							unsupervised
3300012248_3	3300012248_3							unsupervised
3300029478_10	3300029478_10							unsupervised
3300008080_25	3300008080_25							unsupervised
3300029488_16	3300029488_16							unsupervised
3300029582_22	3300029582_22							unsupervised
3300028399_9	3300028399_9							unsupervised
3300012813_9	3300012813_9							unsupervised
3300029611_28	3300029611_28							unsupervised
3300029890_9	3300029890_9							unsupervised
3300021326_11	3300021326_11							unsupervised
3300022821_11	3300022821_11							unsupervised
3300026289_7	3300026289_7							unsupervised
3300007297_21	3300007297_21							unsupervised
3300029377_26	3300029377_26							unsupervised
3300027365_7	3300027365_7							unsupervised
3300026209_23	3300026209_23							unsupervised
3300011158_2	3300011158_2							unsupervised
3300029484_15	3300029484_15							unsupervised
3300029750_11	3300029750_11							unsupervised
3300008620_3	3300008620_3							unsupervised
3300027965_55	3300027965_55							unsupervised
3300029383_5	3300029383_5							unsupervised
3300029594_16	3300029594_16							unsupervised
3300007802_14	3300007802_14							unsupervised
3300029711_29	3300029711_29							unsupervised
3300007360_10	3300007360_10							unsupervised
3300008421_11	3300008421_11							unsupervised
3300011938_1	3300011938_1							unsupervised
3300029611_14	3300029611_14							unsupervised
3300029704_11	3300029704_11							unsupervised
3300007641_11	3300007641_11							unsupervised
3300006441_3	3300006441_3							unsupervised
3300025689_21	3300025689_21							unsupervised
3300008360_14	3300008360_14							unsupervised
3300022916_39	3300022916_39							unsupervised
3300017646_13	3300017646_13							unsupervised
3300027312_9	3300027312_9							unsupervised
3300025924_23	3300025924_23							unsupervised
3300025913_194	3300025913_194							unsupervised
3300027819_28	3300027819_28							unsupervised
3300011507_3	3300011507_3							unsupervised
3300027835_107	3300027835_107							unsupervised
3300029331_14	3300029331_14							unsupervised
3300029672_12	3300029672_12							unsupervised
3300012798_4	3300012798_4							unsupervised
3300029245_15	3300029245_15							unsupervised
3300029741_15	3300029741_15							unsupervised
3300029241_14	3300029241_14							unsupervised
3300012858_4	3300012858_4							unsupervised
3300029065_2	3300029065_2							unsupervised
3300017655_16	3300017655_16							unsupervised
GCA_006232345.1_ASM623234v1_genomic	Galdieria phlegrea		Rhodophyta	Bangiophyceae	Galdieriales	Galdieriaceae	Galdieria	unsupervised
3300029592_11	3300029592_11							unsupervised
3300025683_31	3300025683_31							unsupervised
3300029125_13	3300029125_13							unsupervised
3300028581_62	3300028581_62							unsupervised
3300008622_11	3300008622_11							unsupervised
3300029708_33	3300029708_33							unsupervised
3300029483_26	3300029483_26							unsupervised
3300024509_5	3300024509_5							unsupervised
3300012889_2	3300012889_2							unsupervised
3300020192_29	3300020192_29							unsupervised
3300025686_8	3300025686_8							unsupervised
3300012149_5	3300012149_5							unsupervised
3300014655_9	3300014655_9							unsupervised
3300029746_23	3300029746_23							unsupervised
3300011839_3	3300011839_3							unsupervised
3300025623_36	3300025623_36							unsupervised
3300029452_7	3300029452_7							unsupervised
3300027328_11	3300027328_11							unsupervised
3300021371_16	3300021371_16							unsupervised
3300029236_15	3300029236_15							unsupervised
3300029736_15	3300029736_15							unsupervised
3300020153_44	3300020153_44							unsupervised
3300027319_8	3300027319_8							unsupervised
3300025682_39	3300025682_39							unsupervised
3300029707_11	3300029707_11							unsupervised
3300025483_13	3300025483_13							unsupervised
3300029330_15	3300029330_15							unsupervised
3300012193_1	3300012193_1							unsupervised
3300020185_34	3300020185_34							unsupervised
3300007065_4	3300007065_4							unsupervised
3300011639_4	3300011639_4							unsupervised
3300029447_35	3300029447_35							unsupervised
3300014168_10	3300014168_10							unsupervised
3300017989_66	3300017989_66							unsupervised
3300029085_4	3300029085_4							unsupervised
3300029603_22	3300029603_22							unsupervised
3300011845_1	3300011845_1							unsupervised
3300025546_29	3300025546_29							unsupervised
3300025343_9	3300025343_9							unsupervised
3300029038_8	3300029038_8							unsupervised
3300013494_2	3300013494_2							unsupervised
3300029544_16	3300029544_16							unsupervised
3300029544_17	3300029544_17							unsupervised
3300007100_5	3300007100_5							unsupervised
3300011478_3	3300011478_3							unsupervised
3300025351_10	3300025351_10							unsupervised
3300024054_55	3300024054_55							unsupervised
3300029436_30	3300029436_30							unsupervised
3300029774_15	3300029774_15							unsupervised
3300013123_78	3300013123_78							unsupervised
3300020277_1	3300020277_1							unsupervised
3300014073_4	3300014073_4							unsupervised
3300025476_6	3300025476_6							unsupervised
GCA_013995675.1_ASM1399567v1_genomic	Cyanidiococcus yangmingshanensis		Rhodophyta	Bangiophyceae	Cyanidiales	Cyanidiaceae	Cyanidiococcus	unsupervised
3300029720_20	3300029720_20							unsupervised
3300026255_8	3300026255_8							unsupervised
3300029661_18	3300029661_18							unsupervised
3300012859_4	3300012859_4							unsupervised
3300029421_10	3300029421_10							unsupervised
3300021414_6	3300021414_6							unsupervised
3300029136_30	3300029136_30							unsupervised
3300029378_13	3300029378_13							unsupervised
3300025436_4	3300025436_4							unsupervised
3300025274_6	3300025274_6							unsupervised
3300029873_16	3300029873_16							unsupervised
3300029129_14	3300029129_14							unsupervised
3300027983_43	3300027983_43							unsupervised
3300029893_20	3300029893_20							unsupervised
3300029527_7	3300029527_7							unsupervised
3300011516_1	3300011516_1							unsupervised
3300028580_9	3300028580_9							unsupervised
3300005722_2	3300005722_2							unsupervised
3300029573_28	3300029573_28							unsupervised
3300029246_18	3300029246_18							unsupervised
3300025393_11	3300025393_11							unsupervised
3300011914_8	3300011914_8							unsupervised
3300021091_37	3300021091_37							unsupervised
3300029215_13	3300029215_13							unsupervised
3300029543_14	3300029543_14							unsupervised
3300025094_44	3300025094_44							unsupervised
3300025713_53	3300025713_53							unsupervised
3300027294_10	3300027294_10							unsupervised
3300027800_51	3300027800_51							unsupervised
3300029356_23	3300029356_23							unsupervised
3300028601_37	3300028601_37							unsupervised
3300025737_70	3300025737_70							unsupervised
3300029576_19	3300029576_19							unsupervised
3300011565_1	3300011565_1							unsupervised
3300024433_20	3300024433_20							unsupervised
3300011140_1	3300011140_1							unsupervised
3300011232_6	3300011232_6							unsupervised
3300025518_15	3300025518_15							unsupervised
3300007994_10	3300007994_10							unsupervised
3300027796_28	3300027796_28							unsupervised
3300019861_21	3300019861_21							unsupervised
3300000062_40	3300000062_40							unsupervised
3300008754_9	3300008754_9							unsupervised
3300026518_21	3300026518_21							unsupervised
3300027790_17	3300027790_17							unsupervised
3300029500_4	3300029500_4							unsupervised
3300014208_108	3300014208_108							unsupervised
3300029476_17	3300029476_17							unsupervised
3300029435_8	3300029435_8							unsupervised
3300009769_52	3300009769_52							unsupervised
3300029785_7	3300029785_7							unsupervised
3300027340_9	3300027340_9							unsupervised
3300029755_9	3300029755_9							unsupervised
3300014167_9	3300014167_9							unsupervised
3300008077_21	3300008077_21							unsupervised
3300007968_7	3300007968_7							unsupervised
3300004628_40	3300004628_40							unsupervised
3300027312_10	3300027312_10							unsupervised
3300025597_28	3300025597_28							unsupervised
3300028129_12	3300028129_12							unsupervised
3300027968_44	3300027968_44							unsupervised
3300025296_8	3300025296_8							unsupervised
3300008134_15	3300008134_15							unsupervised
3300025079_7	3300025079_7							unsupervised
3300007878_3	3300007878_3							unsupervised
3300014555_6	3300014555_6							unsupervised
3300029752_13	3300029752_13							unsupervised
3300027983_40	3300027983_40							unsupervised
3300020187_40	3300020187_40							unsupervised
3300029684_24	3300029684_24							unsupervised
3300025519_2	3300025519_2							unsupervised
3300025498_22	3300025498_22							unsupervised
3300020721_3	3300020721_3							unsupervised
3300007079_4	3300007079_4							unsupervised
3300029580_27	3300029580_27							unsupervised
3300012827_4	3300012827_4							unsupervised
3300025715_12	3300025715_12							unsupervised
3300027706_23	3300027706_23							unsupervised
3300014754_5	3300014754_5							unsupervised
3300024953_7	3300024953_7							unsupervised
3300011753_1	3300011753_1							unsupervised
3300022888_20	3300022888_20							unsupervised
3300007316_5	3300007316_5							unsupervised
3300014520_4	3300014520_4							unsupervised
3300011736_1	3300011736_1							unsupervised
3300027986_59	3300027986_59							unsupervised
3300029696_10	3300029696_10							unsupervised
3300029794_31	3300029794_31							unsupervised
3300008504_7	3300008504_7							unsupervised
3300008493_7	3300008493_7							unsupervised
3300010287_7	3300010287_7							unsupervised
3300012111_10	3300012111_10							unsupervised
3300006832_5	3300006832_5							unsupervised
3300011986_7	3300011986_7							unsupervised
3300025862_18	3300025862_18							unsupervised
3300012281_2	3300012281_2							unsupervised
3300024320_12	3300024320_12							unsupervised
3300014793_8	3300014793_8							unsupervised
3300020367_4	3300020367_4							unsupervised
3300008585_4	3300008585_4							unsupervised
3300025518_14	3300025518_14							unsupervised
3300029717_13	3300029717_13							unsupervised
3300029730_20	3300029730_20							unsupervised
3300013877_5	3300013877_5							unsupervised
3300029125_11	3300029125_11							unsupervised
3300025613_4	3300025613_4							unsupervised
3300027909_76	3300027909_76							unsupervised
3300020476_18	3300020476_18							unsupervised
3300029559_25	3300029559_25							unsupervised
3300012889_28	3300012889_28							unsupervised
3300029567_20	3300029567_20							unsupervised
3300024351_2	3300024351_2							unsupervised
3300027977_39	3300027977_39							unsupervised
3300029706_21	3300029706_21							unsupervised
3300017788_79	3300017788_79							unsupervised
3300026286_16	3300026286_16							unsupervised
3300017963_54	3300017963_54							unsupervised
3300025294_15	3300025294_15							unsupervised
3300011134_3	3300011134_3							unsupervised
3300024353_49	3300024353_49							unsupervised
3300007527_11	3300007527_11							unsupervised
3300027815_34	3300027815_34							unsupervised
3300027673_16	3300027673_16							unsupervised
3300024044_10	3300024044_10							unsupervised
3300024292_6	3300024292_6							unsupervised
3300029754_10	3300029754_10							unsupervised
GCA_026184775.1_ASM2618477v1_genomic	Cyanidium caldarium		Rhodophyta	Bangiophyceae	Cyanidiales	Cyanidiaceae	Cyanidium	unsupervised
3300011900_3	3300011900_3							unsupervised
3300029451_4	3300029451_4							unsupervised
3300026311_35	3300026311_35							unsupervised
3300028173_14	3300028173_14							unsupervised
3300029001_4	3300029001_4							unsupervised
3300029365_17	3300029365_17							unsupervised
3300029131_11	3300029131_11							unsupervised
3300029489_18	3300029489_18							unsupervised
3300029743_28	3300029743_28							unsupervised
3300027790_31	3300027790_31							unsupervised
3300027863_80	3300027863_80							unsupervised
3300029444_27	3300029444_27							unsupervised
3300029745_25	3300029745_25							unsupervised
3300026970_9	3300026970_9							unsupervised
3300008634_25	3300008634_25							unsupervised
3300029615_27	3300029615_27							unsupervised
3300014764_8	3300014764_8							unsupervised
3300029541_22	3300029541_22							unsupervised
3300029206_8	3300029206_8							unsupervised
3300025094_33	3300025094_33							unsupervised
3300029610_19	3300029610_19							unsupervised
3300029027_8	3300029027_8							unsupervised
3300014505_1	3300014505_1							unsupervised
3300008522_6	3300008522_6							unsupervised
3300026518_14	3300026518_14							unsupervised
3300025350_6	3300025350_6							unsupervised
3300025933_24	3300025933_24							unsupervised
3300029578_26	3300029578_26							unsupervised
3300025775_26	3300025775_26							unsupervised
3300029474_17	3300029474_17							unsupervised
3300020144_7	3300020144_7							unsupervised
3300024282_5	3300024282_5							unsupervised
3300029856_18	3300029856_18							unsupervised
3300011826_2	3300011826_2							unsupervised
3300007802_11	3300007802_11							unsupervised
3300008079_12	3300008079_12							unsupervised
3300027373_23	3300027373_23							unsupervised
3300013328_1	3300013328_1							unsupervised
3300025105_21	3300025105_21							unsupervised
3300027607_27	3300027607_27							unsupervised
3300029243_25	3300029243_25							unsupervised
3300011742_3	3300011742_3							unsupervised
3300022920_19	3300022920_19							unsupervised
3300024302_21	3300024302_21							unsupervised
3300007780_3	3300007780_3							unsupervised
3300025039_2	3300025039_2							unsupervised
3300027906_5	3300027906_5							unsupervised
3300024327_17	3300024327_17							unsupervised
3300029414_18	3300029414_18							unsupervised
3300029438_15	3300029438_15							unsupervised
3300000568_35	3300000568_35							unsupervised
3300029114_9	3300029114_9							unsupervised
3300029430_11	3300029430_11							unsupervised
3300024043_5	3300024043_5							unsupervised
3300025302_13	3300025302_13							unsupervised
3300029246_9	3300029246_9							unsupervised
3300012826_6	3300012826_6							unsupervised
3300008732_8	3300008732_8							unsupervised
3300008363_6	3300008363_6							unsupervised
3300014491_18	3300014491_18							unsupervised
3300011811_3	3300011811_3							unsupervised
3300014954_7	3300014954_7							unsupervised
3300007498_15	3300007498_15							unsupervised
3300029720_35	3300029720_35							unsupervised
3300028173_9	3300028173_9							unsupervised
3300012314_4	3300012314_4							unsupervised
3300024423_14	3300024423_14							unsupervised
3300008096_33	3300008096_33							unsupervised
3300027807_17	3300027807_17							unsupervised
3300029712_32	3300029712_32							unsupervised
3300029198_17	3300029198_17							unsupervised
3300005689_1	3300005689_1							unsupervised
3300029500_5	3300029500_5							unsupervised
3300020447_6	3300020447_6							unsupervised
3300022939_20	3300022939_20							unsupervised
3300013497_4	3300013497_4							unsupervised
3300007641_7	3300007641_7							unsupervised
3300023244_9	3300023244_9							unsupervised
3300013851_2	3300013851_2							unsupervised
3300026117_1	3300026117_1							unsupervised
3300014950_7	3300014950_7							unsupervised
3300014901_2	3300014901_2							unsupervised
3300007742_29	3300007742_29							unsupervised
3300029492_19	3300029492_19							unsupervised
3300020196_48	3300020196_48							unsupervised
3300008734_28	3300008734_28							unsupervised
3300025903_13	3300025903_13							unsupervised
3300029518_12	3300029518_12							unsupervised
3300011484_2	3300011484_2							unsupervised
3300025644_15	3300025644_15							unsupervised
3300005858_28	3300005858_28							unsupervised
3300029782_18	3300029782_18							unsupervised
3300014919_6	3300014919_6							unsupervised
3300027828_49	3300027828_49							unsupervised
3300029388_27	3300029388_27							unsupervised
3300029483_17	3300029483_17							unsupervised
3300008541_13	3300008541_13							unsupervised
3300022135_1	3300022135_1							unsupervised
3300029133_10	3300029133_10							unsupervised
3300027498_16	3300027498_16							unsupervised
3300025225_8	3300025225_8							unsupervised
3300012889_4	3300012889_4							unsupervised
3300007793_14	3300007793_14							unsupervised
3300026967_7	3300026967_7							unsupervised
3300025298_22	3300025298_22							unsupervised
3300025706_22	3300025706_22							unsupervised
3300007299_2	3300007299_2							unsupervised
3300029815_25	3300029815_25							unsupervised
3300013427_10	3300013427_10							unsupervised
3300029620_31	3300029620_31							unsupervised
3300006243_4	3300006243_4							unsupervised
3300025981_13	3300025981_13							unsupervised
3300029136_23	3300029136_23							unsupervised
3300029462_13	3300029462_13							unsupervised
3300029844_15	3300029844_15							unsupervised
3300029332_23	3300029332_23							unsupervised
3300013130_51	3300013130_51							unsupervised
3300025161_12	3300025161_12							unsupervised
3300008080_21	3300008080_21							unsupervised
3300029773_18	3300029773_18							unsupervised
3300027535_2	3300027535_2							unsupervised
3300029593_22	3300029593_22							unsupervised
3300008132_22	3300008132_22							unsupervised
3300012283_6	3300012283_6							unsupervised
3300026962_8	3300026962_8							unsupervised
3300025507_14	3300025507_14							unsupervised
3300025226_11	3300025226_11							unsupervised
3300007067_4	3300007067_4							unsupervised
3300029453_5	3300029453_5							unsupervised
3300029669_12	3300029669_12							unsupervised
3300022845_2	3300022845_2							unsupervised
3300027111_6	3300027111_6							unsupervised
3300029768_25	3300029768_25							unsupervised
3300029328_9	3300029328_9							unsupervised
3300014287_3	3300014287_3							unsupervised
3300028628_7	3300028628_7							unsupervised
3300026907_3	3300026907_3							unsupervised
3300011841_3	3300011841_3							unsupervised
3300026989_4	3300026989_4							unsupervised
3300013306_34	3300013306_34							unsupervised
3300008077_36	3300008077_36							unsupervised
3300025649_16	3300025649_16							unsupervised
3300027781_13	3300027781_13							unsupervised
3300026980_5	3300026980_5							unsupervised
3300005278_8	3300005278_8							unsupervised
3300025296_12	3300025296_12							unsupervised
3300029515_14	3300029515_14							unsupervised
3300025602_17	3300025602_17							unsupervised
3300029520_8	3300029520_8							unsupervised
3300029844_19	3300029844_19							unsupervised
3300027415_2	3300027415_2							unsupervised
3300012631_3	3300012631_3							unsupervised
3300005529_56	3300005529_56							unsupervised
3300029788_13	3300029788_13							unsupervised
3300029702_28	3300029702_28							unsupervised
3300008419_2	3300008419_2							unsupervised
3300025679_17	3300025679_17							unsupervised
3300027835_51	3300027835_51							unsupervised
3300011230_1	3300011230_1							unsupervised
3300028048_87	3300028048_87							unsupervised
3300029376_17	3300029376_17							unsupervised
3300011604_2	3300011604_2							unsupervised
3300028991_2	3300028991_2							unsupervised
3300029594_20	3300029594_20							unsupervised
3300029257_20	3300029257_20							unsupervised
GCA_000950615.1_AUS-COTS_V0.5_genomic	Acanthaster planci		Echinodermata	Asteroidea	Valvatida	Acanthasteridae	Acanthaster	unsupervised
3300029354_26	3300029354_26							unsupervised
3300007996_12	3300007996_12							unsupervised
3300020222_64	3300020222_64							unsupervised
3300009566_5	3300009566_5							unsupervised
3300029583_13	3300029583_13							unsupervised
3300012533_40	3300012533_40							unsupervised
3300011726_4	3300011726_4							unsupervised
3300003868_3	3300003868_3							unsupervised
3300012824_7	3300012824_7							unsupervised
3300020198_16	3300020198_16							unsupervised
3300020477_34	3300020477_34							unsupervised
3300029617_11	3300029617_11							unsupervised
3300010269_28	3300010269_28							unsupervised
3300011223_3	3300011223_3							unsupervised
3300025624_3	3300025624_3							unsupervised
3300028557_40	3300028557_40							unsupervised
3300028576_16	3300028576_16							unsupervised
3300017426_21	3300017426_21							unsupervised
3300029713_21	3300029713_21							unsupervised
3300007853_2	3300007853_2							unsupervised
3300027606_11	3300027606_11							unsupervised
3300029634_11	3300029634_11							unsupervised
3300029355_14	3300029355_14							unsupervised
3300029391_16	3300029391_16							unsupervised
3300007976_17	3300007976_17							unsupervised
3300029851_24	3300029851_24							unsupervised
3300020295_2	3300020295_2							unsupervised
3300029877_6	3300029877_6							unsupervised
3300029738_25	3300029738_25							unsupervised
3300008063_22	3300008063_22							unsupervised
3300029257_12	3300029257_12							unsupervised
3300029073_4	3300029073_4							unsupervised
3300029358_9	3300029358_9							unsupervised
3300027373_15	3300027373_15							unsupervised
3300029114_11	3300029114_11							unsupervised
3300027284_25	3300027284_25							unsupervised
3300027510_24	3300027510_24							unsupervised
3300029523_29	3300029523_29							unsupervised
3300029618_23	3300029618_23							unsupervised
3300027800_18	3300027800_18							unsupervised
3300003178_3	3300003178_3							unsupervised
3300029212_8	3300029212_8							unsupervised
3300006502_25	3300006502_25							unsupervised
3300014589_2	3300014589_2							unsupervised
3300029847_32	3300029847_32							unsupervised
3300029135_16	3300029135_16							unsupervised
3300029538_9	3300029538_9							unsupervised
3300029211_5	3300029211_5							unsupervised
3300011859_1	3300011859_1							unsupervised
3300011815_1	3300011815_1							unsupervised
3300025678_39	3300025678_39							unsupervised
3300029478_17	3300029478_17							unsupervised
3300025855_19	3300025855_19							unsupervised
3300029366_4	3300029366_4							unsupervised
3300028631_15	3300028631_15							unsupervised
3300027224_4	3300027224_4							unsupervised
3300024044_14	3300024044_14							unsupervised
3300029389_17	3300029389_17							unsupervised
3300026797_2	3300026797_2							unsupervised
3300025347_23	3300025347_23							unsupervised
3300008346_15	3300008346_15							unsupervised
3300025673_14	3300025673_14							unsupervised
3300012894_9	3300012894_9							unsupervised
3300029719_27	3300029719_27							unsupervised
3300008585_3	3300008585_3							unsupervised
3300023249_8	3300023249_8							unsupervised
3300029519_19	3300029519_19							unsupervised
3300029544_13	3300029544_13							unsupervised
3300027239_5	3300027239_5							unsupervised
3300026963_3	3300026963_3							unsupervised
3300029106_8	3300029106_8							unsupervised
3300019487_24	3300019487_24							unsupervised
3300025179_2	3300025179_2							unsupervised
3300022750_9	3300022750_9							unsupervised
3300013922_1	3300013922_1							unsupervised
3300029698_11	3300029698_11							unsupervised
3300025695_18	3300025695_18							unsupervised
3300013132_99	3300013132_99							unsupervised
3300025724_5	3300025724_5							unsupervised
3300007940_3	3300007940_3							unsupervised
3300011903_3	3300011903_3							unsupervised
3300025575_12	3300025575_12							unsupervised
3300005838_15	3300005838_15							unsupervised
3300009363_19	3300009363_19							unsupervised
3300020183_41	3300020183_41							unsupervised
3300013502_12	3300013502_12							unsupervised
3300027851_30	3300027851_30							unsupervised
3300028265_1	3300028265_1							unsupervised
3300026236_3	3300026236_3							unsupervised
3300029877_9	3300029877_9							unsupervised
3300012829_15	3300012829_15							unsupervised
3300026971_1	3300026971_1							unsupervised
3300011986_6	3300011986_6							unsupervised
3300015360_72	3300015360_72							unsupervised
3300029204_17	3300029204_17							unsupervised
3300019374_16	3300019374_16							unsupervised
3300021387_81	3300021387_81							unsupervised
3300020591_8	3300020591_8							unsupervised
3300029556_9	3300029556_9							unsupervised
3300011602_5	3300011602_5							unsupervised
3300027276_37	3300027276_37							unsupervised
3300013014_18	3300013014_18							unsupervised
3300029650_6	3300029650_6							unsupervised
3300025890_31	3300025890_31							unsupervised
3300011985_13	3300011985_13							unsupervised
3300020477_39	3300020477_39							unsupervised
3300029712_11	3300029712_11							unsupervised
3300007348_2	3300007348_2							unsupervised
3300025229_9	3300025229_9							unsupervised
3300010269_37	3300010269_37							unsupervised
3300011833_4	3300011833_4							unsupervised
3300008153_7	3300008153_7							unsupervised
3300012274_3	3300012274_3							unsupervised
3300011749_5	3300011749_5							unsupervised
3300020144_10	3300020144_10							unsupervised
3300029176_6	3300029176_6							unsupervised
3300025669_5	3300025669_5							unsupervised
3300013882_2	3300013882_2							unsupervised
3300029795_33	3300029795_33							unsupervised
3300005286_10	3300005286_10							unsupervised
3300027965_34	3300027965_34							unsupervised
3300029388_9	3300029388_9							unsupervised
3300029066_2	3300029066_2							unsupervised
3300028569_25	3300028569_25							unsupervised
3300007222_7	3300007222_7							unsupervised
3300011742_2	3300011742_2							unsupervised
3300005661_8	3300005661_8							unsupervised
3300028582_22	3300028582_22							unsupervised
3300029441_12	3300029441_12							unsupervised
3300029426_17	3300029426_17							unsupervised
3300007853_11	3300007853_11							unsupervised
3300003272_11	3300003272_11							unsupervised
3300006195_27	3300006195_27							unsupervised
3300029577_8	3300029577_8							unsupervised
3300027322_3	3300027322_3							unsupervised
3300010055_9	3300010055_9							unsupervised
3300008623_1	3300008623_1							unsupervised
3300014149_8	3300014149_8							unsupervised
3300008541_30	3300008541_30							unsupervised
3300007994_13	3300007994_13							unsupervised
3300013131_97	3300013131_97							unsupervised
3300010280_36	3300010280_36							unsupervised
3300029712_13	3300029712_13							unsupervised
3300018018_22	3300018018_22							unsupervised
3300029458_5	3300029458_5							unsupervised
3300011701_2	3300011701_2							unsupervised
3300029383_8	3300029383_8							unsupervised
3300028603_106	3300028603_106							unsupervised
3300029135_26	3300029135_26							unsupervised
3300029513_10	3300029513_10							unsupervised
3300010265_20	3300010265_20							unsupervised
3300029439_23	3300029439_23							unsupervised
3300008638_3	3300008638_3							unsupervised
3300014552_3	3300014552_3							unsupervised
3300029412_18	3300029412_18							unsupervised
3300010428_46	3300010428_46							unsupervised
3300029456_6	3300029456_6							unsupervised
3300029475_18	3300029475_18							unsupervised
3300027968_33	3300027968_33							unsupervised
3300022912_40	3300022912_40							unsupervised
3300006564_29	3300006564_29							unsupervised
3300029088_9	3300029088_9							unsupervised
3300029852_14	3300029852_14							unsupervised
3300025342_3	3300025342_3							unsupervised
3300013621_1	3300013621_1							unsupervised
3300008672_21	3300008672_21							unsupervised
3300023055_12	3300023055_12							unsupervised
3300024221_7	3300024221_7							unsupervised
3300020152_14	3300020152_14							unsupervised
3300008079_6	3300008079_6							unsupervised
3300029830_20	3300029830_20							unsupervised
3300020185_38	3300020185_38							unsupervised
3300014018_1	3300014018_1							unsupervised
3300014684_4	3300014684_4							unsupervised
3300014536_3	3300014536_3							unsupervised
3300024951_2	3300024951_2							unsupervised
3300027509_25	3300027509_25							unsupervised
3300026561_11	3300026561_11							unsupervised
3300020201_39	3300020201_39							unsupervised
3300011571_4	3300011571_4							unsupervised
3300018024_19	3300018024_19							unsupervised
3300025681_15	3300025681_15							unsupervised
3300029206_10	3300029206_10							unsupervised
3300014963_13	3300014963_13							unsupervised
3300025608_12	3300025608_12							unsupervised
3300029784_9	3300029784_9							unsupervised
3300029443_26	3300029443_26							unsupervised
3300026972_7	3300026972_7							unsupervised
3300010279_7	3300010279_7							unsupervised
3300013692_2	3300013692_2							unsupervised
3300008103_10	3300008103_10							unsupervised
3300029075_5	3300029075_5							unsupervised
3300014514_4	3300014514_4							unsupervised
3300029419_18	3300029419_18							unsupervised
3300008155_21	3300008155_21							unsupervised
3300029368_9	3300029368_9							unsupervised
3300025587_25	3300025587_25							unsupervised
3300027015_4	3300027015_4							unsupervised
3300029738_23	3300029738_23							unsupervised
3300025859_44	3300025859_44							unsupervised
3300029350_11	3300029350_11							unsupervised
3300024252_13	3300024252_13							unsupervised
3300028418_10	3300028418_10							unsupervised
Lottia	Lottia							unsupervised
3300000164_13	3300000164_13							unsupervised
3300027276_28	3300027276_28							unsupervised
3300029746_22	3300029746_22							unsupervised
3300007722_55	3300007722_55							unsupervised
3300029056_20	3300029056_20							unsupervised
3300005298_15	3300005298_15							unsupervised
3300029394_16	3300029394_16							unsupervised
3300025342_2	3300025342_2							unsupervised
3300026518_7	3300026518_7							unsupervised
3300025286_10	3300025286_10							unsupervised
3300021604_8	3300021604_8							unsupervised
3300008512_1	3300008512_1							unsupervised
3300029528_8	3300029528_8							unsupervised
3300029013_12	3300029013_12							unsupervised
2061766007_88	2061766007_88							unsupervised
3300029292_13	3300029292_13							unsupervised
3300029815_18	3300029815_18							unsupervised
3300012837_13	3300012837_13							unsupervised
3300029563_24	3300029563_24							unsupervised
3300014557_14	3300014557_14							unsupervised
3300012246_1	3300012246_1							unsupervised
3300029437_8	3300029437_8							unsupervised
3300014530_9	3300014530_9							unsupervised
3300029607_30	3300029607_30							unsupervised
3300008128_2	3300008128_2							unsupervised
3300025909_105	3300025909_105							unsupervised
3300029563_10	3300029563_10							unsupervised
3300029571_20	3300029571_20							unsupervised
3300007853_5	3300007853_5							unsupervised
3300008734_12	3300008734_12							unsupervised
3300029888_13	3300029888_13							unsupervised
3300007296_21	3300007296_21							unsupervised
3300029194_13	3300029194_13							unsupervised
3300025044_15	3300025044_15							unsupervised
3300027276_46	3300027276_46							unsupervised
3300007798_5	3300007798_5							unsupervised
3300029040_7	3300029040_7							unsupervised
3300026290_37	3300026290_37							unsupervised
3300013006_53	3300013006_53							unsupervised
3300028969_5	3300028969_5							unsupervised
3300006523_8	3300006523_8							unsupervised
3300029394_27	3300029394_27							unsupervised
3300025224_6	3300025224_6							unsupervised
3300027958_14	3300027958_14							unsupervised
3300029738_21	3300029738_21							unsupervised
3300029331_7	3300029331_7							unsupervised
3300025201_4	3300025201_4							unsupervised
3300010262_20	3300010262_20							unsupervised
3300021561_29	3300021561_29							unsupervised
3300011153_2	3300011153_2							unsupervised
3300027968_22	3300027968_22							unsupervised
3300025266_10	3300025266_10							unsupervised
3300028073_7	3300028073_7							unsupervised
3300028269_1	3300028269_1							unsupervised
3300008060_3	3300008060_3							unsupervised
3300029329_15	3300029329_15							unsupervised
3300003093_1	3300003093_1							unsupervised
3300029435_11	3300029435_11							unsupervised
3300025477_17	3300025477_17							unsupervised
3300029860_14	3300029860_14							unsupervised
3300005326_28	3300005326_28							unsupervised
3300020109_82	3300020109_82							unsupervised
3300025913_28	3300025913_28							unsupervised
3300014826_10	3300014826_10							unsupervised
3300012848_3	3300012848_3							unsupervised
3300029488_22	3300029488_22							unsupervised
3300018430_71	3300018430_71							unsupervised
3300020204_41	3300020204_41							unsupervised
3300007802_10	3300007802_10							unsupervised
3300010275_23	3300010275_23							unsupervised
3300029714_6	3300029714_6							unsupervised
3300025682_58	3300025682_58							unsupervised
3300002092_7	3300002092_7							unsupervised
3300029708_19	3300029708_19							unsupervised
3300021444_5	3300021444_5							unsupervised
3300029748_24	3300029748_24							unsupervised
3300029777_11	3300029777_11							unsupervised
3300024954_3	3300024954_3							unsupervised
3300022661_64	3300022661_64							unsupervised
3300005286_51	3300005286_51							unsupervised
3300012842_1	3300012842_1							unsupervised
3300025809_42	3300025809_42							unsupervised
3300014808_9	3300014808_9							unsupervised
3300020478_31	3300020478_31							unsupervised
3300029546_11	3300029546_11							unsupervised
3300029527_2	3300029527_2							unsupervised
3300027863_179	3300027863_179							unsupervised
3300022862_6	3300022862_6							unsupervised
3300029241_10	3300029241_10							unsupervised
3300027566_13	3300027566_13							unsupervised
3300013982_1	3300013982_1							unsupervised
3300029707_29	3300029707_29							unsupervised
3300029399_10	3300029399_10							unsupervised
3300029339_9	3300029339_9							unsupervised
3300029906_27	3300029906_27							unsupervised
3300011907_5	3300011907_5							unsupervised
3300005529_129	3300005529_129							unsupervised
3300029295_14	3300029295_14							unsupervised
3300005964_7	3300005964_7							unsupervised
3300029749_7	3300029749_7							unsupervised
3300029099_6	3300029099_6							unsupervised
3300027980_14	3300027980_14							unsupervised
3300029720_41	3300029720_41							unsupervised
3300029570_26	3300029570_26							unsupervised
3300024038_7	3300024038_7							unsupervised
3300009772_7	3300009772_7							unsupervised
3300029343_24	3300029343_24							unsupervised
3300011359_1	3300011359_1							unsupervised
3300012824_13	3300012824_13							unsupervised
3300008717_10	3300008717_10							unsupervised
3300014573_6	3300014573_6							unsupervised
3300027532_14	3300027532_14							unsupervised
3300025762_43	3300025762_43							unsupervised
3300012067_2	3300012067_2							unsupervised
3300025809_51	3300025809_51							unsupervised
3300029076_3	3300029076_3							unsupervised
3300013855_2	3300013855_2							unsupervised
3300017444_52	3300017444_52							unsupervised
3300029338_13	3300029338_13							unsupervised
3300005669_3	3300005669_3							unsupervised
3300007705_8	3300007705_8							unsupervised
3300009770_32	3300009770_32							unsupervised
3300026970_4	3300026970_4							unsupervised
3300012853_7	3300012853_7							unsupervised
3300010162_26	3300010162_26							unsupervised
3300027592_10	3300027592_10							unsupervised
3300026194_21	3300026194_21							unsupervised
3300029197_7	3300029197_7							unsupervised
3300011892_6	3300011892_6							unsupervised
3300029433_13	3300029433_13							unsupervised
3300008547_8	3300008547_8							unsupervised
3300029247_19	3300029247_19							unsupervised
3300026263_16	3300026263_16							unsupervised
3300029563_9	3300029563_9							unsupervised
3300021319_36	3300021319_36							unsupervised
3300012821_4	3300012821_4							unsupervised
3300029532_9	3300029532_9							unsupervised
3300027796_41	3300027796_41							unsupervised
3300021843_36	3300021843_36							unsupervised
3300021387_133	3300021387_133							unsupervised
3300011900_2	3300011900_2							unsupervised
3300029375_12	3300029375_12							unsupervised
3300011213_7	3300011213_7							unsupervised
3300011736_4	3300011736_4							unsupervised
3300029621_15	3300029621_15							unsupervised
3300026194_22	3300026194_22							unsupervised
3300020183_29	3300020183_29							unsupervised
3300014963_40	3300014963_40							unsupervised
3300025740_7	3300025740_7							unsupervised
3300022661_88	3300022661_88							unsupervised
3300014964_35	3300014964_35							unsupervised
3300026267_9	3300026267_9							unsupervised
3300007500_16	3300007500_16							unsupervised
3300001096_15	3300001096_15							unsupervised
3300012853_4	3300012853_4							unsupervised
3300011603_1	3300011603_1							unsupervised
3300008101_26	3300008101_26							unsupervised
3300029552_5	3300029552_5							unsupervised
3300006215_1	3300006215_1							unsupervised
3300014675_4	3300014675_4							unsupervised
3300008134_16	3300008134_16							unsupervised
3300029352_9	3300029352_9							unsupervised
3300029589_39	3300029589_39							unsupervised
3300026290_3	3300026290_3							unsupervised
3300029694_19	3300029694_19							unsupervised
Abies	Abies							unsupervised
3300008272_10	3300008272_10							unsupervised
3300029608_17	3300029608_17							unsupervised
3300006302_7	3300006302_7							unsupervised
3300002168_49	3300002168_49							unsupervised
3300011604_3	3300011604_3							unsupervised
3300029082_9	3300029082_9							unsupervised
3300025094_18	3300025094_18							unsupervised
3300021318_33	3300021318_33							unsupervised
3300029303_20	3300029303_20							unsupervised
3300029316_16	3300029316_16							unsupervised
3300014970_9	3300014970_9							unsupervised
3300006459_12	3300006459_12							unsupervised
3300029117_16	3300029117_16							unsupervised
3300027276_11	3300027276_11							unsupervised
3300029328_16	3300029328_16							unsupervised
3300027832_48	3300027832_48							unsupervised
3300027810_7	3300027810_7							unsupervised
3300029784_23	3300029784_23							unsupervised
3300011002_21	3300011002_21							unsupervised
3300024356_4	3300024356_4							unsupervised
3300029376_23	3300029376_23							unsupervised
3300029245_27	3300029245_27							unsupervised
3300029057_12	3300029057_12							unsupervised
3300029716_30	3300029716_30							unsupervised
3300011667_3	3300011667_3							unsupervised
3300011492_1	3300011492_1							unsupervised
3300008144_19	3300008144_19							unsupervised
3300011950_5	3300011950_5							unsupervised
3300007519_62	3300007519_62							unsupervised
3300029587_13	3300029587_13							unsupervised
3300027323_30	3300027323_30							unsupervised
3300025231_11	3300025231_11							unsupervised
3300008486_37	3300008486_37							unsupervised
3300027607_43	3300027607_43							unsupervised
3300029661_23	3300029661_23							unsupervised
3300013353_4	3300013353_4							unsupervised
3300011210_2	3300011210_2							unsupervised
3300007067_6	3300007067_6							unsupervised
3300027819_108	3300027819_108							unsupervised
3300029758_19	3300029758_19							unsupervised
3300025229_4	3300025229_4							unsupervised
3300014553_4	3300014553_4							unsupervised
3300012833_4	3300012833_4							unsupervised
3300025161_66	3300025161_66							unsupervised
3300008155_7	3300008155_7							unsupervised
GCA_000002975.1_ASM297v1_genomic	Guillardia theta			Cryptophyceae	Pyrenomonadales	Geminigeraceae	Guillardia	unsupervised
3300026287_17	3300026287_17							unsupervised
3300029763_16	3300029763_16							unsupervised
3300029120_25	3300029120_25							unsupervised
3300025093_10	3300025093_10							unsupervised
3300007793_18	3300007793_18							unsupervised
3300029395_16	3300029395_16							unsupervised
3300028047_19	3300028047_19							unsupervised
3300020726_3	3300020726_3							unsupervised
3300011807_4	3300011807_4							unsupervised
3300027773_19	3300027773_19							unsupervised
3300022912_28	3300022912_28							unsupervised
3300011593_2	3300011593_2							unsupervised
3300011783_5	3300011783_5							unsupervised
3300025847_45	3300025847_45							unsupervised
3300029633_5	3300029633_5							unsupervised
3300020383_8	3300020383_8							unsupervised
3300012648_3	3300012648_3							unsupervised
3300008680_22	3300008680_22							unsupervised
3300008728_37	3300008728_37							unsupervised
3300025296_53	3300025296_53							unsupervised
3300011985_20	3300011985_20							unsupervised
3300006321_26	3300006321_26							unsupervised
3300027733_7	3300027733_7							unsupervised
3300019775_6	3300019775_6							unsupervised
3300027607_10	3300027607_10							unsupervised
3300009393_13	3300009393_13							unsupervised
3300018475_131	3300018475_131							unsupervised
3300029245_22	3300029245_22							unsupervised
3300005460_47	3300005460_47							unsupervised
3300006292_33	3300006292_33							unsupervised
3300012842_15	3300012842_15							unsupervised
3300026863_14	3300026863_14							unsupervised
3300014815_19	3300014815_19							unsupervised
3300012834_7	3300012834_7							unsupervised
3300008520_21	3300008520_21							unsupervised
3300011513_4	3300011513_4							unsupervised
3300027491_8	3300027491_8							unsupervised
3300005286_31	3300005286_31							unsupervised
3300010263_10	3300010263_10							unsupervised
3300017540_18	3300017540_18							unsupervised
3300018878_161	3300018878_161							unsupervised
3300021091_56	3300021091_56							unsupervised
3300017518_41	3300017518_41							unsupervised
3300011761_2	3300011761_2							unsupervised
3300017650_9	3300017650_9							unsupervised
3300029703_29	3300029703_29							unsupervised
3300025292_12	3300025292_12							unsupervised
3300029386_10	3300029386_10							unsupervised
3300029815_24	3300029815_24							unsupervised
3300028067_2	3300028067_2							unsupervised
3300021338_8	3300021338_8							unsupervised
GCA_000091205.1_ASM9120v1_genomic	Cyanidioschyzon merolae		Rhodophyta	Bangiophyceae	Cyanidiales	Cyanidiaceae	Cyanidioschyzon	unsupervised
3300008360_21	3300008360_21							unsupervised
3300017646_14	3300017646_14							unsupervised
3300010263_8	3300010263_8							unsupervised
3300008404_5	3300008404_5							unsupervised
3300025665_34	3300025665_34							unsupervised
3300022753_118	3300022753_118							unsupervised
3300028083_2	3300028083_2							unsupervised
3300027566_83	3300027566_83							unsupervised
3300029589_37	3300029589_37							unsupervised
3300027773_56	3300027773_56							unsupervised
3300027848_58	3300027848_58							unsupervised
3300000032_19	3300000032_19							unsupervised
3300029441_10	3300029441_10							unsupervised
3300029583_14	3300029583_14							unsupervised
3300012816_4	3300012816_4							unsupervised
3300025498_18	3300025498_18							unsupervised
3300027980_40	3300027980_40							unsupervised
3300029848_17	3300029848_17							unsupervised
3300001567_19	3300001567_19							unsupervised
3300007299_21	3300007299_21							unsupervised
3300018415_20	3300018415_20							unsupervised
3300029368_14	3300029368_14							unsupervised
3300025611_5	3300025611_5							unsupervised
3300025613_6	3300025613_6							unsupervised
3300029137_5	3300029137_5							unsupervised
3300027276_4	3300027276_4							unsupervised
3300014938_6	3300014938_6							unsupervised
3300029634_7	3300029634_7							unsupervised
3300025478_15	3300025478_15							unsupervised
3300025851_28	3300025851_28							unsupervised
3300025471_27	3300025471_27							unsupervised
3300025248_7	3300025248_7							unsupervised
3300014593_1	3300014593_1							unsupervised
3300014790_6	3300014790_6							unsupervised
3300029774_18	3300029774_18							unsupervised
3300020074_60	3300020074_60							unsupervised
3300027283_33	3300027283_33							unsupervised
3300025236_15	3300025236_15							unsupervised
3300029653_6	3300029653_6							unsupervised
3300021387_97	3300021387_97							unsupervised
3300007966_29	3300007966_29							unsupervised
3300029593_16	3300029593_16							unsupervised
3300008272_24	3300008272_24							unsupervised
3300009772_26	3300009772_26							unsupervised
3300029621_35	3300029621_35							unsupervised
3300029843_11	3300029843_11							unsupervised
3300029046_7	3300029046_7							unsupervised
3300029532_3	3300029532_3							unsupervised
3300010259_13	3300010259_13							unsupervised
3300029097_4	3300029097_4							unsupervised
3300008330_4	3300008330_4							unsupervised
3300029717_40	3300029717_40							unsupervised
3300029038_5	3300029038_5							unsupervised
3300025740_4	3300025740_4							unsupervised
3300013296_23	3300013296_23							unsupervised
3300025706_29	3300025706_29							unsupervised
3300011869_4	3300011869_4							unsupervised
3300029513_15	3300029513_15							unsupervised
3300020083_52	3300020083_52							unsupervised
3300029610_39	3300029610_39							unsupervised
3300029582_21	3300029582_21							unsupervised
3300006502_12	3300006502_12							unsupervised
3300013823_2	3300013823_2							unsupervised
3300029580_22	3300029580_22							unsupervised
2061766007_87	2061766007_87							unsupervised
3300025216_2	3300025216_2							unsupervised
3300029841_25	3300029841_25							unsupervised
3300022661_83	3300022661_83							unsupervised
3300029021_11	3300029021_11							unsupervised
3300008676_14	3300008676_14							unsupervised
3300011925_11	3300011925_11							unsupervised
3300027283_10	3300027283_10							unsupervised
3300011777_4	3300011777_4							unsupervised
3300029232_20	3300029232_20							unsupervised
3300011665_5	3300011665_5							unsupervised
3300011224_2	3300011224_2							unsupervised
3300010285_21	3300010285_21							unsupervised
3300025409_12	3300025409_12							unsupervised
3300010278_8	3300010278_8							unsupervised
3300025922_27	3300025922_27							unsupervised
3300026311_69	3300026311_69							unsupervised
3300029487_18	3300029487_18							unsupervised
3300012847_6	3300012847_6							unsupervised
3300029312_3	3300029312_3							unsupervised
3300017389_3	3300017389_3							unsupervised
3300027323_42	3300027323_42							unsupervised
3300010312_7	3300010312_7							unsupervised
3300020455_17	3300020455_17							unsupervised
3300010283_9	3300010283_9							unsupervised
3300008491_5	3300008491_5							unsupervised
3300024498_1	3300024498_1							unsupervised
3300012241_4	3300012241_4							unsupervised
3300029373_14	3300029373_14							unsupervised
2025206003_8	2025206003_8							unsupervised
3300029537_20	3300029537_20							unsupervised
3300025698_9	3300025698_9							unsupervised
3300027348_4	3300027348_4							unsupervised
3300026703_6	3300026703_6							unsupervised
3300008751_3	3300008751_3							unsupervised
3300014784_8	3300014784_8							unsupervised
3300013285_3	3300013285_3							unsupervised
3300017494_17	3300017494_17							unsupervised
3300007083_3	3300007083_3							unsupervised
3300025299_9	3300025299_9							unsupervised
3300027509_19	3300027509_19							unsupervised
3300029877_12	3300029877_12							unsupervised
3300025303_17	3300025303_17							unsupervised
3300025713_38	3300025713_38							unsupervised
3300001598_80	3300001598_80							unsupervised
3300007501_1	3300007501_1							unsupervised
3300029507_15	3300029507_15							unsupervised
3300019458_15	3300019458_15							unsupervised
3300027826_14	3300027826_14							unsupervised
3300015370_36	3300015370_36							unsupervised
3300026339_4	3300026339_4							unsupervised
3300029371_9	3300029371_9							unsupervised
3300010261_6	3300010261_6							unsupervised
3300029360_35	3300029360_35							unsupervised
3300027607_24	3300027607_24							unsupervised
3300027319_9	3300027319_9							unsupervised
3300025809_66	3300025809_66							unsupervised
3300011656_1	3300011656_1							unsupervised
3300029716_25	3300029716_25							unsupervised
3300026986_10	3300026986_10							unsupervised
3300029381_47	3300029381_47							unsupervised
3300007500_28	3300007500_28							unsupervised
3300025267_11	3300025267_11							unsupervised
3300029420_10	3300029420_10							unsupervised
3300012861_5	3300012861_5							unsupervised
3300025296_10	3300025296_10							unsupervised
3300022661_124	3300022661_124							unsupervised
3300029487_21	3300029487_21							unsupervised
3300025679_22	3300025679_22							unsupervised
3300012862_4	3300012862_4							unsupervised
3300029518_14	3300029518_14							unsupervised
3300029818_9	3300029818_9							unsupervised
3300013125_98	3300013125_98							unsupervised
3300022741_6	3300022741_6							unsupervised
3300013497_2	3300013497_2							unsupervised
3300002481_23	3300002481_23							unsupervised
3300029434_29	3300029434_29							unsupervised
3300018013_19	3300018013_19							unsupervised
3300029782_31	3300029782_31							unsupervised
3300029606_7	3300029606_7							unsupervised
3300002504_22	3300002504_22							unsupervised
3300029136_28	3300029136_28							unsupervised
3300027796_55	3300027796_55							unsupervised
3300012148_12	3300012148_12							unsupervised
3300029566_20	3300029566_20							unsupervised
3300013485_2	3300013485_2							unsupervised
3300020418_7	3300020418_7							unsupervised
3300025303_19	3300025303_19							unsupervised
3300029178_5	3300029178_5							unsupervised
3300029884_19	3300029884_19							unsupervised
3300029056_10	3300029056_10							unsupervised
3300025775_29	3300025775_29							unsupervised
3300007356_5	3300007356_5							unsupervised
3300000032_18	3300000032_18							unsupervised
3300017987_38	3300017987_38							unsupervised
3300026288_10	3300026288_10							unsupervised
3300012324_3	3300012324_3							unsupervised
3300008363_7	3300008363_7							unsupervised
3300026256_26	3300026256_26							unsupervised
3300001781_7	3300001781_7							unsupervised
3300018427_55	3300018427_55							unsupervised
3300017434_34	3300017434_34							unsupervised
3300029712_25	3300029712_25							unsupervised
3300027864_34	3300027864_34							unsupervised
3300006257_11	3300006257_11							unsupervised
3300011863_2	3300011863_2							unsupervised
3300011564_3	3300011564_3							unsupervised
3300017444_71	3300017444_71							unsupervised
3300026561_5	3300026561_5							unsupervised
3300029793_12	3300029793_12							unsupervised
3300012533_33	3300012533_33							unsupervised
3300011944_1	3300011944_1							unsupervised
3300011485_2	3300011485_2							unsupervised
3300027276_49	3300027276_49							unsupervised
3300002091_4	3300002091_4							unsupervised
3300029219_14	3300029219_14							unsupervised
3300021301_4	3300021301_4							unsupervised
3300029752_9	3300029752_9							unsupervised
3300022825_6	3300022825_6							unsupervised
3300029364_13	3300029364_13							unsupervised
3300029181_6	3300029181_6							unsupervised
3300024043_4	3300024043_4							unsupervised
3300004761_3	3300004761_3							unsupervised
3300029363_24	3300029363_24							unsupervised
3300008481_37	3300008481_37							unsupervised
3300029435_30	3300029435_30							unsupervised
3300029406_13	3300029406_13							unsupervised
3300024327_26	3300024327_26							unsupervised
3300007942_2	3300007942_2							unsupervised
3300007500_17	3300007500_17							unsupervised
3300029393_23	3300029393_23							unsupervised
3300017991_26	3300017991_26							unsupervised
3300029825_10	3300029825_10							unsupervised
3300025644_18	3300025644_18							unsupervised
3300025525_22	3300025525_22							unsupervised
3300018018_15	3300018018_15							unsupervised
3300017658_24	3300017658_24							unsupervised
3300028641_7	3300028641_7							unsupervised
3300010260_15	3300010260_15							unsupervised
3300021311_23	3300021311_23							unsupervised
3300025518_16	3300025518_16							unsupervised
3300026311_47	3300026311_47							unsupervised
3300029791_30	3300029791_30							unsupervised
3300017518_39	3300017518_39							unsupervised
3300011849_1	3300011849_1							unsupervised
3300012864_9	3300012864_9							unsupervised
3300024946_3	3300024946_3							unsupervised
3300025361_7	3300025361_7							unsupervised
3300018026_19	3300018026_19							unsupervised
3300029594_27	3300029594_27							unsupervised
3300028048_69	3300028048_69							unsupervised
3300018475_104	3300018475_104							unsupervised
3300029733_11	3300029733_11							unsupervised
3300025298_19	3300025298_19							unsupervised
3300005858_7	3300005858_7							unsupervised
3300006292_8	3300006292_8							unsupervised
3300029421_14	3300029421_14							unsupervised
3300020458_5	3300020458_5							unsupervised
3300029341_23	3300029341_23							unsupervised
3300014725_1	3300014725_1							unsupervised
3300008537_22	3300008537_22							unsupervised
3300020400_24	3300020400_24							unsupervised
3300008571_18	3300008571_18							unsupervised
3300020386_8	3300020386_8							unsupervised
3300023210_10	3300023210_10							unsupervised
3300029847_18	3300029847_18							unsupervised
3300020695_3	3300020695_3							unsupervised
3300029227_20	3300029227_20							unsupervised
3300029743_22	3300029743_22							unsupervised
3300011868_3	3300011868_3							unsupervised
3300020220_77	3300020220_77							unsupervised
3300025048_1	3300025048_1							unsupervised
3300025720_11	3300025720_11							unsupervised
3300018910_10	3300018910_10							unsupervised
3300008333_8	3300008333_8							unsupervised
3300012842_4	3300012842_4							unsupervised
3300025714_13	3300025714_13							unsupervised
3300022181_61	3300022181_61							unsupervised
3300000355_5	3300000355_5							unsupervised
2049941000_68	2049941000_68							unsupervised
3300012805_9	3300012805_9							unsupervised
3300027510_27	3300027510_27							unsupervised
3300005281_17	3300005281_17							unsupervised
3300029664_15	3300029664_15							unsupervised
3300011609_2	3300011609_2							unsupervised
3300025520_10	3300025520_10							unsupervised
3300007222_19	3300007222_19							unsupervised
3300028569_57	3300028569_57							unsupervised
3300011624_1	3300011624_1							unsupervised
3300010167_84	3300010167_84							unsupervised
3300013131_41	3300013131_41							unsupervised
3300029326_6	3300029326_6							unsupervised
3300025229_7	3300025229_7							unsupervised
3300017532_35	3300017532_35							unsupervised
3300026286_12	3300026286_12							unsupervised
3300006261_1	3300006261_1							unsupervised
3300008282_9	3300008282_9							unsupervised
3300008271_26	3300008271_26							unsupervised
3300029589_27	3300029589_27							unsupervised
3300024328_7	3300024328_7							unsupervised
3300017419_13	3300017419_13							unsupervised
3300025257_6	3300025257_6							unsupervised
3300029407_5	3300029407_5							unsupervised
3300029760_11	3300029760_11							unsupervised
3300010162_92	3300010162_92							unsupervised
3300007208_13	3300007208_13							unsupervised
3300022838_9	3300022838_9							unsupervised
3300029771_18	3300029771_18							unsupervised
3300024905_1	3300024905_1							unsupervised
3300029324_13	3300029324_13							unsupervised
3300017448_24	3300017448_24							unsupervised
3300010162_49	3300010162_49							unsupervised
3300026284_14	3300026284_14							unsupervised
3300017991_81	3300017991_81							unsupervised
3300029437_29	3300029437_29							unsupervised
3300024044_12	3300024044_12							unsupervised
3300029418_13	3300029418_13							unsupervised
3300025715_27	3300025715_27							unsupervised
3300011979_9	3300011979_9							unsupervised
3300029845_11	3300029845_11							unsupervised
3300014026_14	3300014026_14							unsupervised
3300013004_58	3300013004_58							unsupervised
3300025897_26	3300025897_26							unsupervised
3300026289_3	3300026289_3							unsupervised
3300014548_14	3300014548_14							unsupervised
3300029406_18	3300029406_18							unsupervised
3300021254_58	3300021254_58							unsupervised
3300011563_4	3300011563_4							unsupervised
3300025861_117	3300025861_117							unsupervised
3300012281_1	3300012281_1							unsupervised
3300011851_7	3300011851_7							unsupervised
3300018917_9	3300018917_9							unsupervised
3300022833_7	3300022833_7							unsupervised
3300029353_18	3300029353_18							unsupervised
3300028198_11	3300028198_11							unsupervised
3300029566_14	3300029566_14							unsupervised
3300006498_25	3300006498_25							unsupervised
3300029376_7	3300029376_7							unsupervised
3300029859_25	3300029859_25							unsupervised
3300025597_8	3300025597_8							unsupervised
3300012812_8	3300012812_8							unsupervised
3300016445_5	3300016445_5							unsupervised
3300025862_28	3300025862_28							unsupervised
3300021306_15	3300021306_15							unsupervised
3300021343_13	3300021343_13							unsupervised
3300029702_20	3300029702_20							unsupervised
3300027784_97	3300027784_97							unsupervised
3300010428_21	3300010428_21							unsupervised
3300027026_6	3300027026_6							unsupervised
3300014540_7	3300014540_7							unsupervised
3300029329_17	3300029329_17							unsupervised
3300012003_21	3300012003_21							unsupervised
3300029764_13	3300029764_13							unsupervised
3300025719_22	3300025719_22							unsupervised
3300027885_37	3300027885_37							unsupervised
3300027305_4	3300027305_4							unsupervised
3300029486_12	3300029486_12							unsupervised
3300011685_2	3300011685_2							unsupervised
3300017400_33	3300017400_33							unsupervised
3300029737_14	3300029737_14							unsupervised
3300006226_121	3300006226_121							unsupervised
3300027051_71	3300027051_71							unsupervised
3300000383_9	3300000383_9							unsupervised
3300027834_16	3300027834_16							unsupervised
3300025341_10	3300025341_10							unsupervised
3300027851_47	3300027851_47							unsupervised
3300029679_14	3300029679_14							unsupervised
3300025613_43	3300025613_43							unsupervised
3300014789_7	3300014789_7							unsupervised
3300028571_24	3300028571_24							unsupervised
3300012077_3	3300012077_3							unsupervised
3300014008_1	3300014008_1							unsupervised
3300029457_8	3300029457_8							unsupervised
3300029857_43	3300029857_43							unsupervised
3300013989_2	3300013989_2							unsupervised
3300011668_3	3300011668_3							unsupervised
3300012940_25	3300012940_25							unsupervised
3300017400_16	3300017400_16							unsupervised
3300014824_24	3300014824_24							unsupervised
3300029768_17	3300029768_17							unsupervised
3300023227_1	3300023227_1							unsupervised
3300021472_22	3300021472_22							unsupervised
3300014039_21	3300014039_21							unsupervised
3300029553_13	3300029553_13							unsupervised
3300011771_1	3300011771_1							unsupervised
3300025640_37	3300025640_37							unsupervised
3300029735_14	3300029735_14							unsupervised
3300008159_9	3300008159_9							unsupervised
3300025902_15	3300025902_15							unsupervised
3300024499_3	3300024499_3							unsupervised
3300024914_6	3300024914_6							unsupervised
3300025617_31	3300025617_31							unsupervised
3300018014_13	3300018014_13							unsupervised
3300005253_15	3300005253_15							unsupervised
3300010271_7	3300010271_7							unsupervised
3300027051_9	3300027051_9							unsupervised
3300029400_17	3300029400_17							unsupervised
3300008103_5	3300008103_5							unsupervised
3300025534_24	3300025534_24							unsupervised
3300020220_83	3300020220_83							unsupervised
3300022660_88	3300022660_88							unsupervised
3300011682_3	3300011682_3							unsupervised
GCA_026122185.1_ASM2612218v1_genomic	Cyanidiococcus yangmingshanensis		Rhodophyta	Bangiophyceae	Cyanidiales	Cyanidiaceae	Cyanidiococcus	unsupervised
3300007297_9	3300007297_9							unsupervised
3300027835_101	3300027835_101							unsupervised
3300028640_6	3300028640_6							unsupervised
3300027878_49	3300027878_49							unsupervised
3300029494_13	3300029494_13							unsupervised
3300025775_32	3300025775_32							unsupervised
3300016461_4	3300016461_4							unsupervised
3300029245_36	3300029245_36							unsupervised
3300029763_15	3300029763_15							unsupervised
3300012940_44	3300012940_44							unsupervised
3300014595_4	3300014595_4							unsupervised
3300005279_23	3300005279_23							unsupervised
3300029550_11	3300029550_11							unsupervised
3300000227_32	3300000227_32							unsupervised
3300008299_13	3300008299_13							unsupervised
3300029755_18	3300029755_18							unsupervised
3300006312_16	3300006312_16							unsupervised
3300014750_2	3300014750_2							unsupervised
3300017426_13	3300017426_13							unsupervised
3300029120_15	3300029120_15							unsupervised
3300025832_12	3300025832_12							unsupervised
3300024413_4	3300024413_4							unsupervised
3300006299_3	3300006299_3							unsupervised
3300029746_14	3300029746_14							unsupervised
3300006463_32	3300006463_32							unsupervised
3300014546_14	3300014546_14							unsupervised
3300017658_17	3300017658_17							unsupervised
3300027863_63	3300027863_63							unsupervised
3300029060_12	3300029060_12							unsupervised
3300029466_9	3300029466_9							unsupervised
3300006045_85	3300006045_85							unsupervised
3300022823_6	3300022823_6							unsupervised
3300029410_26	3300029410_26							unsupervised
3300011697_2	3300011697_2							unsupervised
3300018008_14	3300018008_14							unsupervised
3300029519_20	3300029519_20							unsupervised
3300017986_27	3300017986_27							unsupervised
3300021485_8	3300021485_8							unsupervised
3300027587_7	3300027587_7							unsupervised
3300029607_23	3300029607_23							unsupervised
3300027796_7	3300027796_7							unsupervised
3300029761_14	3300029761_14							unsupervised
3300029413_18	3300029413_18							unsupervised
3300014949_6	3300014949_6							unsupervised
3300029112_15	3300029112_15							unsupervised
3300012921_22	3300012921_22							unsupervised
3300018878_162	3300018878_162							unsupervised
3300006458_19	3300006458_19							unsupervised
3300001594_53	3300001594_53							unsupervised
3300007184_14	3300007184_14							unsupervised
3300020197_51	3300020197_51							unsupervised
3300011720_1	3300011720_1							unsupervised
3300012886_13	3300012886_13							unsupervised
3300012829_11	3300012829_11							unsupervised
3300008272_19	3300008272_19							unsupervised
3300020420_17	3300020420_17							unsupervised
3300029454_9	3300029454_9							unsupervised
3300022177_26	3300022177_26							unsupervised
3300021515_9	3300021515_9							unsupervised
3300029764_14	3300029764_14							unsupervised
3300029523_31	3300029523_31							unsupervised
3300008413_5	3300008413_5							unsupervised
3300025094_16	3300025094_16							unsupervised
3300012259_4	3300012259_4							unsupervised
3300027283_11	3300027283_11							unsupervised
3300007940_4	3300007940_4							unsupervised
3300012521_30	3300012521_30							unsupervised
3300029709_17	3300029709_17							unsupervised
3300025540_3	3300025540_3							unsupervised
3300007259_1	3300007259_1							unsupervised
3300026549_37	3300026549_37							unsupervised
3300029737_26	3300029737_26							unsupervised
3300017423_5	3300017423_5							unsupervised
3300026255_25	3300026255_25							unsupervised
3300017920_2	3300017920_2							unsupervised
3300008433_4	3300008433_4							unsupervised
3300029497_17	3300029497_17							unsupervised
3300029656_17	3300029656_17							unsupervised
3300025631_4	3300025631_4							unsupervised
3300020196_56	3300020196_56							unsupervised
3300029493_18	3300029493_18							unsupervised
3300029848_16	3300029848_16							unsupervised
3300008622_4	3300008622_4							unsupervised
3300011750_1	3300011750_1							unsupervised
3300025713_61	3300025713_61							unsupervised
3300008155_37	3300008155_37							unsupervised
3300008490_9	3300008490_9							unsupervised
3300027819_100	3300027819_100							unsupervised
3300020372_6	3300020372_6							unsupervised
3300025292_22	3300025292_22							unsupervised
3300029726_10	3300029726_10							unsupervised
3300029313_7	3300029313_7							unsupervised
3300020391_13	3300020391_13							unsupervised
3300029295_6	3300029295_6							unsupervised
3300002054_6	3300002054_6							unsupervised
3300022181_29	3300022181_29							unsupervised
3300029700_25	3300029700_25							unsupervised
3300025617_19	3300025617_19							unsupervised
3300029390_16	3300029390_16							unsupervised
3300011888_3	3300011888_3							unsupervised
3300020415_8	3300020415_8							unsupervised
3300020200_13	3300020200_13							unsupervised
3300006476_19	3300006476_19							unsupervised
3300012810_7	3300012810_7							unsupervised
3300027509_26	3300027509_26							unsupervised
3300027815_50	3300027815_50							unsupervised
3300022661_99	3300022661_99							unsupervised
3300029709_31	3300029709_31							unsupervised
3300014751_7	3300014751_7							unsupervised
3300024930_4	3300024930_4							unsupervised
3300029330_16	3300029330_16							unsupervised
3300011749_4	3300011749_4							unsupervised
3300026257_15	3300026257_15							unsupervised
3300013721_3	3300013721_3							unsupervised
3300005043_7	3300005043_7							unsupervised
3300027510_46	3300027510_46							unsupervised
3300014565_6	3300014565_6							unsupervised
3300022738_9	3300022738_9							unsupervised
3300029788_19	3300029788_19							unsupervised
3300007120_4	3300007120_4							unsupervised
3300029710_26	3300029710_26							unsupervised
3300008745_2	3300008745_2							unsupervised
3300029617_14	3300029617_14							unsupervised
3300013126_15	3300013126_15							unsupervised
3300024954_10	3300024954_10							unsupervised
3300020386_6	3300020386_6							unsupervised
3300027358_7	3300027358_7							unsupervised
3300025713_13	3300025713_13							unsupervised
3300011848_3	3300011848_3							unsupervised
3300029875_13	3300029875_13							unsupervised
3300011800_1	3300011800_1							unsupervised
3300029443_20	3300029443_20							unsupervised
3300028912_1	3300028912_1							unsupervised
3300025899_14	3300025899_14							unsupervised
3300010998_45	3300010998_45							unsupervised
3300014530_8	3300014530_8							unsupervised
3300018875_4	3300018875_4							unsupervised
3300011384_1	3300011384_1							unsupervised
3300027015_8	3300027015_8							unsupervised
3300010274_41	3300010274_41							unsupervised
3300029530_16	3300029530_16							unsupervised
3300029432_12	3300029432_12							unsupervised
3300025638_15	3300025638_15							unsupervised
3300013769_4	3300013769_4							unsupervised
3300029356_20	3300029356_20							unsupervised
3300008746_7	3300008746_7							unsupervised
3300024247_6	3300024247_6							unsupervised
3300008268_19	3300008268_19							unsupervised
3300012842_2	3300012842_2							unsupervised
3300008668_3	3300008668_3							unsupervised
3300002481_29	3300002481_29							unsupervised
3300029375_27	3300029375_27							unsupervised
3300008123_24	3300008123_24							unsupervised
3300013983_1	3300013983_1							unsupervised
3300027282_27	3300027282_27							unsupervised
3300005326_62	3300005326_62							unsupervised
3300022401_9	3300022401_9							unsupervised
3300025860_51	3300025860_51							unsupervised
3300026483_9	3300026483_9							unsupervised
3300029405_8	3300029405_8							unsupervised
3300021306_12	3300021306_12							unsupervised
3300012803_8	3300012803_8							unsupervised
3300029127_20	3300029127_20							unsupervised
3300020214_22	3300020214_22							unsupervised
3300008486_17	3300008486_17							unsupervised
3300029778_13	3300029778_13							unsupervised
3300029421_15	3300029421_15							unsupervised
3300029326_14	3300029326_14							unsupervised
3300011543_2	3300011543_2							unsupervised
GCA_001659865.1_Angomonas_deanei_v1.0_genomic	Angomonas deanei		Euglenozoa	Kinetoplastea	Trypanosomatida	Trypanosomatidae	Angomonas	unsupervised
3300029723_12	3300029723_12							unsupervised
3300029871_24	3300029871_24							unsupervised
3300008676_10	3300008676_10							unsupervised
3300029255_8	3300029255_8							unsupervised
3300029336_29	3300029336_29							unsupervised
3300027801_51	3300027801_51							unsupervised
3300027864_25	3300027864_25							unsupervised
3300028991_6	3300028991_6							unsupervised
3300011234_1	3300011234_1							unsupervised
3300027980_20	3300027980_20							unsupervised
3300026977_2	3300026977_2							unsupervised
3300025611_18	3300025611_18							unsupervised
3300011787_2	3300011787_2							unsupervised
3300010267_11	3300010267_11							unsupervised
3300012609_4	3300012609_4							unsupervised
3300013494_3	3300013494_3							unsupervised
3300028557_51	3300028557_51							unsupervised
3300027968_28	3300027968_28							unsupervised
3300027784_117	3300027784_117							unsupervised
3300029887_7	3300029887_7							unsupervised
3300011917_2	3300011917_2							unsupervised
3300029218_11	3300029218_11							unsupervised
3300029816_9	3300029816_9							unsupervised
3300029700_14	3300029700_14							unsupervised
3300024042_7	3300024042_7							unsupervised
3300025254_3	3300025254_3							unsupervised
3300029391_17	3300029391_17							unsupervised
3300011949_2	3300011949_2							unsupervised
3300010273_20	3300010273_20							unsupervised
3300008272_27	3300008272_27							unsupervised
3300008420_5	3300008420_5							unsupervised
3300025913_49	3300025913_49							unsupervised
3300011621_5	3300011621_5							unsupervised
3300020578_64	3300020578_64							unsupervised
3300027739_8	3300027739_8							unsupervised
3300021306_33	3300021306_33							unsupervised
3300012842_3	3300012842_3							unsupervised
3300025272_5	3300025272_5							unsupervised
3300026287_18	3300026287_18							unsupervised
3300024972_6	3300024972_6							unsupervised
3300029461_10	3300029461_10							unsupervised
3300029395_8	3300029395_8							unsupervised
3300029535_4	3300029535_4							unsupervised
3300025926_15	3300025926_15							unsupervised
3300029335_17	3300029335_17							unsupervised
3300029111_8	3300029111_8							unsupervised
3300029355_13	3300029355_13							unsupervised
3300025622_10	3300025622_10							unsupervised
3300006723_1	3300006723_1							unsupervised
3300029244_11	3300029244_11							unsupervised
3300023211_5	3300023211_5							unsupervised
3300011578_2	3300011578_2							unsupervised
3300014092_1	3300014092_1							unsupervised
3300026253_24	3300026253_24							unsupervised
3300011899_1	3300011899_1							unsupervised
3300026897_4	3300026897_4							unsupervised
3300025832_23	3300025832_23							unsupervised
3300020190_74	3300020190_74							unsupervised
3300029605_13	3300029605_13							unsupervised
3300027773_27	3300027773_27							unsupervised
3300029530_7	3300029530_7							unsupervised
3300029615_33	3300029615_33							unsupervised
3300020347_4	3300020347_4							unsupervised
3300011507_2	3300011507_2							unsupervised
3300006568_22	3300006568_22							unsupervised
3300029391_18	3300029391_18							unsupervised
3300029490_26	3300029490_26							unsupervised
3300012090_24	3300012090_24							unsupervised
3300025683_16	3300025683_16							unsupervised
3300028593_41	3300028593_41							unsupervised
3300008478_11	3300008478_11							unsupervised
3300011835_3	3300011835_3							unsupervised
3300025502_12	3300025502_12							unsupervised
3300024318_6	3300024318_6							unsupervised
3300028048_55	3300028048_55							unsupervised
3300007796_12	3300007796_12							unsupervised
3300020138_4	3300020138_4							unsupervised
3300014537_15	3300014537_15							unsupervised
3300029580_13	3300029580_13							unsupervised
3300017423_23	3300017423_23							unsupervised
3300007361_20	3300007361_20							unsupervised
3300006258_3	3300006258_3							unsupervised
3300011378_1	3300011378_1							unsupervised
3300025767_17	3300025767_17							unsupervised
3300027296_7	3300027296_7							unsupervised
3300011244_1	3300011244_1							unsupervised
3300013414_12	3300013414_12							unsupervised
3300025238_17	3300025238_17							unsupervised
3300008668_5	3300008668_5							unsupervised
3300029070_2	3300029070_2							unsupervised
3300028557_31	3300028557_31							unsupervised
3300014905_1	3300014905_1							unsupervised
3300024511_2	3300024511_2							unsupervised
3300014656_18	3300014656_18							unsupervised
3300027509_21	3300027509_21							unsupervised
3300029468_7	3300029468_7							unsupervised
3300027690_12	3300027690_12							unsupervised
2061766007_114	2061766007_114							unsupervised
3300026986_7	3300026986_7							unsupervised
3300029653_8	3300029653_8							unsupervised
3300029593_24	3300029593_24							unsupervised
3300029790_21	3300029790_21							unsupervised
3300007222_14	3300007222_14							unsupervised
3300029122_19	3300029122_19							unsupervised
3300014612_3	3300014612_3							unsupervised
3300014916_5	3300014916_5							unsupervised
3300001594_26	3300001594_26							unsupervised
3300027157_5	3300027157_5							unsupervised
3300025105_19	3300025105_19							unsupervised
3300011810_3	3300011810_3							unsupervised
3300011895_5	3300011895_5							unsupervised
3300008272_13	3300008272_13							unsupervised
3300009503_97	3300009503_97							unsupervised
3300020592_7	3300020592_7							unsupervised
3300027958_85	3300027958_85							unsupervised
3300029336_27	3300029336_27							unsupervised
3300006186_15	3300006186_15							unsupervised
3300029567_26	3300029567_26							unsupervised
3300008571_15	3300008571_15							unsupervised
3300024907_15	3300024907_15							unsupervised
3300029425_9	3300029425_9							unsupervised
3300011457_2	3300011457_2							unsupervised
3300011956_3	3300011956_3							unsupervised
3300026549_53	3300026549_53							unsupervised
3300029587_25	3300029587_25							unsupervised
3300025708_51	3300025708_51							unsupervised
3300027130_8	3300027130_8							unsupervised
3300029185_14	3300029185_14							unsupervised
3300029589_32	3300029589_32							unsupervised
3300029794_23	3300029794_23							unsupervised
3300027823_53	3300027823_53							unsupervised
3300012265_9	3300012265_9							unsupervised
3300012016_16	3300012016_16							unsupervised
3300005326_51	3300005326_51							unsupervised
3300022146_9	3300022146_9							unsupervised
3300029404_25	3300029404_25							unsupervised
3300011215_3	3300011215_3							unsupervised
3300029729_24	3300029729_24							unsupervised
3300011972_10	3300011972_10							unsupervised
3300005985_30	3300005985_30							unsupervised
3300029420_11	3300029420_11							unsupervised
3300025305_8	3300025305_8							unsupervised
3300008461_8	3300008461_8							unsupervised
3300010275_25	3300010275_25							unsupervised
3300027869_16	3300027869_16							unsupervised
3300020424_16	3300020424_16							unsupervised
3300027244_6	3300027244_6							unsupervised
3300029354_29	3300029354_29							unsupervised
3300027963_199	3300027963_199							unsupervised
3300007296_5	3300007296_5							unsupervised
3300007091_4	3300007091_4							unsupervised
3300012921_41	3300012921_41							unsupervised
3300011509_2	3300011509_2							unsupervised
3300008335_7	3300008335_7							unsupervised
3300026188_20	3300026188_20							unsupervised
3300027757_14	3300027757_14							unsupervised
3300025622_13	3300025622_13							unsupervised
3300026848_24	3300026848_24							unsupervised
3300029696_16	3300029696_16							unsupervised
3300006479_5	3300006479_5							unsupervised
3300029178_4	3300029178_4							unsupervised
3300013978_1	3300013978_1							unsupervised
3300018004_15	3300018004_15							unsupervised
3300029613_8	3300029613_8							unsupervised
3300012859_9	3300012859_9							unsupervised
3300008716_15	3300008716_15							unsupervised
3300022660_92	3300022660_92							unsupervised
3300029237_16	3300029237_16							unsupervised
3300008348_5	3300008348_5							unsupervised
3300014747_4	3300014747_4							unsupervised
3300012831_5	3300012831_5							unsupervised
3300011233_2	3300011233_2							unsupervised
3300011923_2	3300011923_2							unsupervised
3300011140_6	3300011140_6							unsupervised
3300029435_17	3300029435_17							unsupervised
3300026516_38	3300026516_38							unsupervised
3300012841_5	3300012841_5							unsupervised
3300022888_29	3300022888_29							unsupervised
3300021256_45	3300021256_45							unsupervised
2049941000_82	2049941000_82							unsupervised
3300007055_9	3300007055_9							unsupervised
3300022931_23	3300022931_23							unsupervised
3300026703_7	3300026703_7							unsupervised
3300025529_13	3300025529_13							unsupervised
3300005287_13	3300005287_13							unsupervised
3300019765_2	3300019765_2							unsupervised
3300008514_5	3300008514_5							unsupervised
3300011488_2	3300011488_2							unsupervised
3300020436_3	3300020436_3							unsupervised
3300029725_12	3300029725_12							unsupervised
3300029885_24	3300029885_24							unsupervised
3300012149_4	3300012149_4							unsupervised
3300011966_5	3300011966_5							unsupervised
3300011623_1	3300011623_1							unsupervised
3300012033_4	3300012033_4							unsupervised
3300005326_37	3300005326_37							unsupervised
3300012273_3	3300012273_3							unsupervised
3300011738_2	3300011738_2							unsupervised
3300008436_7	3300008436_7							unsupervised
3300025218_6	3300025218_6							unsupervised
3300029815_22	3300029815_22							unsupervised
3300008496_4	3300008496_4							unsupervised
3300018946_6	3300018946_6							unsupervised
3300012169_1	3300012169_1							unsupervised
3300024921_8	3300024921_8							unsupervised
3300008672_22	3300008672_22							unsupervised
3300010273_37	3300010273_37							unsupervised
3300029469_9	3300029469_9							unsupervised
3300008712_14	3300008712_14							unsupervised
3300025855_35	3300025855_35							unsupervised
3300012564_1	3300012564_1							unsupervised
3300008282_6	3300008282_6							unsupervised
3300011578_3	3300011578_3							unsupervised
3300012846_10	3300012846_10							unsupervised
3300012848_9	3300012848_9							unsupervised
3300027980_37	3300027980_37							unsupervised
3300011782_1	3300011782_1							unsupervised
3300014789_8	3300014789_8							unsupervised
3300029815_30	3300029815_30							unsupervised
3300006498_16	3300006498_16							unsupervised
3300029354_13	3300029354_13							unsupervised
3300027892_39	3300027892_39							unsupervised
3300024504_3	3300024504_3							unsupervised
3300029747_26	3300029747_26							unsupervised
3300013238_2	3300013238_2							unsupervised
3300025770_40	3300025770_40							unsupervised
3300007208_18	3300007208_18							unsupervised
3300029004_4	3300029004_4							unsupervised
3300005838_11	3300005838_11							unsupervised
3300025678_15	3300025678_15							unsupervised
3300025643_16	3300025643_16							unsupervised
3300028911_13	3300028911_13							unsupervised
3300012844_5	3300012844_5							unsupervised
3300029457_9	3300029457_9							unsupervised
3300008636_4	3300008636_4							unsupervised
3300029847_11	3300029847_11							unsupervised
3300026975_7	3300026975_7							unsupervised
3300021311_9	3300021311_9							unsupervised
3300029583_15	3300029583_15							unsupervised
3300025229_6	3300025229_6							unsupervised
3300029620_34	3300029620_34							unsupervised
3300026339_3	3300026339_3							unsupervised
3300014761_7	3300014761_7							unsupervised
3300014963_16	3300014963_16							unsupervised
3300029861_8	3300029861_8							unsupervised
3300020732_5	3300020732_5							unsupervised
3300027607_11	3300027607_11							unsupervised
3300013829_12	3300013829_12							unsupervised
3300007732_20	3300007732_20							unsupervised
3300027509_43	3300027509_43							unsupervised
3300029759_17	3300029759_17							unsupervised
3300011729_6	3300011729_6							unsupervised
3300008650_17	3300008650_17							unsupervised
3300029297_17	3300029297_17							unsupervised
3300029492_13	3300029492_13							unsupervised
3300011921_5	3300011921_5							unsupervised
3300029396_9	3300029396_9							unsupervised
3300025228_5	3300025228_5							unsupervised
3300025236_5	3300025236_5							unsupervised
3300027607_16	3300027607_16							unsupervised
3300007129_13	3300007129_13							unsupervised
3300029254_18	3300029254_18							unsupervised
3300029641_4	3300029641_4							unsupervised
3300023082_8	3300023082_8							unsupervised
3300029887_16	3300029887_16							unsupervised
3300029058_8	3300029058_8							unsupervised
3300029613_33	3300029613_33							unsupervised
3300025862_26	3300025862_26							unsupervised
3300027503_17	3300027503_17							unsupervised
3300027316_2	3300027316_2							unsupervised
3300007299_25	3300007299_25							unsupervised
3300008500_2	3300008500_2							unsupervised
3300026994_6	3300026994_6							unsupervised
3300006065_5	3300006065_5							unsupervised
3300006259_3	3300006259_3							unsupervised
3300025498_14	3300025498_14							unsupervised
3300029437_18	3300029437_18							unsupervised
3300008275_9	3300008275_9							unsupervised
3300011819_2	3300011819_2							unsupervised
3300029756_6	3300029756_6							unsupervised
3300011543_1	3300011543_1							unsupervised
3300017480_38	3300017480_38							unsupervised
3300025684_33	3300025684_33							unsupervised
3300027414_1	3300027414_1							unsupervised
3300028965_5	3300028965_5							unsupervised
3300013307_26	3300013307_26							unsupervised
3300029703_12	3300029703_12							unsupervised
3300025393_21	3300025393_21							unsupervised
3300026142_42	3300026142_42							unsupervised
3300027958_30	3300027958_30							unsupervised
3300029404_22	3300029404_22							unsupervised
3300011797_1	3300011797_1							unsupervised
3300025623_16	3300025623_16							unsupervised
3300024970_3	3300024970_3							unsupervised
3300012816_2	3300012816_2							unsupervised
3300012275_3	3300012275_3							unsupervised
3300027627_8	3300027627_8							unsupervised
3300029331_22	3300029331_22							unsupervised
3300021338_13	3300021338_13							unsupervised
3300023208_28	3300023208_28							unsupervised
3300029487_11	3300029487_11							unsupervised
3300006260_15	3300006260_15							unsupervised
3300007320_6	3300007320_6							unsupervised
3300029633_8	3300029633_8							unsupervised
3300029487_12	3300029487_12							unsupervised
3300029795_27	3300029795_27							unsupervised
3300027980_30	3300027980_30							unsupervised
3300029040_5	3300029040_5							unsupervised
3300025229_3	3300025229_3							unsupervised
3300011583_1	3300011583_1							unsupervised
3300027700_21	3300027700_21							unsupervised
3300007531_15	3300007531_15							unsupervised
3300029766_20	3300029766_20							unsupervised
3300025669_22	3300025669_22							unsupervised
3300024920_6	3300024920_6							unsupervised
3300029492_21	3300029492_21							unsupervised
3300014500_2	3300014500_2							unsupervised
3300013829_1	3300013829_1							unsupervised
3300007966_6	3300007966_6							unsupervised
3300012816_3	3300012816_3							unsupervised
3300029726_12	3300029726_12							unsupervised
3300008335_2	3300008335_2							unsupervised
3300013485_1	3300013485_1							unsupervised
3300012839_13	3300012839_13							unsupervised
3300011690_3	3300011690_3							unsupervised
3300008743_8	3300008743_8							unsupervised
3300025596_21	3300025596_21							unsupervised
3300029130_15	3300029130_15							unsupervised
3300029776_26	3300029776_26							unsupervised
3300029854_2	3300029854_2							unsupervised
3300029257_13	3300029257_13							unsupervised
3300020413_19	3300020413_19							unsupervised
3300012196_6	3300012196_6							unsupervised
3300002821_60	3300002821_60							unsupervised
3300027276_17	3300027276_17							unsupervised
3300012810_2	3300012810_2							unsupervised
3300027690_17	3300027690_17							unsupervised
3300024908_13	3300024908_13							unsupervised
3300006260_9	3300006260_9							unsupervised
3300022877_5	3300022877_5							unsupervised
3300010287_35	3300010287_35							unsupervised
3300025294_22	3300025294_22							unsupervised
3300029656_20	3300029656_20							unsupervised
3300003272_1	3300003272_1							unsupervised
3300004628_19	3300004628_19							unsupervised
3300009393_15	3300009393_15							unsupervised
3300026284_8	3300026284_8							unsupervised
3300008739_18	3300008739_18							unsupervised
3300008650_14	3300008650_14							unsupervised
3300029818_15	3300029818_15							unsupervised
3300007781_1	3300007781_1							unsupervised
3300011671_3	3300011671_3							unsupervised
3300005326_48	3300005326_48							unsupervised
3300018878_138	3300018878_138							unsupervised
3300002098_4	3300002098_4							unsupervised
3300027592_37	3300027592_37							unsupervised
3300014944_8	3300014944_8							unsupervised
3300029554_9	3300029554_9							unsupervised
3300020186_16	3300020186_16							unsupervised
3300029230_8	3300029230_8							unsupervised
3300007501_11	3300007501_11							unsupervised
3300014846_8	3300014846_8							unsupervised
3300008695_17	3300008695_17							unsupervised
3300017448_15	3300017448_15							unsupervised
3300029020_17	3300029020_17							unsupervised
3300000164_22	3300000164_22							unsupervised
3300011002_11	3300011002_11							unsupervised
3300003281_8	3300003281_8							unsupervised
3300029390_12	3300029390_12							unsupervised
3300029523_30	3300029523_30							unsupervised
3300029395_12	3300029395_12							unsupervised
3300008636_7	3300008636_7							unsupervised
3300012858_7	3300012858_7							unsupervised
3300025044_14	3300025044_14							unsupervised
3300024256_15	3300024256_15							unsupervised
3300012801_3	3300012801_3							unsupervised
3300013105_42	3300013105_42							unsupervised
3300025625_10	3300025625_10							unsupervised
3300027937_4	3300027937_4							unsupervised
3300029715_32	3300029715_32							unsupervised
3300011979_4	3300011979_4							unsupervised
3300005326_47	3300005326_47							unsupervised
3300029385_14	3300029385_14							unsupervised
3300011677_1	3300011677_1							unsupervised
3300026093_18	3300026093_18							unsupervised
3300029359_12	3300029359_12							unsupervised
3300011974_18	3300011974_18							unsupervised
3300025638_45	3300025638_45							unsupervised
3300029437_12	3300029437_12							unsupervised
3300029523_23	3300029523_23							unsupervised
3300029723_17	3300029723_17							unsupervised
3300022929_39	3300022929_39							unsupervised
3300029120_24	3300029120_24							unsupervised
3300027696_15	3300027696_15							unsupervised
3300008521_11	3300008521_11							unsupervised
3300029891_13	3300029891_13							unsupervised
3300006979_2	3300006979_2							unsupervised
3300020183_39	3300020183_39							unsupervised
3300029243_16	3300029243_16							unsupervised
3300008513_16	3300008513_16							unsupervised
3300029103_12	3300029103_12							unsupervised
3300014971_12	3300014971_12							unsupervised
3300007996_5	3300007996_5							unsupervised
3300029380_23	3300029380_23							unsupervised
3300026311_27	3300026311_27							unsupervised
3300007210_18	3300007210_18							unsupervised
3300007316_4	3300007316_4							unsupervised
3300027606_21	3300027606_21							unsupervised
3300022738_14	3300022738_14							unsupervised
3300014561_5	3300014561_5							unsupervised
3300022933_28	3300022933_28							unsupervised
3300008275_15	3300008275_15							unsupervised
3300029735_4	3300029735_4							unsupervised
3300025660_27	3300025660_27							unsupervised
3300029794_24	3300029794_24							unsupervised
3300013469_1	3300013469_1							unsupervised
3300014095_7	3300014095_7							unsupervised
3300011883_1	3300011883_1							unsupervised
3300026288_4	3300026288_4							unsupervised
3300029128_11	3300029128_11							unsupervised
3300029616_24	3300029616_24							unsupervised
3300029549_21	3300029549_21							unsupervised
3300007098_16	3300007098_16							unsupervised
3300024904_2	3300024904_2							unsupervised
3300029904_20	3300029904_20							unsupervised
3300028048_42	3300028048_42							unsupervised
3300013133_47	3300013133_47							unsupervised
3300029661_12	3300029661_12							unsupervised
3300029236_9	3300029236_9							unsupervised
3300029356_11	3300029356_11							unsupervised
3300011683_1	3300011683_1							unsupervised
3300025869_19	3300025869_19							unsupervised
3300008306_2	3300008306_2							unsupervised
3300011708_4	3300011708_4							unsupervised
3300020578_80	3300020578_80							unsupervised
3300029115_23	3300029115_23							unsupervised
3300011652_2	3300011652_2							unsupervised
3300029736_16	3300029736_16							unsupervised
3300029619_12	3300029619_12							unsupervised
3300023245_12	3300023245_12							unsupervised
3300025737_59	3300025737_59							unsupervised
3300010260_14	3300010260_14							unsupervised
3300026284_11	3300026284_11							unsupervised
3300029434_37	3300029434_37							unsupervised
3300011748_3	3300011748_3							unsupervised
3300029702_5	3300029702_5							unsupervised
3300029512_6	3300029512_6							unsupervised
3300021319_11	3300021319_11							unsupervised
3300005529_111	3300005529_111							unsupervised
3300008155_19	3300008155_19							unsupervised
3300026288_28	3300026288_28							unsupervised
3300014497_10	3300014497_10							unsupervised
3300029350_15	3300029350_15							unsupervised
3300007296_27	3300007296_27							unsupervised
3300002468_19	3300002468_19							unsupervised
3300008103_14	3300008103_14							unsupervised
3300029765_25	3300029765_25							unsupervised
3300023208_13	3300023208_13							unsupervised
3300013338_1	3300013338_1							unsupervised
3300006045_73	3300006045_73							unsupervised
3300025546_16	3300025546_16							unsupervised
3300007669_5	3300007669_5							unsupervised
3300011627_2	3300011627_2							unsupervised
3300029757_6	3300029757_6							unsupervised
3300029665_5	3300029665_5							unsupervised
3300022181_12	3300022181_12							unsupervised
3300008638_20	3300008638_20							unsupervised
3300029439_22	3300029439_22							unsupervised
3300029251_21	3300029251_21							unsupervised
3300008136_7	3300008136_7							unsupervised
3300008325_3	3300008325_3							unsupervised
3300007806_12	3300007806_12							unsupervised
3300013999_2	3300013999_2							unsupervised
3300026992_3	3300026992_3							unsupervised
3300026252_26	3300026252_26							unsupervised
3300010042_15	3300010042_15							unsupervised
3300007346_4	3300007346_4							unsupervised
3300021318_20	3300021318_20							unsupervised
3300021255_55	3300021255_55							unsupervised
3300029494_18	3300029494_18							unsupervised
3300011639_1	3300011639_1							unsupervised
3300029118_7	3300029118_7							unsupervised
3300017658_22	3300017658_22							unsupervised
3300012521_15	3300012521_15							unsupervised
3300012921_16	3300012921_16							unsupervised
3300021306_30	3300021306_30							unsupervised
3300014530_6	3300014530_6							unsupervised
3300012253_2	3300012253_2							unsupervised
3300028968_7	3300028968_7							unsupervised
3300017406_12	3300017406_12							unsupervised
3300011508_1	3300011508_1							unsupervised
3300029622_45	3300029622_45							unsupervised
3300014517_2	3300014517_2							unsupervised
3300029716_21	3300029716_21							unsupervised
3300014664_1	3300014664_1							unsupervised
3300005284_8	3300005284_8							unsupervised
3300029427_12	3300029427_12							unsupervised
3300027863_29	3300027863_29							unsupervised
3300025226_7	3300025226_7							unsupervised
3300029762_4	3300029762_4							unsupervised
3300008734_18	3300008734_18							unsupervised
3300027509_7	3300027509_7							unsupervised
3300024901_4	3300024901_4							unsupervised
3300025862_25	3300025862_25							unsupervised
3300028972_1	3300028972_1							unsupervised
3300029789_16	3300029789_16							unsupervised
3300029538_19	3300029538_19							unsupervised
3300029486_15	3300029486_15							unsupervised
3300012818_9	3300012818_9							unsupervised
3300029383_7	3300029383_7							unsupervised
3300025534_11	3300025534_11							unsupervised
3300029860_7	3300029860_7							unsupervised
3300027323_38	3300027323_38							unsupervised
3300011134_1	3300011134_1							unsupervised
3300011530_1	3300011530_1							unsupervised
3300022865_7	3300022865_7							unsupervised
3300027983_51	3300027983_51							unsupervised
3300025724_6	3300025724_6							unsupervised
3300004269_2	3300004269_2							unsupervised
3300014531_10	3300014531_10							unsupervised
3300025775_7	3300025775_7							unsupervised
3300026088_17	3300026088_17							unsupervised
3300020220_71	3300020220_71							unsupervised
3300027719_2	3300027719_2							unsupervised
3300029445_21	3300029445_21							unsupervised
3300010373_49	3300010373_49							unsupervised
3300025456_7	3300025456_7							unsupervised
3300011631_3	3300011631_3							unsupervised
3300021559_7	3300021559_7							unsupervised
3300009503_54	3300009503_54							unsupervised
3300011360_1	3300011360_1							unsupervised
3300029056_16	3300029056_16							unsupervised
3300029503_12	3300029503_12							unsupervised
3300029462_11	3300029462_11							unsupervised
3300025061_10	3300025061_10							unsupervised
3300001683_19	3300001683_19							unsupervised
3300028630_29	3300028630_29							unsupervised
3300007298_14	3300007298_14							unsupervised
3300028958_4	3300028958_4							unsupervised
3300011759_3	3300011759_3							unsupervised
3300018878_128	3300018878_128							unsupervised
3300027706_32	3300027706_32							unsupervised
3300011768_5	3300011768_5							unsupervised
3300029380_27	3300029380_27							unsupervised
3300029427_16	3300029427_16							unsupervised
3300011494_2	3300011494_2							unsupervised
3300027828_32	3300027828_32							unsupervised
3300007843_1	3300007843_1							unsupervised
3300003272_7	3300003272_7							unsupervised
3300029523_19	3300029523_19							unsupervised
3300027968_61	3300027968_61							unsupervised
3300008080_8	3300008080_8							unsupervised
3300027282_3	3300027282_3							unsupervised
3300029560_15	3300029560_15							unsupervised
3300029556_13	3300029556_13							unsupervised
3300014601_3	3300014601_3							unsupervised
3300008513_4	3300008513_4							unsupervised
3300022470_15	3300022470_15							unsupervised
3300022742_5	3300022742_5							unsupervised
3300029715_31	3300029715_31							unsupervised
3300025677_49	3300025677_49							unsupervised
3300029742_22	3300029742_22							unsupervised
3300017652_9	3300017652_9							unsupervised
3300029444_12	3300029444_12							unsupervised
3300017400_35	3300017400_35							unsupervised
3300017931_18	3300017931_18							unsupervised
3300029527_11	3300029527_11							unsupervised
3300029051_13	3300029051_13							unsupervised
3300013022_5	3300013022_5							unsupervised
3300010275_7	3300010275_7							unsupervised
3300025230_4	3300025230_4							unsupervised
3300014005_3	3300014005_3							unsupervised
3300025300_5	3300025300_5							unsupervised
3300029820_21	3300029820_21							unsupervised
3300029434_19	3300029434_19							unsupervised
3300028630_16	3300028630_16							unsupervised
3300025677_37	3300025677_37							unsupervised
3300012856_6	3300012856_6							unsupervised
3300011508_2	3300011508_2							unsupervised
3300020262_6	3300020262_6							unsupervised
3300018878_124	3300018878_124							unsupervised
3300006299_7	3300006299_7							unsupervised
3300029248_19	3300029248_19							unsupervised
3300029206_17	3300029206_17							unsupervised
3300029567_27	3300029567_27							unsupervised
3300007361_19	3300007361_19							unsupervised
3300029338_19	3300029338_19							unsupervised
3300012194_2	3300012194_2							unsupervised
3300014691_6	3300014691_6							unsupervised
3300027706_11	3300027706_11							unsupervised
3300029506_5	3300029506_5							unsupervised
3300029046_3	3300029046_3							unsupervised
3300025775_17	3300025775_17							unsupervised
3300025916_10	3300025916_10							unsupervised
3300025584_8	3300025584_8							unsupervised
3300020183_14	3300020183_14							unsupervised
3300026980_7	3300026980_7							unsupervised
3300029417_10	3300029417_10							unsupervised
3300022753_70	3300022753_70							unsupervised
3300025256_6	3300025256_6							unsupervised
3300025682_31	3300025682_31							unsupervised
3300025250_11	3300025250_11							unsupervised
3300029197_11	3300029197_11							unsupervised
3300020295_9	3300020295_9							unsupervised
3300007043_19	3300007043_19							unsupervised
3300029235_23	3300029235_23							unsupervised
3300026522_26	3300026522_26							unsupervised
3300025350_14	3300025350_14							unsupervised
3300006226_88	3300006226_88							unsupervised
3300027773_20	3300027773_20							unsupervised
3300025109_10	3300025109_10							unsupervised
3300011954_3	3300011954_3							unsupervised
3300005043_15	3300005043_15							unsupervised
3300011231_2	3300011231_2							unsupervised
3300025138_3	3300025138_3							unsupervised
3300008634_12	3300008634_12							unsupervised
3300025161_14	3300025161_14							unsupervised
3300027640_25	3300027640_25							unsupervised
3300029522_13	3300029522_13							unsupervised
3300022745_7	3300022745_7							unsupervised
3300027592_23	3300027592_23							unsupervised
3300018080_66	3300018080_66							unsupervised
3300012090_19	3300012090_19							unsupervised
3300029340_26	3300029340_26							unsupervised
3300014761_10	3300014761_10							unsupervised
3300006980_1	3300006980_1							unsupervised
3300012588_1	3300012588_1							unsupervised
3300029101_12	3300029101_12							unsupervised
3300029451_6	3300029451_6							unsupervised
3300029432_30	3300029432_30							unsupervised
3300029185_16	3300029185_16							unsupervised
3300027509_35	3300027509_35							unsupervised
3300011631_1	3300011631_1							unsupervised
3300009503_41	3300009503_41							unsupervised
3300025253_7	3300025253_7							unsupervised
3300025602_64	3300025602_64							unsupervised
3300027848_56	3300027848_56							unsupervised
3300027363_4	3300027363_4							unsupervised
3300020578_62	3300020578_62							unsupervised
3300029433_17	3300029433_17							unsupervised
3300022885_4	3300022885_4							unsupervised
3300014529_5	3300014529_5							unsupervised
3300012843_3	3300012843_3							unsupervised
3300027283_15	3300027283_15							unsupervised
3300025048_2	3300025048_2							unsupervised
3300026863_7	3300026863_7							unsupervised
3300029112_12	3300029112_12							unsupervised
3300029511_5	3300029511_5							unsupervised
3300025093_9	3300025093_9							unsupervised
3300029122_28	3300029122_28							unsupervised
3300029488_19	3300029488_19							unsupervised
3300029393_17	3300029393_17							unsupervised
3300014898_2	3300014898_2							unsupervised
3300007915_2	3300007915_2							unsupervised
3300029563_11	3300029563_11							unsupervised
3300029604_26	3300029604_26							unsupervised
3300027869_20	3300027869_20							unsupervised
3300022753_141	3300022753_141							unsupervised
3300029411_7	3300029411_7							unsupervised
3300028024_9	3300028024_9							unsupervised
3300008599_3	3300008599_3							unsupervised
3300011818_1	3300011818_1							unsupervised
3300029488_13	3300029488_13							unsupervised
3300029608_7	3300029608_7							unsupervised
3300011976_16	3300011976_16							unsupervised
3300029320_7	3300029320_7							unsupervised
3300029257_8	3300029257_8							unsupervised
3300029381_41	3300029381_41							unsupervised
3300003364_3	3300003364_3							unsupervised
3300025668_24	3300025668_24							unsupervised
3300025587_18	3300025587_18							unsupervised
3300029794_16	3300029794_16							unsupervised
3300007210_8	3300007210_8							unsupervised
3300011936_14	3300011936_14							unsupervised
3300028324_1	3300028324_1							unsupervised
3300011593_1	3300011593_1							unsupervised
3300029609_20	3300029609_20							unsupervised
3300020377_8	3300020377_8							unsupervised
3300013131_86	3300013131_86							unsupervised
3300029472_14	3300029472_14							unsupervised
3300027968_48	3300027968_48							unsupervised
3300029604_18	3300029604_18							unsupervised
3300020207_22	3300020207_22							unsupervised
3300025748_23	3300025748_23							unsupervised
3300029375_22	3300029375_22							unsupervised
3300008626_10	3300008626_10							unsupervised
3300025261_33	3300025261_33							unsupervised
3300014776_8	3300014776_8							unsupervised
3300007105_20	3300007105_20							unsupervised
3300029111_21	3300029111_21							unsupervised
3300025433_15	3300025433_15							unsupervised
3300029558_15	3300029558_15							unsupervised
3300011914_6	3300011914_6							unsupervised
3300014744_3	3300014744_3							unsupervised
3300028559_49	3300028559_49							unsupervised
3300015214_24	3300015214_24							unsupervised
3300029747_31	3300029747_31							unsupervised
3300012841_6	3300012841_6							unsupervised
3300026299_23	3300026299_23							unsupervised
3300029076_5	3300029076_5							unsupervised
3300027794_13	3300027794_13							unsupervised
3300014963_23	3300014963_23							unsupervised
3300027820_10	3300027820_10							unsupervised
3300029620_28	3300029620_28							unsupervised
3300027986_18	3300027986_18							unsupervised
3300010049_58	3300010049_58							unsupervised
3300025536_8	3300025536_8							unsupervised
3300029557_9	3300029557_9							unsupervised
3300025671_89	3300025671_89							unsupervised
3300029197_10	3300029197_10							unsupervised
3300012214_1	3300012214_1							unsupervised
3300029647_8	3300029647_8							unsupervised
3300029859_10	3300029859_10							unsupervised
3300011873_5	3300011873_5							unsupervised
3300007517_46	3300007517_46							unsupervised
3300005460_29	3300005460_29							unsupervised
3300012864_11	3300012864_11							unsupervised
3300025705_52	3300025705_52							unsupervised
3300028635_11	3300028635_11							unsupervised
3300025608_31	3300025608_31							unsupervised
3300029749_22	3300029749_22							unsupervised
3300008432_1	3300008432_1							unsupervised
3300011865_2	3300011865_2							unsupervised
3300029821_28	3300029821_28							unsupervised
3300013138_152	3300013138_152							unsupervised
3300011456_2	3300011456_2							unsupervised
3300008404_7	3300008404_7							unsupervised
3300027730_35	3300027730_35							unsupervised
3300026985_4	3300026985_4							unsupervised
3300013644_1	3300013644_1							unsupervised
3300029480_13	3300029480_13							unsupervised
3300026961_2	3300026961_2							unsupervised
3300029464_6	3300029464_6							unsupervised
3300009702_98	3300009702_98							unsupervised
3300024328_14	3300024328_14							unsupervised
3300029875_19	3300029875_19							unsupervised
3300029382_20	3300029382_20							unsupervised
3300029751_13	3300029751_13							unsupervised
3300027826_12	3300027826_12							unsupervised
3300011211_2	3300011211_2							unsupervised
3300008520_22	3300008520_22							unsupervised
3300025110_4	3300025110_4							unsupervised
3300024932_5	3300024932_5							unsupervised
3300028576_27	3300028576_27							unsupervised
3300011987_4	3300011987_4							unsupervised
3300029198_13	3300029198_13							unsupervised
3300029338_17	3300029338_17							unsupervised
3300006038_23	3300006038_23							unsupervised
3300008636_16	3300008636_16							unsupervised
3300026299_16	3300026299_16							unsupervised
3300026549_66	3300026549_66							unsupervised
3300025297_21	3300025297_21							unsupervised
3300025198_2	3300025198_2							unsupervised
3300008382_3	3300008382_3							unsupervised
3300014765_1	3300014765_1							unsupervised
3300029607_31	3300029607_31							unsupervised
3300027419_12	3300027419_12							unsupervised
3300027262_5	3300027262_5							unsupervised
3300013100_20	3300013100_20							unsupervised
3300029034_10	3300029034_10							unsupervised
3300025865_20	3300025865_20							unsupervised
3300006226_76	3300006226_76							unsupervised
3300003894_18	3300003894_18							unsupervised
3300008650_7	3300008650_7							unsupervised
3300029132_18	3300029132_18							unsupervised
3300017929_26	3300017929_26							unsupervised
3300011977_20	3300011977_20							unsupervised
3300024185_7	3300024185_7							unsupervised
3300029490_19	3300029490_19							unsupervised
3300008485_3	3300008485_3							unsupervised
3300024357_5	3300024357_5							unsupervised
3300029328_6	3300029328_6							unsupervised
3300027607_31	3300027607_31							unsupervised
3300029587_26	3300029587_26							unsupervised
3300008299_9	3300008299_9							unsupervised
3300013636_1	3300013636_1							unsupervised
3300027819_104	3300027819_104							unsupervised
3300010281_12	3300010281_12							unsupervised
3300029719_42	3300029719_42							unsupervised
3300029351_9	3300029351_9							unsupervised
3300000497_2	3300000497_2							unsupervised
3300007220_11	3300007220_11							unsupervised
3300011596_1	3300011596_1							unsupervised
3300029617_25	3300029617_25							unsupervised
3300011915_2	3300011915_2							unsupervised
3300010274_28	3300010274_28							unsupervised
3300029571_26	3300029571_26							unsupervised
3300028591_32	3300028591_32							unsupervised
3300013126_97	3300013126_97							unsupervised
3300029113_17	3300029113_17							unsupervised
3300009779_48	3300009779_48							unsupervised
3300011806_1	3300011806_1							unsupervised
3300029576_23	3300029576_23							unsupervised
3300008734_13	3300008734_13							unsupervised
3300027051_25	3300027051_25							unsupervised
3300025161_7	3300025161_7							unsupervised
3300026112_3	3300026112_3							unsupervised
3300029430_18	3300029430_18							unsupervised
3300028071_5	3300028071_5							unsupervised
3300025294_16	3300025294_16							unsupervised
3300027276_54	3300027276_54							unsupervised
3300009769_17	3300009769_17							unsupervised
3300017996_18	3300017996_18							unsupervised
3300029330_20	3300029330_20							unsupervised
3300014525_5	3300014525_5							unsupervised
3300025724_4	3300025724_4							unsupervised
3300028561_55	3300028561_55							unsupervised
3300011765_3	3300011765_3							unsupervised
3300029702_24	3300029702_24							unsupervised
3300029505_9	3300029505_9							unsupervised
3300029845_32	3300029845_32							unsupervised
3300029044_15	3300029044_15							unsupervised
3300029622_30	3300029622_30							unsupervised
3300008461_6	3300008461_6							unsupervised
3300024423_7	3300024423_7							unsupervised
3300024922_7	3300024922_7							unsupervised
3300020369_11	3300020369_11							unsupervised
3300029185_13	3300029185_13							unsupervised
3300021319_13	3300021319_13							unsupervised
3300027848_51	3300027848_51							unsupervised
3300025672_12	3300025672_12							unsupervised
3300029460_10	3300029460_10							unsupervised
3300029709_32	3300029709_32							unsupervised
3300029203_16	3300029203_16							unsupervised
3300025258_11	3300025258_11							unsupervised
3300027832_112	3300027832_112							unsupervised
3300025691_113	3300025691_113							unsupervised
3300029856_26	3300029856_26							unsupervised
3300022753_94	3300022753_94							unsupervised
3300027276_108	3300027276_108							unsupervised
3300022177_31	3300022177_31							unsupervised
3300025715_14	3300025715_14							unsupervised
3300025932_7	3300025932_7							unsupervised
3300011584_2	3300011584_2							unsupervised
3300009363_20	3300009363_20							unsupervised
3300012878_9	3300012878_9							unsupervised
3300020079_31	3300020079_31							unsupervised
3300007345_7	3300007345_7							unsupervised
3300006321_5	3300006321_5							unsupervised
3300029409_13	3300029409_13							unsupervised
3300013721_2	3300013721_2							unsupervised
3300018025_21	3300018025_21							unsupervised
3300012974_27	3300012974_27							unsupervised
3300012153_2	3300012153_2							unsupervised
3300029784_32	3300029784_32							unsupervised
3300029712_22	3300029712_22							unsupervised
3300009083_186	3300009083_186							unsupervised
3300020200_26	3300020200_26							unsupervised
3300027547_7	3300027547_7							unsupervised
3300021318_26	3300021318_26							unsupervised
3300025305_12	3300025305_12							unsupervised
3300012859_13	3300012859_13							unsupervised
3300021424_46	3300021424_46							unsupervised
3300006260_20	3300006260_20							unsupervised
3300027820_35	3300027820_35							unsupervised
3300012999_18	3300012999_18							unsupervised
3300027323_21	3300027323_21							unsupervised
3300029356_12	3300029356_12							unsupervised
3300027342_6	3300027342_6							unsupervised
3300025525_9	3300025525_9							unsupervised
3300005470_4	3300005470_4							unsupervised
3300010267_5	3300010267_5							unsupervised
3300020477_43	3300020477_43							unsupervised
3300029496_16	3300029496_16							unsupervised
3300011739_6	3300011739_6							unsupervised
3300027419_35	3300027419_35							unsupervised
3300025788_4	3300025788_4							unsupervised
3300029441_25	3300029441_25							unsupervised
3300025731_22	3300025731_22							unsupervised
3300029790_19	3300029790_19							unsupervised
3300007646_15	3300007646_15							unsupervised
3300029494_33	3300029494_33							unsupervised
3300014701_2	3300014701_2							unsupervised
3300013830_20	3300013830_20							unsupervised
3300021387_111	3300021387_111							unsupervised
3300008521_12	3300008521_12							unsupervised
3300029567_24	3300029567_24							unsupervised
3300014519_6	3300014519_6							unsupervised
3300012956_65	3300012956_65							unsupervised
3300029439_11	3300029439_11							unsupervised
3300026286_8	3300026286_8							unsupervised
3300027276_9	3300027276_9							unsupervised
3300029590_13	3300029590_13							unsupervised
3300028603_90	3300028603_90							unsupervised
3300029021_12	3300029021_12							unsupervised
3300010428_12	3300010428_12							unsupervised
3300025529_21	3300025529_21							unsupervised
3300005300_24	3300005300_24							unsupervised
3300024514_4	3300024514_4							unsupervised
3300011202_2	3300011202_2							unsupervised
3300007043_4	3300007043_4							unsupervised
3300011764_2	3300011764_2							unsupervised
3300029567_6	3300029567_6							unsupervised
3300021431_54	3300021431_54							unsupervised
3300013909_1	3300013909_1							unsupervised
3300029795_30	3300029795_30							unsupervised
3300027930_1	3300027930_1							unsupervised
3300029856_24	3300029856_24							unsupervised
3300011567_3	3300011567_3							unsupervised
3300013486_1	3300013486_1							unsupervised
3300027327_26	3300027327_26							unsupervised
3300028624_17	3300028624_17							unsupervised
3300000496_3	3300000496_3							unsupervised
3300029676_19	3300029676_19							unsupervised
3300029501_6	3300029501_6							unsupervised
3300025216_3	3300025216_3							unsupervised
3300029081_4	3300029081_4							unsupervised
3300029483_30	3300029483_30							unsupervised
3300028559_20	3300028559_20							unsupervised
3300029553_21	3300029553_21							unsupervised
3300011892_3	3300011892_3							unsupervised
3300027822_30	3300027822_30							unsupervised
3300029386_8	3300029386_8							unsupervised
3300001679_14	3300001679_14							unsupervised
3300019487_22	3300019487_22							unsupervised
3300026560_1	3300026560_1							unsupervised
3300029620_23	3300029620_23							unsupervised
3300027317_4	3300027317_4							unsupervised
3300029095_7	3300029095_7							unsupervised
3300029006_7	3300029006_7							unsupervised
3300025093_8	3300025093_8							unsupervised
3300006226_69	3300006226_69							unsupervised
3300025545_13	3300025545_13							unsupervised
3300029564_16	3300029564_16							unsupervised
3300029244_12	3300029244_12							unsupervised
3300025611_19	3300025611_19							unsupervised
3300008149_5	3300008149_5							unsupervised
3300022660_81	3300022660_81							unsupervised
3300020578_65	3300020578_65							unsupervised
3300029420_26	3300029420_26							unsupervised
3300007320_24	3300007320_24							unsupervised
3300011551_1	3300011551_1							unsupervised
3300029748_19	3300029748_19							unsupervised
3300011166_2	3300011166_2							unsupervised
3300029337_14	3300029337_14							unsupervised
3300012003_13	3300012003_13							unsupervised
3300021326_35	3300021326_35							unsupervised
3300025044_9	3300025044_9							unsupervised
3300008090_9	3300008090_9							unsupervised
3300029378_17	3300029378_17							unsupervised
3300011486_1	3300011486_1							unsupervised
3300029365_29	3300029365_29							unsupervised
3300027834_41	3300027834_41							unsupervised
3300026863_9	3300026863_9							unsupervised
3300029786_28	3300029786_28							unsupervised
3300014007_3	3300014007_3							unsupervised
3300029491_22	3300029491_22							unsupervised
3300029794_29	3300029794_29							unsupervised
3300029870_14	3300029870_14							unsupervised
3300028654_9	3300028654_9							unsupervised
3300029362_15	3300029362_15							unsupervised
3300025270_13	3300025270_13							unsupervised
3300012275_7	3300012275_7							unsupervised
3300012816_12	3300012816_12							unsupervised
3300006289_12	3300006289_12							unsupervised
3300011479_1	3300011479_1							unsupervised
3300026863_26	3300026863_26							unsupervised
3300007109_4	3300007109_4							unsupervised
3300029504_9	3300029504_9							unsupervised
3300025187_2	3300025187_2							unsupervised
3300027316_9	3300027316_9							unsupervised
3300027327_11	3300027327_11							unsupervised
3300025608_11	3300025608_11							unsupervised
3300013830_11	3300013830_11							unsupervised
3300029232_12	3300029232_12							unsupervised
3300008337_6	3300008337_6							unsupervised
3300012229_1	3300012229_1							unsupervised
3300021338_15	3300021338_15							unsupervised
3300014808_12	3300014808_12							unsupervised
3300029256_15	3300029256_15							unsupervised
3300007298_5	3300007298_5							unsupervised
3300029423_6	3300029423_6							unsupervised
3300029772_12	3300029772_12							unsupervised
3300011560_2	3300011560_2							unsupervised
3300029207_11	3300029207_11							unsupervised
3300011465_2	3300011465_2							unsupervised
3300008341_4	3300008341_4							unsupervised
3300014068_4	3300014068_4							unsupervised
3300009704_35	3300009704_35							unsupervised
3300025518_10	3300025518_10							unsupervised
3300021375_8	3300021375_8							unsupervised
3300029880_18	3300029880_18							unsupervised
3300029759_22	3300029759_22							unsupervised
3300011533_2	3300011533_2							unsupervised
3300029379_15	3300029379_15							unsupervised
3300006253_16	3300006253_16							unsupervised
3300012543_2	3300012543_2							unsupervised
3300025027_3	3300025027_3							unsupervised
3300007705_7	3300007705_7							unsupervised
3300021255_35	3300021255_35							unsupervised
3300008098_3	3300008098_3							unsupervised
3300005512_17	3300005512_17							unsupervised
3300026228_1	3300026228_1							unsupervised
3300011538_2	3300011538_2							unsupervised
3300029460_8	3300029460_8							unsupervised
3300006566_3	3300006566_3							unsupervised
3300025709_33	3300025709_33							unsupervised
3300029633_4	3300029633_4							unsupervised
3300013131_122	3300013131_122							unsupervised
3300027863_31	3300027863_31							unsupervised
3300025662_15	3300025662_15							unsupervised
3300029612_23	3300029612_23							unsupervised
3300028625_10	3300028625_10							unsupervised
3300007976_20	3300007976_20							unsupervised
3300017448_70	3300017448_70							unsupervised
3300029715_33	3300029715_33							unsupervised
3300021310_9	3300021310_9							unsupervised
3300026971_8	3300026971_8							unsupervised
3300026290_18	3300026290_18							unsupervised
3300025740_20	3300025740_20							unsupervised
3300008480_19	3300008480_19							unsupervised
3300025047_2	3300025047_2							unsupervised
3300026989_6	3300026989_6							unsupervised
3300014559_6	3300014559_6							unsupervised
3300007128_8	3300007128_8							unsupervised
3300012253_1	3300012253_1							unsupervised
3300029123_11	3300029123_11							unsupervised
3300011974_12	3300011974_12							unsupervised
3300029381_32	3300029381_32							unsupervised
3300029339_26	3300029339_26							unsupervised
3300025812_17	3300025812_17							unsupervised
3300024263_7	3300024263_7							unsupervised
3300027323_2	3300027323_2							unsupervised
3300011921_3	3300011921_3							unsupervised
3300029443_8	3300029443_8							unsupervised
3300029749_33	3300029749_33							unsupervised
3300008362_20	3300008362_20							unsupervised
3300021255_53	3300021255_53							unsupervised
3300029690_19	3300029690_19							unsupervised
3300027162_7	3300027162_7							unsupervised
3300017470_24	3300017470_24							unsupervised
3300021417_7	3300021417_7							unsupervised
3300012854_10	3300012854_10							unsupervised
3300029623_17	3300029623_17							unsupervised
3300025059_4	3300025059_4							unsupervised
3300017988_25	3300017988_25							unsupervised
3300027706_33	3300027706_33							unsupervised
3300025695_19	3300025695_19							unsupervised
3300029686_16	3300029686_16							unsupervised
3300029323_7	3300029323_7							unsupervised
3300025138_26	3300025138_26							unsupervised
3300029137_13	3300029137_13							unsupervised
3300011596_5	3300011596_5							unsupervised
3300025861_10	3300025861_10							unsupervised
3300025632_6	3300025632_6							unsupervised
3300029136_20	3300029136_20							unsupervised
3300026491_11	3300026491_11							unsupervised
3300029512_8	3300029512_8							unsupervised
3300011704_4	3300011704_4							unsupervised
3300022902_26	3300022902_26							unsupervised
3300026287_16	3300026287_16							unsupervised
3300008618_6	3300008618_6							unsupervised
3300027905_57	3300027905_57							unsupervised
3300024954_2	3300024954_2							unsupervised
3300006476_8	3300006476_8							unsupervised
3300025201_3	3300025201_3							unsupervised
3300027515_54	3300027515_54							unsupervised
3300029546_7	3300029546_7							unsupervised
Asparagus	Asparagus							unsupervised
3300027327_21	3300027327_21							unsupervised
3300029295_8	3300029295_8							unsupervised
3300011977_5	3300011977_5							unsupervised
3300007320_26	3300007320_26							unsupervised
3300029763_13	3300029763_13							unsupervised
3300007843_2	3300007843_2							unsupervised
3300013663_1	3300013663_1							unsupervised
3300007641_5	3300007641_5							unsupervised
3300029332_21	3300029332_21							unsupervised
GCA_006232315.1_ASM623231v1_genomic	Cyanidioschyzon merolae		Rhodophyta	Bangiophyceae	Cyanidiales	Cyanidiaceae	Cyanidioschyzon	unsupervised
3300029846_16	3300029846_16							unsupervised
3300029228_7	3300029228_7							unsupervised
3300029083_6	3300029083_6							unsupervised
3300029246_20	3300029246_20							unsupervised
3300011451_1	3300011451_1							unsupervised
3300025605_11	3300025605_11							unsupervised
3300026303_5	3300026303_5							unsupervised
3300024510_1	3300024510_1							unsupervised
3300029878_11	3300029878_11							unsupervised
3300006913_10	3300006913_10							unsupervised
3300029346_22	3300029346_22							unsupervised
3300029716_35	3300029716_35							unsupervised
3300020369_6	3300020369_6							unsupervised
3300023065_8	3300023065_8							unsupervised
3300025637_21	3300025637_21							unsupervised
3300024257_19	3300024257_19							unsupervised
3300013880_4	3300013880_4							unsupervised
3300027283_26	3300027283_26							unsupervised
3300029622_22	3300029622_22							unsupervised
3300005470_11	3300005470_11							unsupervised
3300027358_4	3300027358_4							unsupervised
3300003089_1	3300003089_1							unsupervised
3300011744_2	3300011744_2							unsupervised
3300008734_19	3300008734_19							unsupervised
3300007208_30	3300007208_30							unsupervised
3300026825_4	3300026825_4							unsupervised
3300007054_2	3300007054_2							unsupervised
3300022741_15	3300022741_15							unsupervised
3300021376_59	3300021376_59							unsupervised
3300029530_11	3300029530_11							unsupervised
3300029005_7	3300029005_7							unsupervised
3300005673_5	3300005673_5							unsupervised
3300006477_8	3300006477_8							unsupervised
3300006742_5	3300006742_5							unsupervised
3300009503_20	3300009503_20							unsupervised
3300026302_13	3300026302_13							unsupervised
3300029738_29	3300029738_29							unsupervised
3300013093_12	3300013093_12							unsupervised
3300007924_15	3300007924_15							unsupervised
3300019373_21	3300019373_21							unsupervised
3300020295_7	3300020295_7							unsupervised
3300029934_5	3300029934_5							unsupervised
3300002009_2	3300002009_2							unsupervised
3300029718_47	3300029718_47							unsupervised
3300013006_73	3300013006_73							unsupervised
3300005278_4	3300005278_4							unsupervised
Gnetum	Gnetum							unsupervised
3300020220_44	3300020220_44							unsupervised
3300014026_26	3300014026_26							unsupervised
3300029579_11	3300029579_11							unsupervised
3300011848_2	3300011848_2							unsupervised
3300029431_18	3300029431_18							unsupervised
3300022854_6	3300022854_6							unsupervised
3300025683_47	3300025683_47							unsupervised
3300029709_21	3300029709_21							unsupervised
3300015158_12	3300015158_12							unsupervised
3300011731_1	3300011731_1							unsupervised
3300029463_9	3300029463_9							unsupervised
3300025161_37	3300025161_37							unsupervised
3300025459_3	3300025459_3							unsupervised
3300010278_10	3300010278_10							unsupervised
3300012822_5	3300012822_5							unsupervised
Coccomyxa	Coccomyxa							unsupervised
3300008363_10	3300008363_10							unsupervised
3300007043_10	3300007043_10							unsupervised
3300019374_15	3300019374_15							unsupervised
3300002821_34	3300002821_34							unsupervised
3300029527_12	3300029527_12							unsupervised
2061766007_347	2061766007_347							unsupervised
3300025094_8	3300025094_8							unsupervised
3300008695_20	3300008695_20							unsupervised
3300020145_8	3300020145_8							unsupervised
3300014025_20	3300014025_20							unsupervised
3300018878_141	3300018878_141							unsupervised
3300026126_4	3300026126_4							unsupervised
3300029743_24	3300029743_24							unsupervised
3300021424_11	3300021424_11							unsupervised
3300000470_7	3300000470_7							unsupervised
3300013995_1	3300013995_1							unsupervised
3300029474_9	3300029474_9							unsupervised
3300027282_18	3300027282_18							unsupervised
3300026907_7	3300026907_7							unsupervised
3300023292_2	3300023292_2							unsupervised
3300014782_5	3300014782_5							unsupervised
3300011828_3	3300011828_3							unsupervised
3300025242_3	3300025242_3							unsupervised
3300029881_10	3300029881_10							unsupervised
3300025514_5	3300025514_5							unsupervised
3300027870_25	3300027870_25							unsupervised
3300010260_3	3300010260_3							unsupervised
3300012229_2	3300012229_2							unsupervised
3300007305_11	3300007305_11							unsupervised
3300027968_64	3300027968_64							unsupervised
3300029513_19	3300029513_19							unsupervised
3300028959_5	3300028959_5							unsupervised
3300027283_30	3300027283_30							unsupervised
3300029391_13	3300029391_13							unsupervised
3300027592_19	3300027592_19							unsupervised
3300014953_8	3300014953_8							unsupervised
3300029595_14	3300029595_14							unsupervised
3300029463_8	3300029463_8							unsupervised
3300017788_52	3300017788_52							unsupervised
3300029410_11	3300029410_11							unsupervised
3300008125_30	3300008125_30							unsupervised
3300029878_17	3300029878_17							unsupervised
3300008058_7	3300008058_7							unsupervised
3300011627_1	3300011627_1							unsupervised
3300022401_10	3300022401_10							unsupervised
3300028048_114	3300028048_114							unsupervised
3300006243_6	3300006243_6							unsupervised
3300025525_10	3300025525_10							unsupervised
3300028299_27	3300028299_27							unsupervised
3300017444_37	3300017444_37							unsupervised
3300025296_19	3300025296_19							unsupervised
3300020055_21	3300020055_21							unsupervised
3300027719_39	3300027719_39							unsupervised
3300021424_44	3300021424_44							unsupervised
3300008083_11	3300008083_11							unsupervised
3300027863_26	3300027863_26							unsupervised
3300022660_101	3300022660_101							unsupervised
3300018427_65	3300018427_65							unsupervised
3300020219_31	3300020219_31							unsupervised
3300025103_5	3300025103_5							unsupervised
3300021487_5	3300021487_5							unsupervised
3300029542_10	3300029542_10							unsupervised
3300027536_57	3300027536_57							unsupervised
3300027638_6	3300027638_6							unsupervised
3300013989_1	3300013989_1							unsupervised
3300029887_19	3300029887_19							unsupervised
3300027983_57	3300027983_57							unsupervised
3300025686_14	3300025686_14							unsupervised
3300014069_3	3300014069_3							unsupervised
3300024048_8	3300024048_8							unsupervised
3300020051_21	3300020051_21							unsupervised
3300029580_20	3300029580_20							unsupervised
3300029437_27	3300029437_27							unsupervised
3300029554_28	3300029554_28							unsupervised
3300029549_25	3300029549_25							unsupervised
3300029355_18	3300029355_18							unsupervised
3300011827_5	3300011827_5							unsupervised
3300022181_35	3300022181_35							unsupervised
3300011658_6	3300011658_6							unsupervised
3300014911_28	3300014911_28							unsupervised
3300027804_52	3300027804_52							unsupervised
3300025669_23	3300025669_23							unsupervised
3300010262_21	3300010262_21							unsupervised
3300028965_2	3300028965_2							unsupervised
3300011609_4	3300011609_4							unsupervised
3300024494_3	3300024494_3							unsupervised
3300025600_26	3300025600_26							unsupervised
3300025657_31	3300025657_31							unsupervised
3300029060_14	3300029060_14							unsupervised
3300029334_21	3300029334_21							unsupervised
3300008143_8	3300008143_8							unsupervised
3300000101_34	3300000101_34							unsupervised
3300013341_2	3300013341_2							unsupervised
3300027282_5	3300027282_5							unsupervised
3300029338_15	3300029338_15							unsupervised
3300029430_21	3300029430_21							unsupervised
3300027386_12	3300027386_12							unsupervised
3300012251_3	3300012251_3							unsupervised
3300029708_16	3300029708_16							unsupervised
3300024939_7	3300024939_7							unsupervised
3300011153_1	3300011153_1							unsupervised
3300005326_25	3300005326_25							unsupervised
3300029400_9	3300029400_9							unsupervised
3300029783_18	3300029783_18							unsupervised
3300007305_9	3300007305_9							unsupervised
3300025254_12	3300025254_12							unsupervised
3300003155_15	3300003155_15							unsupervised
3300029692_12	3300029692_12							unsupervised
3300029333_27	3300029333_27							unsupervised
3300008100_8	3300008100_8							unsupervised
3300025587_23	3300025587_23							unsupervised
3300028582_28	3300028582_28							unsupervised
3300029238_12	3300029238_12							unsupervised
3300029742_26	3300029742_26							unsupervised
3300025225_4	3300025225_4							unsupervised
3300012823_4	3300012823_4							unsupervised
3300007347_13	3300007347_13							unsupervised
3300006312_11	3300006312_11							unsupervised
GCF_000836335.1	Cryptococcus bacillisporus		Basidiomycota	Tremellomycetes	Tremellales	Cryptococcaceae	Cryptococcus	unsupervised
GCF_033174715.1_ASM3317471v1_genomic	Leuconostoc citreum		Bacillota	Bacilli	Lactobacillales	Lactobacillaceae	Leuconostoc	supervised
GCF_020245605.1_ASM2024560v1_genomic	Microcystis sp. M061S2		Cyanobacteriota	Cyanophyceae	Chroococcales	Microcystaceae	Microcystis	supervised
GCF_047725105.1_ASM4772510v1_genomic	Leuconostoc pseudomesenteroides		Bacillota	Bacilli	Lactobacillales	Lactobacillaceae	Leuconostoc	supervised
GCF_020089085.1_ASM2008908v1_genomic	Leuconostoc gasicomitatum		Bacillota	Bacilli	Lactobacillales	Lactobacillaceae	Leuconostoc	supervised
GCF_047303025.1_ASM4730302v1_genomic	Synechococcus sp. MIT S1220		Cyanobacteriota	Cyanophyceae	Synechococcales	Synechococcaceae	Synechococcus	supervised
GCF_028619415.1_ASM2861941v1_genomic	Leuconostoc mesenteroides		Bacillota	Bacilli	Lactobacillales	Lactobacillaceae	Leuconostoc	supervised
GCF_020244875.1_ASM2024487v1_genomic	Microcystis sp. M44BS1		Cyanobacteriota	Cyanophyceae	Chroococcales	Microcystaceae	Microcystis	supervised
GCF_010196425.1_ASM1019642v1_genomic	Microcystis aeruginosa		Cyanobacteriota	Cyanophyceae	Chroococcales	Microcystaceae	Microcystis	supervised
GCF_008689755.1_ASM868975v1_genomic	Leuconostoc carnosum		Bacillota	Bacilli	Lactobacillales	Lactobacillaceae	Leuconostoc	supervised
GCF_000757845.1_ASM75784v1_genomic	Prochlorococcus sp. MIT 0604		Cyanobacteriota	Cyanophyceae	Synechococcales	Prochlorococcaceae	Prochlorococcus	supervised
GCF_031583185.1_ASM3158318v1_genomic	Thermosynechococcus sp. PP22		Cyanobacteriota	Cyanophyceae	Acaryochloridales	Thermosynechococcaceae	Thermosynechococcus	supervised
GCF_014279895.1_ASM1427989v1_genomic	Synechococcus sp. M16.1		Cyanobacteriota	Cyanophyceae	Synechococcales	Synechococcaceae	Synechococcus	supervised
GCF_001693275.1_ASM169327v1_genomic	Picosynechococcus sp. PCC 7117		Cyanobacteriota	Cyanophyceae	Chroococcales	Geminocystaceae	Picosynechococcus	supervised
GCF_020246845.1_ASM2024684v1_genomic	Microcystis sp. M034S1		Cyanobacteriota	Cyanophyceae	Chroococcales	Microcystaceae	Microcystis	supervised
GCF_046343395.1_ASM4634339v1_genomic	Microcystis sp.		Cyanobacteriota	Cyanophyceae	Chroococcales	Microcystaceae	Microcystis	supervised
GCF_036841425.1_ASM3684142v1_genomic	Leuconostoc lactis		Bacillota	Bacilli	Lactobacillales	Lactobacillaceae	Leuconostoc	supervised
GCF_001672085.1_ASM167208v1_genomic	Anabaena sp. AL93		Cyanobacteriota	Cyanophyceae	Nostocales	Nostocaceae	Anabaena	supervised
GCF_001989455.1_ASM198945v1_genomic	Prochlorococcus sp. RS04		Cyanobacteriota	Cyanophyceae	Synechococcales	Prochlorococcaceae	Prochlorococcus	supervised
GCF_019656055.1_ASM1965605v1_genomic	Leuconostoc miyukkimchii		Bacillota	Bacilli	Lactobacillales	Lactobacillaceae	Leuconostoc	supervised
GCF_041320655.1_ASM4132065v1_genomic	Leuconostoc lactis		Bacillota	Bacilli	Lactobacillales	Lactobacillaceae	Leuconostoc	supervised
GCF_028330675.1_ASM2833067v1_genomic	Microcystis aeruginosa		Cyanobacteriota	Cyanophyceae	Chroococcales	Microcystaceae	Microcystis	supervised
GCF_017695975.1_ASM1769597v1_genomic	Prochlorococcus marinus		Cyanobacteriota	Cyanophyceae	Synechococcales	Prochlorococcaceae	Prochlorococcus	supervised
GCF_013403485.1_ASM1340348v1_genomic	Leuconostoc gasicomitatum		Bacillota	Bacilli	Lactobacillales	Lactobacillaceae	Leuconostoc	supervised
GCF_900009505.1_ASM90000950v1_genomic	Leuconostoc inhae		Bacillota	Bacilli	Lactobacillales	Lactobacillaceae	Leuconostoc	supervised
GCF_014698475.1_ASM1469847v1_genomic	Nostoc spongiaeforme		Cyanobacteriota	Cyanophyceae	Nostocales	Nostocaceae	Nostoc	supervised
GCF_046306515.1_ASM4630651v1_genomic	Microcystis sp.		Cyanobacteriota	Cyanophyceae	Chroococcales	Microcystaceae	Microcystis	supervised
GCF_047302905.1_ASM4730290v1_genomic	Prochlorococcus marinus		Cyanobacteriota	Cyanophyceae	Synechococcales	Prochlorococcaceae	Prochlorococcus	supervised
GCF_000011485.1_ASM1148v1_genomic	Prochlorococcus marinus		Cyanobacteriota	Cyanophyceae	Synechococcales	Prochlorococcaceae	Prochlorococcus	supervised
GCF_047461975.1_ASM4746197v1_genomic	Synechococcus sp. R55.3		Cyanobacteriota	Cyanophyceae	Synechococcales	Synechococcaceae	Synechococcus	supervised
GCF_020514015.1_ASM2051401v1_genomic	Synechococcus sp. MU1650		Cyanobacteriota	Cyanophyceae	Synechococcales	Synechococcaceae	Synechococcus	supervised
GCF_027359475.1_ASM2735947v1_genomic	Prochlorococcus marinus		Cyanobacteriota	Cyanophyceae	Synechococcales	Prochlorococcaceae	Prochlorococcus	supervised
GCF_031583355.1_ASM3158335v1_genomic	Thermosynechococcus sp. WL17		Cyanobacteriota	Cyanophyceae	Acaryochloridales	Thermosynechococcaceae	Thermosynechococcus	supervised
GCF_018336555.1_ASM1833655v1_genomic	Leuconostoc mesenteroides		Bacillota	Bacilli	Lactobacillales	Lactobacillaceae	Leuconostoc	supervised
GCF_024543065.1_ASM2454306v1_genomic	Leuconostoc citreum		Bacillota	Bacilli	Lactobacillales	Lactobacillaceae	Leuconostoc	supervised
GCF_047461675.1_ASM4746167v1_genomic	Synechococcus sp. R70.1		Cyanobacteriota	Cyanophyceae	Synechococcales	Synechococcaceae	Synechococcus	supervised
GCF_024345915.1_ASM2434591v1_genomic	Synechococcus sp. Cruz-9H2		Cyanobacteriota	Cyanophyceae	Synechococcales	Synechococcaceae	Synechococcus	supervised
GCF_008326545.1_ASM832654v1_genomic	Leuconostoc citreum		Bacillota	Bacilli	Lactobacillales	Lactobacillaceae	Leuconostoc	supervised
GCF_047502635.1_ASM4750263v1_genomic	Synechococcus sp. RC10B2		Cyanobacteriota	Cyanophyceae	Synechococcales	Synechococcaceae	Synechococcus	supervised
GCF_024158625.1_ASM2415862v1_genomic	Leuconostoc citreum		Bacillota	Bacilli	Lactobacillales	Lactobacillaceae	Leuconostoc	supervised
GCF_001632065.1_ASM163206v1_genomic	Prochlorococcus marinus		Cyanobacteriota	Cyanophyceae	Synechococcales	Prochlorococcaceae	Prochlorococcus	supervised
GCF_047461555.1_ASM4746155v1_genomic	Synechococcus sp. WC101		Cyanobacteriota	Cyanophyceae	Synechococcales	Synechococcaceae	Synechococcus	supervised
GCF_047303165.1_ASM4730316v1_genomic	Prochlorococcus sp. MIT 1312		Cyanobacteriota	Cyanophyceae	Synechococcales	Prochlorococcaceae	Prochlorococcus	supervised
GCF_902519915.1_AG-894-I06_genomic	uncultured Prochlorococcus sp.		Cyanobacteriota	Cyanophyceae	Synechococcales	Prochlorococcaceae	Prochlorococcus	supervised
GCF_046306095.1_ASM4630609v1_genomic	Microcystis sp.		Cyanobacteriota	Cyanophyceae	Chroococcales	Microcystaceae	Microcystis	supervised
GCF_002117185.1_ASM211718v1_genomic	Leuconostoc mesenteroides		Bacillota	Bacilli	Lactobacillales	Lactobacillaceae	Leuconostoc	supervised
GCF_025128115.1_ASM2512811v1_genomic	Synechococcus sp. CS-1326		Cyanobacteriota	Cyanophyceae	Synechococcales	Synechococcaceae	Synechococcus	supervised
GCF_020089505.1_ASM2008950v1_genomic	Leuconostoc gelidum		Bacillota	Bacilli	Lactobacillales	Lactobacillaceae	Leuconostoc	supervised
GCF_020088855.1_ASM2008885v1_genomic	Leuconostoc gasicomitatum		Bacillota	Bacilli	Lactobacillales	Lactobacillaceae	Leuconostoc	supervised
GCF_028620175.1_ASM2862017v1_genomic	Leuconostoc mesenteroides		Bacillota	Bacilli	Lactobacillales	Lactobacillaceae	Leuconostoc	supervised
GCF_036917535.1_ASM3691753v1_genomic	Nostoc sp.		Cyanobacteriota	Cyanophyceae	Nostocales	Nostocaceae	Nostoc	supervised
GCF_034531215.2_ASM3453121v2_genomic	Nostoc sp. ChiSLP03a		Cyanobacteriota	Cyanophyceae	Nostocales	Nostocaceae	Nostoc	supervised
GCF_025211255.1_ASM2521125v1_genomic	Leuconostoc suionicum		Bacillota	Bacilli	Lactobacillales	Lactobacillaceae	Leuconostoc	supervised
GCF_963895405.1_ena-yuan-GCF_019137795.1_genomic	Picosynechococcus sp. PCC 7002		Cyanobacteriota	Cyanophyceae	Chroococcales	Geminocystaceae	Picosynechococcus	supervised
GCF_027532545.1_ASM2753254v1_genomic	Microcystis sp. LE19-59.1C		Cyanobacteriota	Cyanophyceae	Chroococcales	Microcystaceae	Microcystis	supervised
GCF_025122295.1_ASM2512229v1_genomic	Leuconostoc citreum		Bacillota	Bacilli	Lactobacillales	Lactobacillaceae	Leuconostoc	supervised
GCF_032096975.1_ASM3209697v1_genomic	Leuconostoc lactis		Bacillota	Bacilli	Lactobacillales	Lactobacillaceae	Leuconostoc	supervised
GCF_020089445.1_ASM2008944v1_genomic	Leuconostoc gelidum		Bacillota	Bacilli	Lactobacillales	Lactobacillaceae	Leuconostoc	supervised
GCF_008386235.1_ASM838623v1_genomic	Thermosynechococcus sp. CL-1		Cyanobacteriota	Cyanophyceae	Acaryochloridales	Thermosynechococcaceae	Thermosynechococcus	supervised
GCF_001712795.1_ASM171279v1_genomic	Nostoc sp. KVJ20		Cyanobacteriota	Cyanophyceae	Nostocales	Nostocaceae	Nostoc	supervised
GCF_014279795.1_ASM1427979v1_genomic	Synechococcus sp. PROS-7-1		Cyanobacteriota	Cyanophyceae	Synechococcales	Synechococcaceae	Synechococcus	supervised
GCF_002092315.1_ASM209231v1_genomic	Leuconostoc mesenteroides		Bacillota	Bacilli	Lactobacillales	Lactobacillaceae	Leuconostoc	supervised
GCF_026486025.1_ASM2648602v1_genomic	Leuconostoc falkenbergense		Bacillota	Bacilli	Lactobacillales	Lactobacillaceae	Leuconostoc	supervised
GCF_043558685.1_ASM4355868v1_genomic	Leuconostoc lactis		Bacillota	Bacilli	Lactobacillales	Lactobacillaceae	Leuconostoc	supervised
GCF_025188655.1_ASM2518865v1_genomic	Leuconostoc citreum		Bacillota	Bacilli	Lactobacillales	Lactobacillaceae	Leuconostoc	supervised
GCF_020246905.1_ASM2024690v1_genomic	Microcystis sp. M011S1		Cyanobacteriota	Cyanophyceae	Chroococcales	Microcystaceae	Microcystis	supervised
GCF_019927005.1_ASM1992700v1_genomic	Leuconostoc mesenteroides		Bacillota	Bacilli	Lactobacillales	Lactobacillaceae	Leuconostoc	supervised
GCF_046306875.1_ASM4630687v1_genomic	Microcystis sp.		Cyanobacteriota	Cyanophyceae	Chroococcales	Microcystaceae	Microcystis	supervised
GCF_002092455.1_ASM209245v1_genomic	Leuconostoc mesenteroides		Bacillota	Bacilli	Lactobacillales	Lactobacillaceae	Leuconostoc	supervised
GCF_036919795.1_ASM3691979v1_genomic	Nostoc sp.		Cyanobacteriota	Cyanophyceae	Nostocales	Nostocaceae	Nostoc	supervised
GCF_020881495.1_ASM2088149v1_genomic	Leuconostoc pseudomesenteroides		Bacillota	Bacilli	Lactobacillales	Lactobacillaceae	Leuconostoc	supervised
GCF_003945305.1_ASM394530v1_genomic	Microcystis viridis		Cyanobacteriota	Cyanophyceae	Chroococcales	Microcystaceae	Microcystis	supervised
GCF_020246465.1_ASM2024646v1_genomic	Microcystis sp. M074S1		Cyanobacteriota	Cyanophyceae	Chroococcales	Microcystaceae	Microcystis	supervised
GCF_028329685.1_ASM2832968v1_genomic	Microcystis aeruginosa		Cyanobacteriota	Cyanophyceae	Chroococcales	Microcystaceae	Microcystis	supervised
GCF_022984345.1_ASM2298434v1_genomic	Synechococcus elongatus		Cyanobacteriota	Cyanophyceae	Synechococcales	Synechococcaceae	Synechococcus	supervised
GCF_016908715.1_ASM1690871v1_genomic	Leuconostoc rapi		Bacillota	Bacilli	Lactobacillales	Lactobacillaceae	Leuconostoc	supervised
GCF_001050535.1_ASM105053v1_genomic	Nostocoides australiense		Actinomycetota	Actinomycetes	Micrococcales	Intrasporangiaceae	Nostocoides	supervised
GCF_045111275.1_ASM4511127v1_genomic	Leuconostoc mesenteroides		Bacillota	Bacilli	Lactobacillales	Lactobacillaceae	Leuconostoc	supervised
GCF_036918225.1_ASM3691822v1_genomic	Nostoc sp.		Cyanobacteriota	Cyanophyceae	Nostocales	Nostocaceae	Nostoc	supervised
GCF_001885655.1_ASM188565v1_genomic	Microcystis aeruginosa		Cyanobacteriota	Cyanophyceae	Chroococcales	Microcystaceae	Microcystis	supervised
GCF_028619975.1_ASM2861997v1_genomic	Leuconostoc mesenteroides		Bacillota	Bacilli	Lactobacillales	Lactobacillaceae	Leuconostoc	supervised
GCF_047461835.1_ASM4746183v1_genomic	Synechococcus sp. R60.1		Cyanobacteriota	Cyanophyceae	Synechococcales	Synechococcaceae	Synechococcus	supervised
GCF_020247025.1_ASM2024702v1_genomic	Microcystis sp. M109S1		Cyanobacteriota	Cyanophyceae	Chroococcales	Microcystaceae	Microcystis	supervised
GCF_006381855.1_ASM638185v1_genomic	Leuconostoc citreum		Bacillota	Bacilli	Lactobacillales	Lactobacillaceae	Leuconostoc	supervised
GCF_048657185.1_ASM4865718v1_genomic	Leuconostoc mesenteroides		Bacillota	Bacilli	Lactobacillales	Lactobacillaceae	Leuconostoc	supervised
GCF_028619195.1_ASM2861919v1_genomic	Leuconostoc mesenteroides		Bacillota	Bacilli	Lactobacillales	Lactobacillaceae	Leuconostoc	supervised
GCF_000759935.1_ASM75993v1_genomic	Prochlorococcus marinus		Cyanobacteriota	Cyanophyceae	Synechococcales	Prochlorococcaceae	Prochlorococcus	supervised
GCF_036324385.1_ASM3632438v1_genomic	Leuconostoc mesenteroides		Bacillota	Bacilli	Lactobacillales	Lactobacillaceae	Leuconostoc	supervised
GCF_036917855.1_ASM3691785v1_genomic	Nostoc sp.		Cyanobacteriota	Cyanophyceae	Nostocales	Nostocaceae	Nostoc	supervised
GCF_047302745.1_ASM4730274v1_genomic	Prochlorococcus marinus		Cyanobacteriota	Cyanophyceae	Synechococcales	Prochlorococcaceae	Prochlorococcus	supervised
GCF_047305135.1_ASM4730513v1_genomic	Prochlorococcus sp. MIT 9123		Cyanobacteriota	Cyanophyceae	Synechococcales	Prochlorococcaceae	Prochlorococcus	supervised
GCF_007954665.1_ASM795466v1_genomic	Leuconostoc lactis		Bacillota	Bacilli	Lactobacillales	Lactobacillaceae	Leuconostoc	supervised
GCF_000015705.1_ASM1570v1_genomic	Prochlorococcus marinus		Cyanobacteriota	Cyanophyceae	Synechococcales	Prochlorococcaceae	Prochlorococcus	supervised
GCF_029602415.1_Pcat_genomic	Pseudanabaena catenata		Cyanobacteriota	Cyanophyceae	Pseudanabaenales	Pseudanabaenaceae	Pseudanabaena	supervised
GCF_045527685.1_ASM4552768v1_genomic	Leuconostoc mesenteroides		Bacillota	Bacilli	Lactobacillales	Lactobacillaceae	Leuconostoc	supervised
GCF_030369975.1_ASM3036997v1_genomic	Leuconostoc mesenteroides		Bacillota	Bacilli	Lactobacillales	Lactobacillaceae	Leuconostoc	supervised
GCF_014927285.1_ASM1492728v1_genomic	Leuconostoc citreum		Bacillota	Bacilli	Lactobacillales	Lactobacillaceae	Leuconostoc	supervised
GCF_017696205.1_ASM1769620v1_genomic	Prochlorococcus marinus		Cyanobacteriota	Cyanophyceae	Synechococcales	Prochlorococcaceae	Prochlorococcus	supervised
GCF_900461615.1_51765_D01_genomic	Leuconostoc mesenteroides		Bacillota	Bacilli	Lactobacillales	Lactobacillaceae	Leuconostoc	supervised
GCF_019927145.1_ASM1992714v1_genomic	Leuconostoc mesenteroides		Bacillota	Bacilli	Lactobacillales	Lactobacillaceae	Leuconostoc	supervised
GCF_008579325.1_ASM857932v1_genomic	Microcystis aeruginosa		Cyanobacteriota	Cyanophyceae	Chroococcales	Microcystaceae	Microcystis	supervised
GCF_028619295.1_ASM2861929v1_genomic	Leuconostoc mesenteroides		Bacillota	Bacilli	Lactobacillales	Lactobacillaceae	Leuconostoc	supervised
GCF_007095505.1_ASM709550v1_genomic	Microcystis sp. M_QC_C_20170808_M3Col		Cyanobacteriota	Cyanophyceae	Chroococcales	Microcystaceae	Microcystis	supervised
GCF_025211365.1_ASM2521136v1_genomic	Leuconostoc falkenbergense		Bacillota	Bacilli	Lactobacillales	Lactobacillaceae	Leuconostoc	supervised
GCF_008690805.1_ASM869080v1_genomic	Leuconostoc mesenteroides		Bacillota	Bacilli	Lactobacillales	Lactobacillaceae	Leuconostoc	supervised
GCF_013343235.1_ASM1334323v1_genomic	Nostoc sp. TCL240-02		Cyanobacteriota	Cyanophyceae	Nostocales	Nostocaceae	Nostoc	supervised
GCF_020246205.1_ASM2024620v1_genomic	Microcystis sp. M116S2		Cyanobacteriota	Cyanophyceae	Chroococcales	Microcystaceae	Microcystis	supervised
GCF_024346075.1_ASM2434607v1_genomic	Synechococcus sp. Cruz CV12-2-Slac-r		Cyanobacteriota	Cyanophyceae	Synechococcales	Synechococcaceae	Synechococcus	supervised
GCF_014280215.1_ASM1428021v1_genomic	Synechococcus sp. A15-127		Cyanobacteriota	Cyanophyceae	Synechococcales	Synechococcaceae	Synechococcus	supervised
GCF_047721145.1_ASM4772114v1_genomic	Leuconostoc falkenbergense		Bacillota	Bacilli	Lactobacillales	Lactobacillaceae	Leuconostoc	supervised
GCF_030323025.1_ASM3032302v1_genomic	Pseudanabaena mucicola		Cyanobacteriota	Cyanophyceae	Pseudanabaenales	Pseudanabaenaceae	Pseudanabaena	supervised
GCF_000760275.1_ASM76027v1_genomic	Prochlorococcus marinus		Cyanobacteriota	Cyanophyceae	Synechococcales	Prochlorococcaceae	Prochlorococcus	supervised
GCF_014280075.1_ASM1428007v1_genomic	Synechococcus sp. A15-62		Cyanobacteriota	Cyanophyceae	Synechococcales	Synechococcaceae	Synechococcus	supervised
GCF_014279755.1_ASM1427975v1_genomic	Synechococcus sp. PROS-U-1		Cyanobacteriota	Cyanophyceae	Synechococcales	Synechococcaceae	Synechococcus	supervised
GCF_024800665.1_ASM2480066v1_genomic	Leuconostoc citreum		Bacillota	Bacilli	Lactobacillales	Lactobacillaceae	Leuconostoc	supervised
GCF_036919475.1_ASM3691947v1_genomic	Nostoc sp.		Cyanobacteriota	Cyanophyceae	Nostocales	Nostocaceae	Nostoc	supervised
GCF_964065235.1_Leuconostoc_pseudomesenteroides_CIRM-BIA2446_genomic	Leuconostoc pseudomesenteroides		Bacillota	Bacilli	Lactobacillales	Lactobacillaceae	Leuconostoc	supervised
GCF_024345775.1_ASM2434577v1_genomic	Synechococcus sp. JJ3a-Johnson		Cyanobacteriota	Cyanophyceae	Synechococcales	Synechococcaceae	Synechococcus	supervised
GCF_028620225.1_ASM2862022v1_genomic	Leuconostoc mesenteroides		Bacillota	Bacilli	Lactobacillales	Lactobacillaceae	Leuconostoc	supervised
GCF_000179255.1_ASM17925v1_genomic	Synechococcus sp. CB0205		Cyanobacteriota	Cyanophyceae	Synechococcales	Synechococcaceae	Synechococcus	supervised
GCF_047497135.1_ASM4749713v1_genomic	Synechococcus sp. MIT S9504		Cyanobacteriota	Cyanophyceae	Synechococcales	Synechococcaceae	Synechococcus	supervised
GCF_934193555.1_ERR7738260_bin.101_genomic	uncultured Leuconostoc sp.		Bacillota	Bacilli	Lactobacillales	Lactobacillaceae	Leuconostoc	supervised
GCF_017115145.1_ASM1711514v1_genomic	Nostoc sp. NMS1		Cyanobacteriota	Cyanophyceae	Nostocales	Nostocaceae	Nostoc	supervised
GCF_017696015.1_ASM1769601v1_genomic	Prochlorococcus marinus		Cyanobacteriota	Cyanophyceae	Synechococcales	Prochlorococcaceae	Prochlorococcus	supervised
GCF_045919585.1_ASM4591958v1_genomic	Leuconostoc mesenteroides		Bacillota	Bacilli	Lactobacillales	Lactobacillaceae	Leuconostoc	supervised
GCF_001998805.1_ASM199880v1_genomic	Leuconostoc garlicum		Bacillota	Bacilli	Lactobacillales	Lactobacillaceae	Leuconostoc	supervised
GCF_028618795.1_ASM2861879v1_genomic	Leuconostoc mesenteroides		Bacillota	Bacilli	Lactobacillales	Lactobacillaceae	Leuconostoc	supervised
GCF_036917635.1_ASM3691763v1_genomic	Nostoc sp.		Cyanobacteriota	Cyanophyceae	Nostocales	Nostocaceae	Nostoc	supervised
GCF_002608225.1_ASM260822v1_genomic	Nostoc linckia		Cyanobacteriota	Cyanophyceae	Nostocales	Nostocaceae	Nostoc	supervised
GCF_030382115.1_ASM3038211v1_genomic	Nostoc sp. GT001		Cyanobacteriota	Cyanophyceae	Nostocales	Nostocaceae	Nostoc	supervised
GCF_034530975.2_ASM3453097v2_genomic	Nostoc sp. DedQUE07		Cyanobacteriota	Cyanophyceae	Nostocales	Nostocaceae	Nostoc	supervised
GCF_020245175.1_ASM2024517v1_genomic	Microcystis sp. M26BS1		Cyanobacteriota	Cyanophyceae	Chroococcales	Microcystaceae	Microcystis	supervised
GCF_000011465.1_ASM1146v1_genomic	Prochlorococcus marinus		Cyanobacteriota	Cyanophyceae	Synechococcales	Prochlorococcaceae	Prochlorococcus	supervised
GCF_047305115.1_ASM4730511v1_genomic	Prochlorococcus sp. MED1		Cyanobacteriota	Cyanophyceae	Synechococcales	Prochlorococcaceae	Prochlorococcus	supervised
GCF_022447305.1_ASM2244730v1_genomic	Prochlorococcus sp. ALOHA_ZT_50		Cyanobacteriota	Cyanophyceae	Synechococcales	Prochlorococcaceae	Prochlorococcus	supervised
GCF_002425485.1_ASM242548v1_genomic	Leuconostoc lactis		Bacillota	Bacilli	Lactobacillales	Lactobacillaceae	Leuconostoc	supervised
GCF_018257035.1_ASM1825703v1_genomic	Leuconostoc suionicum		Bacillota	Bacilli	Lactobacillales	Lactobacillaceae	Leuconostoc	supervised
GCF_034092375.1_ASM3409237v1_genomic	Prochlorococcus sp. MIT 1300		Cyanobacteriota	Cyanophyceae	Synechococcales	Prochlorococcaceae	Prochlorococcus	supervised
GCF_020514205.1_ASM2051420v1_genomic	Synechococcus sp. MU1625		Cyanobacteriota	Cyanophyceae	Synechococcales	Synechococcaceae	Synechococcus	supervised
GCF_008326505.1_ASM832650v1_genomic	Leuconostoc citreum		Bacillota	Bacilli	Lactobacillales	Lactobacillaceae	Leuconostoc	supervised
GCF_020245085.1_ASM2024508v1_genomic	Microcystis sp. M34BS1		Cyanobacteriota	Cyanophyceae	Chroococcales	Microcystaceae	Microcystis	supervised
GCF_047462435.1_ASM4746243v1_genomic	Synechococcus sp. H55.5		Cyanobacteriota	Cyanophyceae	Synechococcales	Synechococcaceae	Synechococcus	supervised
GCF_020245865.1_ASM2024586v1_genomic	Microcystis sp. M169S2		Cyanobacteriota	Cyanophyceae	Chroococcales	Microcystaceae	Microcystis	supervised
GCF_047304785.1_ASM4730478v1_genomic	Prochlorococcus sp. MIT 1327		Cyanobacteriota	Cyanophyceae	Synechococcales	Prochlorococcaceae	Prochlorococcus	supervised
GCF_000737575.1_ASM73757v1_genomic	Synechococcus sp. KORDI-49		Cyanobacteriota	Cyanophyceae	Synechococcales	Synechococcaceae	Synechococcus	supervised
GCF_031583375.1_ASM3158337v1_genomic	Thermosynechococcus sp. WL15		Cyanobacteriota	Cyanophyceae	Acaryochloridales	Thermosynechococcaceae	Thermosynechococcus	supervised
GCF_000239935.1_ASM23993v2_genomic	Leuconostoc citreum		Bacillota	Bacilli	Lactobacillales	Lactobacillaceae	Leuconostoc	supervised
GCF_900452955.1_49923_C01_genomic	Leuconostoc mesenteroides		Bacillota	Bacilli	Lactobacillales	Lactobacillaceae	Leuconostoc	supervised
GCF_047302765.1_ASM4730276v1_genomic	Prochlorococcus marinus		Cyanobacteriota	Cyanophyceae	Synechococcales	Prochlorococcaceae	Prochlorococcus	supervised
GCF_030269345.1_ASM3026934v1_genomic	Leuconostoc lactis		Bacillota	Bacilli	Lactobacillales	Lactobacillaceae	Leuconostoc	supervised
GCF_000161795.2_ASM16179v2_genomic	Synechococcus sp. WH 8109		Cyanobacteriota	Cyanophyceae	Synechococcales	Synechococcaceae	Synechococcus	supervised
GCF_036917075.1_ASM3691707v1_genomic	Nostoc sp.		Cyanobacteriota	Cyanophyceae	Nostocales	Nostocaceae	Nostoc	supervised
GCF_047502705.1_ASM4750270v1_genomic	Synechococcus sp. H70.1		Cyanobacteriota	Cyanophyceae	Synechococcales	Synechococcaceae	Synechococcus	supervised
GCF_003019735.1_ASM301973v1_genomic	Microcystis sp. MC19		Cyanobacteriota	Cyanophyceae	Chroococcales	Microcystaceae	Microcystis	supervised
GCF_046312975.1_ASM4631297v1_genomic	Microcystis sp.		Cyanobacteriota	Cyanophyceae	Chroococcales	Microcystaceae	Microcystis	supervised
GCF_020246445.1_ASM2024644v1_genomic	Microcystis sp. M078S1		Cyanobacteriota	Cyanophyceae	Chroococcales	Microcystaceae	Microcystis	supervised
GCF_036453025.1_ASM3645302v1_genomic	Leuconostoc gelidum		Bacillota	Bacilli	Lactobacillales	Lactobacillaceae	Leuconostoc	supervised
GCF_020088965.1_ASM2008896v1_genomic	Leuconostoc gasicomitatum		Bacillota	Bacilli	Lactobacillales	Lactobacillaceae	Leuconostoc	supervised
GCF_034931405.1_ASM3493140v1_genomic	Anabaena sp. UHCC 0451		Cyanobacteriota	Cyanophyceae	Nostocales	Nostocaceae	Anabaena	supervised
GCF_007095585.1_ASM709558v1_genomic	Microcystis sp. M_OC_Ca_00000000_C217Col		Cyanobacteriota	Cyanophyceae	Chroococcales	Microcystaceae	Microcystis	supervised
GCF_902616385.1_AG-919-J11_genomic	uncultured Prochlorococcus sp.		Cyanobacteriota	Cyanophyceae	Synechococcales	Prochlorococcaceae	Prochlorococcus	supervised
GCF_030544905.1_ASM3054490v1_genomic	Synechococcus elongatus		Cyanobacteriota	Cyanophyceae	Synechococcales	Synechococcaceae	Synechococcus	supervised
GCF_002886025.1_ASM288602v1_genomic	Leuconostoc mesenteroides		Bacillota	Bacilli	Lactobacillales	Lactobacillaceae	Leuconostoc	supervised
GCF_020246925.1_ASM2024692v1_genomic	Microcystis sp. M112S1		Cyanobacteriota	Cyanophyceae	Chroococcales	Microcystaceae	Microcystis	supervised
GCF_025128135.1_ASM2512813v1_genomic	Synechococcus sp. CS-1325		Cyanobacteriota	Cyanophyceae	Synechococcales	Synechococcaceae	Synechococcus	supervised
GCF_028619365.1_ASM2861936v1_genomic	Leuconostoc mesenteroides		Bacillota	Bacilli	Lactobacillales	Lactobacillaceae	Leuconostoc	supervised
GCF_002092465.1_ASM209246v1_genomic	Leuconostoc mesenteroides		Bacillota	Bacilli	Lactobacillales	Lactobacillaceae	Leuconostoc	supervised
GCF_030017175.1_ASM3001717v1_genomic	Leuconostoc falkenbergense		Bacillota	Bacilli	Lactobacillales	Lactobacillaceae	Leuconostoc	supervised
GCF_019325045.1_ASM1932504v1_genomic	Prochlorococcus marinus		Cyanobacteriota	Cyanophyceae	Synechococcales	Prochlorococcaceae	Prochlorococcus	supervised
GCF_031583535.1_ASM3158353v1_genomic	Thermosynechococcus sp. HY591		Cyanobacteriota	Cyanophyceae	Acaryochloridales	Thermosynechococcaceae	Thermosynechococcus	supervised
GCF_004102585.1_ASM410258v1_genomic	Leuconostoc mesenteroides		Bacillota	Bacilli	Lactobacillales	Lactobacillaceae	Leuconostoc	supervised
GCF_020246785.1_ASM2024678v1_genomic	Microcystis sp. M022S1		Cyanobacteriota	Cyanophyceae	Chroococcales	Microcystaceae	Microcystis	supervised
GCF_036917935.1_ASM3691793v1_genomic	Nostoc sp.		Cyanobacteriota	Cyanophyceae	Nostocales	Nostocaceae	Nostoc	supervised
GCF_031192385.1_ASM3119238v1_genomic	Leuconostoc mesenteroides		Bacillota	Bacilli	Lactobacillales	Lactobacillaceae	Leuconostoc	supervised
GCF_020089365.1_ASM2008936v1_genomic	Leuconostoc gelidum		Bacillota	Bacilli	Lactobacillales	Lactobacillaceae	Leuconostoc	supervised
GCF_019656075.1_ASM1965607v1_genomic	Leuconostoc palmae		Bacillota	Bacilli	Lactobacillales	Lactobacillaceae	Leuconostoc	supervised
GCF_028618895.1_ASM2861889v1_genomic	Leuconostoc mesenteroides		Bacillota	Bacilli	Lactobacillales	Lactobacillaceae	Leuconostoc	supervised
GCF_040516045.1_ASM4051604v1_genomic	Leuconostoc mesenteroides		Bacillota	Bacilli	Lactobacillales	Lactobacillaceae	Leuconostoc	supervised
GCF_047461575.1_ASM4746157v1_genomic	Synechococcus sp. W60.1		Cyanobacteriota	Cyanophyceae	Synechococcales	Synechococcaceae	Synechococcus	supervised
GCF_943372695.1_JJ-ME644-99-1-mx-bin661_genomic	Synechococcus sp. UW140		Cyanobacteriota	Cyanophyceae	Synechococcales	Synechococcaceae	Synechococcus	supervised
GCF_025211155.1_ASM2521115v1_genomic	Leuconostoc suionicum		Bacillota	Bacilli	Lactobacillales	Lactobacillaceae	Leuconostoc	supervised
GCF_022832635.1_ASM2283263v1_genomic	Leuconostoc citreum		Bacillota	Bacilli	Lactobacillales	Lactobacillaceae	Leuconostoc	supervised
GCF_001989415.1_ASM198941v1_genomic	Prochlorococcus sp. RSP50		Cyanobacteriota	Cyanophyceae	Synechococcales	Prochlorococcaceae	Prochlorococcus	supervised
GCF_047461815.1_ASM4746181v1_genomic	Synechococcus sp. R6-10		Cyanobacteriota	Cyanophyceae	Synechococcales	Synechococcaceae	Synechococcus	supervised
GCF_001578075.1_ASM157807v1_genomic	Microcystis aeruginosa		Cyanobacteriota	Cyanophyceae	Chroococcales	Microcystaceae	Microcystis	supervised
GCF_047304675.1_ASM4730467v1_genomic	Prochlorococcus marinus		Cyanobacteriota	Cyanophyceae	Synechococcales	Prochlorococcaceae	Prochlorococcus	supervised
GCF_020245505.1_ASM2024550v1_genomic	Microcystis sp. M080S2		Cyanobacteriota	Cyanophyceae	Chroococcales	Microcystaceae	Microcystis	supervised
GCF_009498715.2_ASM949871v2_genomic	Synechococcus elongatus		Cyanobacteriota	Cyanophyceae	Synechococcales	Synechococcaceae	Synechococcus	supervised
GCF_008690875.1_ASM869087v1_genomic	Leuconostoc carnosum		Bacillota	Bacilli	Lactobacillales	Lactobacillaceae	Leuconostoc	supervised
GCF_014698305.1_ASM1469830v1_genomic	Anabaena lutea		Cyanobacteriota	Cyanophyceae	Nostocales	Nostocaceae	Anabaena	supervised
GCF_028330745.1_ASM2833074v1_genomic	Microcystis aeruginosa		Cyanobacteriota	Cyanophyceae	Chroococcales	Microcystaceae	Microcystis	supervised
GCF_020858715.1_ASM2085871v1_genomic	Leuconostoc pseudomesenteroides		Bacillota	Bacilli	Lactobacillales	Lactobacillaceae	Leuconostoc	supervised
GCF_002287365.1_ASM228736v1_genomic	Leuconostoc lactis		Bacillota	Bacilli	Lactobacillales	Lactobacillaceae	Leuconostoc	supervised
GCF_025122205.1_ASM2512220v1_genomic	Leuconostoc citreum		Bacillota	Bacilli	Lactobacillales	Lactobacillaceae	Leuconostoc	supervised
GCF_001264245.1_ASM126424v1_genomic	Microcystis panniformis		Cyanobacteriota	Cyanophyceae	Chroococcales	Microcystaceae	Microcystis	supervised
GCF_002370415.1_ASM237041v1_genomic	Leuconostoc mesenteroides		Bacillota	Bacilli	Lactobacillales	Lactobacillaceae	Leuconostoc	supervised
GCF_030161775.1_ASM3016177v1_genomic	Leuconostoc litchii		Bacillota	Bacilli	Lactobacillales	Lactobacillaceae	Leuconostoc	supervised
GCF_010747425.1_ASM1074742v1_genomic	Nostoc sp. UIC 10630		Cyanobacteriota	Cyanophyceae	Nostocales	Nostocaceae	Nostoc	supervised
GCF_028331215.1_ASM2833121v1_genomic	Microcystis aeruginosa		Cyanobacteriota	Cyanophyceae	Chroococcales	Microcystaceae	Microcystis	supervised
GCF_045111195.1_ASM4511119v1_genomic	Leuconostoc mesenteroides		Bacillota	Bacilli	Lactobacillales	Lactobacillaceae	Leuconostoc	supervised
GCF_002092135.1_ASM209213v1_genomic	Leuconostoc mesenteroides		Bacillota	Bacilli	Lactobacillales	Lactobacillaceae	Leuconostoc	supervised
GCF_963243745.1_LzLMG22198_assembly_genomic	Levilactobacillus zymae		Bacillota	Bacilli	Lactobacillales	Lactobacillaceae	Levilactobacillus	supervised
GCF_000186385.1_ASM18638v1_genomic	Deinococcus maricopensis		Deinococcota	Deinococci	Deinococcales	Deinococcaceae	Deinococcus	supervised
GCF_030440575.1_ASM3044057v1_genomic	Corynebacterium ciconiae		Actinomycetota	Actinomycetes	Mycobacteriales	Corynebacteriaceae	Corynebacterium	supervised
GCF_002116695.1_ASM211669v1_genomic	Acidianus manzaensis		Thermoproteota	Thermoprotei	Sulfolobales	Sulfolobaceae	Acidianus	supervised
GCF_007741555.1_ASM774155v1_genomic	Stieleria marina		Planctomycetota	Planctomycetia	Pirellulales	Pirellulaceae	Stieleria	supervised
GCF_025133285.1_ASM2513328v1_genomic	Streptomyces carpaticus		Actinomycetota	Actinomycetes	Kitasatosporales	Streptomycetaceae	Streptomyces	supervised
GCF_000013445.1_ASM1344v1_genomic	Methanospirillum hungatei		Methanobacteriota	Methanomicrobia	Methanomicrobiales	Methanospirillaceae	Methanospirillum	supervised
GCF_024346675.1_ASM2434667v1_genomic	Photobacterium sanguinicancri		Pseudomonadota	Gammaproteobacteria	Vibrionales	Vibrionaceae	Photobacterium	supervised
GCF_009817885.1_ASM981788v1_genomic	Serratia rhizosphaerae		Pseudomonadota	Gammaproteobacteria	Enterobacterales	Yersiniaceae	Serratia	supervised
GCF_000013085.1_ASM1308v1_genomic	Rhodospirillum rubrum		Pseudomonadota	Alphaproteobacteria	Rhodospirillales	Rhodospirillaceae	Rhodospirillum	supervised
GCF_000585495.1_ASM58549v1_genomic	Thermococcus nautili		Methanobacteriota	Thermococci	Thermococcales	Thermococcaceae	Thermococcus	supervised
GCF_000092185.1_ASM9218v1_genomic	Thermosphaera aggregans		Thermoproteota	Thermoprotei	Desulfurococcales	Desulfurococcaceae	Thermosphaera	supervised
GCF_964019665.1_icCanRufa1.Spiroplasma_sp_1.1_genomic	Spiroplasma endosymbiont of Cantharis rufa		Mycoplasmatota	Mollicutes	Entomoplasmatales	Spiroplasmataceae	Spiroplasma	supervised
GCF_010731575.1_ASM1073157v1_genomic	Mycolicibacterium monacense		Actinomycetota	Actinomycetes	Mycobacteriales	Mycobacteriaceae	Mycolicibacterium	supervised
GCF_028830055.1_ASM2883005v1_genomic	Pseudomonas serboccidentalis		Pseudomonadota	Gammaproteobacteria	Pseudomonadales	Pseudomonadaceae	Pseudomonas	supervised
GCF_026651875.1_ASM2665187v1_genomic	Alicyclobacillus fastidiosus		Bacillota	Bacilli	Bacillales	Alicyclobacillaceae	Alicyclobacillus	supervised
GCF_046774455.1_ASM4677445v1_genomic	Metamycoplasma buccale		Mycoplasmatota		Mycoplasmoidales	Metamycoplasmataceae	Metamycoplasma	supervised
GCF_964028525.1_idPorMacu1.Wolbachia_sp_1.1_genomic	Wolbachia endosymbiont (group A) of Portevinia maculata		Pseudomonadota	Alphaproteobacteria	Rickettsiales	Anaplasmataceae	Wolbachia	supervised
GCF_000195315.1_ASM19531v1_genomic	Coriobacterium glomerans		Actinomycetota	Coriobacteriia	Coriobacteriales	Coriobacteriaceae	Coriobacterium	supervised
GCF_003325475.1_ASM332547v1_genomic	Chromobacterium phragmitis		Pseudomonadota	Betaproteobacteria	Neisseriales	Chromobacteriaceae	Chromobacterium	supervised
GCF_012979535.1_ASM1297953v1_genomic	Sphingomonas lacunae		Pseudomonadota	Alphaproteobacteria	Sphingomonadales	Sphingomonadaceae	Sphingomonas	supervised
GCF_900476055.1_53750_F01_genomic	Streptococcus australis		Bacillota	Bacilli	Lactobacillales	Streptococcaceae	Streptococcus	supervised
GCF_013423865.1_ASM1342386v1_genomic	Limosilactobacillus mucosae		Bacillota	Bacilli	Lactobacillales	Lactobacillaceae	Limosilactobacillus	supervised
GCF_047715405.1_ASM4771540v1_genomic	Halosimplex rarum		Methanobacteriota	Halobacteria	Halobacteriales	Haloarculaceae	Halosimplex	supervised
GCF_001679665.1_ASM167966v1_genomic	Candidatus Viadribacter manganicus		Pseudomonadota	Alphaproteobacteria	Hyphomonadales	Hyphomonadaceae	Candidatus Viadribacter	supervised
GCF_900478115.1_50618_D02_genomic	Rhodococcus coprophilus		Actinomycetota	Actinomycetes	Mycobacteriales	Nocardiaceae	Rhodococcus	supervised
GCF_000009045.1_ASM904v1_genomic	Bacillus subtilis		Bacillota	Bacilli	Bacillales	Bacillaceae	Bacillus	supervised
GCF_001878675.1_ASM187867v1_genomic	Virgibacillus halodenitrificans		Bacillota	Bacilli	Bacillales	Bacillaceae	Virgibacillus	supervised
GCF_964028205.1_ilXylAreo1.Wolbachia_sp_1.1_genomic	Wolbachia endosymbiont (group B) of Xylocampa areola		Pseudomonadota	Alphaproteobacteria	Rickettsiales	Anaplasmataceae	Wolbachia	supervised
GCF_003814005.1_ASM381400v1_genomic	Corynebacterium pseudopelargi		Actinomycetota	Actinomycetes	Mycobacteriales	Corynebacteriaceae	Corynebacterium	supervised
GCF_001687625.2_ASM168762v2_genomic	Planococcus maritimus		Bacillota	Bacilli	Bacillales	Caryophanaceae	Planococcus	supervised
GCF_000018285.1_ASM1828v1_genomic	Shewanella pealeana		Pseudomonadota	Gammaproteobacteria	Alteromonadales	Shewanellaceae	Shewanella	supervised
GCF_001509405.1_ASM150940v1_genomic	Aeromicrobium erythreum		Actinomycetota	Actinomycetes	Propionibacteriales	Nocardioidaceae	Aeromicrobium	supervised
GCF_028736055.1_ASM2873605v1_genomic	Arthrobacter agilis		Actinomycetota	Actinomycetes	Micrococcales	Micrococcaceae	Arthrobacter	supervised
GCF_021184025.1_ASM2118402v1_genomic	Rhodopseudomonas boonkerdii		Pseudomonadota	Alphaproteobacteria	Hyphomicrobiales	Nitrobacteraceae	Rhodopseudomonas	supervised
GCF_947250475.1_ilApoBetu1.Wolbachia_sp_1.1_genomic	Wolbachia endosymbiont (group B) of Apotomis betuletana		Pseudomonadota	Alphaproteobacteria	Rickettsiales	Anaplasmataceae	Wolbachia	supervised
GCF_004087915.1_ASM408791v1_genomic	Geovibrio thiophilus		Deferribacterota	Deferribacteres	Deferribacterales	Geovibrionaceae	Geovibrio	supervised
GCF_029338395.1_ASM2933839v1_genomic	Halorussus caseinilyticus		Methanobacteriota	Halobacteria	Halobacteriales	Haladaptataceae	Halorussus	supervised
GCF_000002435.2_UU_WB_2.1_genomic	Giardia duodenalis		Fornicata		Diplomonadida	Hexamitidae	Giardia	supervised
GCF_003240565.2_ASM324056v2_genomic	Rhizobium tumorigenes		Pseudomonadota	Alphaproteobacteria	Hyphomicrobiales	Rhizobiaceae	Rhizobium	supervised
GCF_026427595.1_ASM2642759v1_genomic	Alkalimarinus sediminis		Pseudomonadota	Gammaproteobacteria	Alteromonadales	Alteromonadaceae	Alkalimarinus	supervised
GCF_036345035.1_ASM3634503v1_genomic	Streptomyces pseudovenezuelae		Actinomycetota	Actinomycetes	Kitasatosporales	Streptomycetaceae	Streptomyces	supervised
GCF_036010405.1_ASM3601040v1_genomic	Kitasatospora purpeofusca		Actinomycetota	Actinomycetes	Kitasatosporales	Streptomycetaceae	Kitasatospora	supervised
GCF_000212395.1_ASM21239v1_genomic	Thermodesulfobium narugense		Thermodesulfobiota	Thermodesulfobiia	Thermodesulfobiales	Thermodesulfobiaceae	Thermodesulfobium	supervised
GCF_000241955.1_ASM24195v1_genomic	Rahnella aquatilis		Pseudomonadota	Gammaproteobacteria	Enterobacterales	Yersiniaceae	Rahnella	supervised
GCF_002803985.1_ASM280398v1_genomic	Williamsoniiplasma luminosum		Mycoplasmatota	Mollicutes	Entomoplasmatales		Williamsoniiplasma	supervised
GCF_001632775.1_ASM163277v1_genomic	Dokdonella koreensis		Pseudomonadota	Gammaproteobacteria	Lysobacterales	Rhodanobacteraceae	Dokdonella	supervised
GCF_964030925.1_idVilMode1.Spiroplasma_sp_1.1_genomic	Spiroplasma endosymbiont of Villa modesta		Mycoplasmatota	Mollicutes	Entomoplasmatales	Spiroplasmataceae	Spiroplasma	supervised
GCF_000204925.1_ASM20492v1_genomic	Metallosphaera cuprina		Thermoproteota	Thermoprotei	Sulfolobales	Sulfolobaceae	Metallosphaera	supervised
GCF_001687605.2_ASM168760v2_genomic	Planococcus plakortidis		Bacillota	Bacilli	Bacillales	Caryophanaceae	Planococcus	supervised
GCF_009739535.1_ASM973953v1_genomic	Lentilactobacillus kefiri		Bacillota	Bacilli	Lactobacillales	Lactobacillaceae	Lentilactobacillus	supervised
GCF_030534335.1_ASM3053433v1_genomic	Marivirga harenae		Bacteroidota	Cytophagia	Cytophagales	Marivirgaceae	Marivirga	supervised
GCF_020510565.1_ASM2051056v1_genomic	Ferribacterium limneticum		Pseudomonadota	Betaproteobacteria	Rhodocyclales	Azonexaceae	Ferribacterium	supervised
GCF_000828655.1_ASM82865v1_genomic	Thermotoga caldifontis		Thermotogota	Thermotogae	Thermotogales	Thermotogaceae	Thermotoga	supervised
GCF_008632455.1_ASM863245v1_genomic	Methylomonas rhizoryzae		Pseudomonadota	Gammaproteobacteria	Methylococcales	Methylococcaceae	Methylomonas	supervised
GCF_010450895.1_ASM1045089v1_genomic	Rhizobium daejeonense		Pseudomonadota	Alphaproteobacteria	Hyphomicrobiales	Rhizobiaceae	Rhizobium	supervised
GCF_001720195.1_ASM172019v2_genomic	Cryptococcus depauperatus		Basidiomycota	Tremellomycetes	Tremellales	Cryptococcaceae	Cryptococcus	supervised
GCF_030520105.1_ASM3052010v1_genomic	Candidatus Fervidibacter sacchari		Candidatus Fervidibacterota				Candidatus Fervidibacter	supervised
GCF_000214215.1_ASM21421v1_genomic	Marinomonas posidonica		Pseudomonadota	Gammaproteobacteria	Oceanospirillales	Oceanospirillaceae	Marinomonas	supervised
GCF_002288005.1_ASM228800v1_genomic	Candidatus Nanopelagicus hibericus		Actinomycetota	Actinomycetes	Candidatus Nanopelagicales	Candidatus Nanopelagicaceae	Candidatus Nanopelagicus	supervised
GCF_019623905.1_ASM1962390v1_genomic	Neotabrizicola shimadae		Pseudomonadota	Alphaproteobacteria	Rhodobacterales	Paracoccaceae	Neotabrizicola	supervised
GCF_040267745.1_ASM4026774v1_genomic	Heyndrickxia faecalis		Bacillota	Bacilli	Bacillales	Bacillaceae	Heyndrickxia	supervised
GCF_007475525.1_ASM747552v1_genomic	Methylacidiphilum kamchatkense		Verrucomicrobiota	Methylacidiphilae	Methylacidiphilales	Methylacidiphilaceae	Methylacidiphilum (ex Ratnadevi et al. 2023)	supervised
GCF_000233695.2_ASM23369v3_genomic	Desulfobacter postgatei		Thermodesulfobacteriota	Desulfobacteria	Desulfobacterales	Desulfobacteraceae	Desulfobacter	supervised
GCF_025263685.1_ASM2526368v1_genomic	Geoalkalibacter halelectricus		Thermodesulfobacteriota	Desulfuromonadia	Desulfuromonadales	Geoalkalibacteraceae	Geoalkalibacter	supervised
GCF_000022365.1_ASM2236v1_genomic	Thermococcus gammatolerans		Methanobacteriota	Thermococci	Thermococcales	Thermococcaceae	Thermococcus	supervised
GCF_009762775.1_ASM976277v1_genomic	Maribellus comscasis		Bacteroidota	Bacteroidia	Marinilabiliales	Prolixibacteraceae	Maribellus	supervised
GCF_025244825.1_ASM2524482v1_genomic	Arthrobacter jinronghuae		Actinomycetota	Actinomycetes	Micrococcales	Micrococcaceae	Arthrobacter	supervised
GCF_019334125.1_ASM1933412v1_genomic	Rhodococcus globerulus		Actinomycetota	Actinomycetes	Mycobacteriales	Nocardiaceae	Rhodococcus	supervised
GCF_900187175.1_51342_A02_genomic	Odoribacter splanchnicus		Bacteroidota	Bacteroidia	Bacteroidales	Odoribacteraceae	Odoribacter	supervised
GCF_030438115.2_ASM3043811v2_genomic	Borreliella japonica		Spirochaetota	Spirochaetia	Spirochaetales	Borreliaceae	Borreliella	supervised
GCF_002215585.1_ASM221558v1_genomic	Shewanella marisflavi		Pseudomonadota	Gammaproteobacteria	Alteromonadales	Shewanellaceae	Shewanella	supervised
GCF_047456275.1_118465_genomic	Acetobacterium carbinolicum		Bacillota	Clostridia	Eubacteriales	Eubacteriaceae	Acetobacterium	supervised
GCF_000018365.1_ASM1836v1_genomic	Thermococcus onnurineus		Methanobacteriota	Thermococci	Thermococcales	Thermococcaceae	Thermococcus	supervised
GCF_046245125.1_Bartonella_heixiaziensis_Strain_RE21_genomic	Bartonella heixiaziensis		Pseudomonadota	Alphaproteobacteria	Hyphomicrobiales	Bartonellaceae	Bartonella	supervised
GCF_000746025.2_ASM74602v2_genomic	Thermanaerosceptrum fracticalcis		Bacillota	Clostridia	Eubacteriales	Peptococcaceae	Thermanaerosceptrum	supervised
GCF_021227995.1_ASM2122799v1_genomic	Novosphingobium kaempferiae		Pseudomonadota	Alphaproteobacteria	Sphingomonadales	Sphingomonadaceae	Novosphingobium	supervised
GCF_001685435.2_ASM168543v3_genomic	Salimicrobium jeotgali		Bacillota	Bacilli	Bacillales	Bacillaceae	Salimicrobium	supervised
GCF_000304475.1_Ka_CBS2517_genomic	Kazachstania africana		Ascomycota	Saccharomycetes	Saccharomycetales	Saccharomycetaceae	Kazachstania	supervised
GCF_029625435.1_ASM2962543v1_genomic	Arcanobacterium canis		Actinomycetota	Actinomycetes	Actinomycetales	Actinomycetaceae	Arcanobacterium	supervised
GCF_020091425.1_ASM2009142v1_genomic	Parabacteroides goldsteinii		Bacteroidota	Bacteroidia	Bacteroidales	Tannerellaceae	Parabacteroides	supervised
GCF_033472595.1_ASM3347259v1_genomic	Methanoculleus receptaculi		Methanobacteriota	Methanomicrobia	Methanomicrobiales	Methanomicrobiaceae	Methanoculleus	supervised
GCF_000011105.1_ASM1110v1_genomic	Pyrococcus horikoshii		Methanobacteriota	Thermococci	Thermococcales	Thermococcaceae	Pyrococcus	supervised
GCF_000235605.1_ASM23560v1_genomic	Desulfosporosinus orientis		Bacillota	Clostridia	Eubacteriales	Desulfitobacteriaceae	Desulfosporosinus	supervised
GCF_004208415.1_ASM420841v1_genomic	Ktedonosporobacter rubrisoli		Chloroflexota	Ktedonobacteria	Ktedonobacterales	Ktedonosporobacteraceae	Ktedonosporobacter	supervised
GCF_030285625.1_ASM3028562v1_genomic	Amycolatopsis carbonis		Actinomycetota	Actinomycetes	Pseudonocardiales	Pseudonocardiaceae	Amycolatopsis	supervised
GCF_000020125.1_ASM2012v1_genomic	Paraburkholderia phytofirmans		Pseudomonadota	Betaproteobacteria	Burkholderiales	Burkholderiaceae	Paraburkholderia	supervised
GCF_004295585.1_ASM429558v1_genomic	Cohnella abietis		Bacillota	Bacilli	Bacillales	Paenibacillaceae	Cohnella	supervised
GCF_041320245.1_ASM4132024v1_genomic	Citrobacter meridianamericanus		Pseudomonadota	Gammaproteobacteria	Enterobacterales	Enterobacteriaceae	Citrobacter	supervised
GCF_000006445.2_ASM644v2_genomic	Debaryomyces hansenii		Ascomycota	Pichiomycetes	Serinales	Debaryomycetaceae	Debaryomyces	supervised
GCF_003691365.1_ASM369136v1_genomic	Commensalibacter melissae		Pseudomonadota	Alphaproteobacteria	Acetobacterales	Acetobacteraceae	Commensalibacter	supervised
GCF_003114835.2_ASM311483v3_genomic	Leptospira kobayashii		Spirochaetota	Spirochaetia	Leptospirales	Leptospiraceae	Leptospira	supervised
GCF_027474525.2_ASM2747452v2_genomic	Flavobacterium lacustre		Bacteroidota	Flavobacteriia	Flavobacteriales	Flavobacteriaceae	Flavobacterium	supervised
GCF_000023785.1_ASM2378v1_genomic	Hirschia baltica		Pseudomonadota	Alphaproteobacteria	Hyphomonadales	Hyphomonadaceae	Hirschia	supervised
GCF_000213215.1_ASM21321v1_genomic	Acidianus hospitalis		Thermoproteota	Thermoprotei	Sulfolobales	Sulfolobaceae	Acidianus	supervised
GCF_032050975.1_ASM3205097v1_genomic	Candidatus Nitrospira allomarina		Nitrospirota	Nitrospiria	Nitrospirales	Nitrospiraceae	Nitrospira	supervised
GCF_918697755.1_Spiroplasma_endosymbiont_Phyllotreta_cruciferae_genomic	Spiroplasma endosymbiont of Phyllotreta cruciferae		Mycoplasmatota	Mollicutes	Entomoplasmatales	Spiroplasmataceae	Spiroplasma	supervised
GCF_023115355.1_ASM2311535v1_genomic	Halocatena salina		Methanobacteriota	Halobacteria	Halobacteriales	Natronomonadaceae	Halocatena	supervised
GCF_000024625.1_ASM2462v1_genomic	Methanocaldococcus vulcanius		Methanobacteriota	Methanococci	Methanococcales	Methanocaldococcaceae	Methanocaldococcus	supervised
GCF_900105425.1_IMG-taxon_2630968293_annotated_assembly_genomic	Winogradskyella sediminis		Bacteroidota	Flavobacteriia	Flavobacteriales	Flavobacteriaceae	Winogradskyella	supervised
GCF_900187355.1_51342_E02_genomic	Legionella lansingensis		Pseudomonadota	Gammaproteobacteria	Legionellales	Legionellaceae	Legionella	supervised
GCF_964030825.1_icPolPter2.Spiroplasma_sp_1.1_genomic	Spiroplasma endosymbiont of Polydrusus pterygomalis		Mycoplasmatota	Mollicutes	Entomoplasmatales	Spiroplasmataceae	Spiroplasma	supervised
GCF_030294945.1_SGFS_1.0_genomic	Streptomyces graminofaciens		Actinomycetota	Actinomycetes	Kitasatosporales	Streptomycetaceae	Streptomyces	supervised
GCF_023022985.1_ASM2302298v1_genomic	Arthrobacter gengyunqii		Actinomycetota	Actinomycetes	Micrococcales	Micrococcaceae	Arthrobacter	supervised
GCF_029338355.1_ASM2933835v1_genomic	Halosegnis marinus		Methanobacteriota	Halobacteria	Halobacteriales	Natronomonadaceae	Halosegnis	supervised
GCF_011304195.1_ASM1130419v1_genomic	Vagococcus hydrophili		Bacillota	Bacilli	Lactobacillales	Enterococcaceae	Vagococcus	supervised
GCF_002139935.1_ASM213993v1_genomic	Campylobacter lanienae		Campylobacterota	Epsilonproteobacteria	Campylobacterales	Campylobacteraceae	Campylobacter	supervised
GCF_900105025.1_IMG-taxon_2636416177_annotated_assembly_genomic	Parafannyhessea umbonata		Actinomycetota	Coriobacteriia	Coriobacteriales	Atopobiaceae	Parafannyhessea	supervised
GCF_001535545.1_ASM153554v1_genomic	Thermus parvatiensis		Deinococcota	Deinococci	Thermales	Thermaceae	Thermus	supervised
GCF_035930445.1_ASM3593044v1_genomic	Sphingopyxis chilensis		Pseudomonadota	Alphaproteobacteria	Sphingomonadales	Sphingopyxidaceae	Sphingopyxis	supervised
GCF_030406905.1_ASM3040690v1_genomic	Streptomyces chengbuensis		Actinomycetota	Actinomycetes	Kitasatosporales	Streptomycetaceae	Streptomyces	supervised
GCF_000980835.1_ASM98083v1_genomic	Corynebacterium kutscheri		Actinomycetota	Actinomycetes	Mycobacteriales	Corynebacteriaceae	Corynebacterium	supervised
GCF_016804345.1_ASM1680434v1_genomic	Rhodococcus ruber		Actinomycetota	Actinomycetes	Mycobacteriales	Nocardiaceae	Rhodococcus	supervised
GCF_030505655.1_ASM3050565v1_genomic	Raoultella ornithinolytica		Pseudomonadota	Gammaproteobacteria	Enterobacterales	Enterobacteriaceae	Raoultella	supervised
GCF_000427095.1_T49_genomic	Chthonomonas calidirosea		Armatimonadota	Chthonomonadia	Chthonomonadales	Chthonomonadaceae	Chthonomonas	supervised
GCF_038086725.1_ASM3808672v1_genomic	Photobacterium damselae		Pseudomonadota	Gammaproteobacteria	Vibrionales	Vibrionaceae	Photobacterium	supervised
GCF_000021985.1_ASM2198v1_genomic	Thioalkalivibrio sulfidiphilus		Pseudomonadota	Gammaproteobacteria	Chromatiales	Ectothiorhodospiraceae	Thioalkalivibrio	supervised
GCF_902810445.1_RJ19_genomic	Candidatus Nitrosacidococcus tergens		Pseudomonadota	Gammaproteobacteria	Chromatiales	Chromatiaceae	Candidatus Nitrosacidococcus	supervised
GCF_001660485.1_ASM166048v1_genomic	Agromyces aureus		Actinomycetota	Actinomycetes	Micrococcales	Microbacteriaceae	Agromyces	supervised
GCF_000009765.2_ASM976v2_genomic	Streptomyces avermitilis		Actinomycetota	Actinomycetes	Kitasatosporales	Streptomycetaceae	Streptomyces	supervised
GCF_026965555.1_ASM2696555v1_genomic	Nannocystis punicea		Myxococcota		Nannocystales	Nannocystaceae	Nannocystis	supervised
GCF_001011115.1_ASM101111v1_genomic	Halanaeroarchaeum sulfurireducens		Methanobacteriota	Halobacteria	Halobacteriales	Halobacteriaceae	Halanaeroarchaeum	supervised
GCF_005222225.1_ASM522222v1_genomic	Salinimonas lutimaris		Pseudomonadota	Gammaproteobacteria	Alteromonadales	Alteromonadaceae	Salinimonas	supervised
GCF_000591055.1_ASM59105v1_genomic	Natronomonas moolapensis		Methanobacteriota	Halobacteria	Halobacteriales	Natronomonadaceae	Natronomonas	supervised
GCF_031834595.1_ASM3183459v1_genomic	Stenotrophomonas oahuensis		Pseudomonadota	Gammaproteobacteria	Lysobacterales	Lysobacteraceae	Stenotrophomonas	supervised
GCF_000024885.1_ASM2488v1_genomic	Sulfurospirillum deleyianum		Campylobacterota	Epsilonproteobacteria	Campylobacterales	Sulfurospirillaceae	Sulfurospirillum	supervised
GCF_013347305.1_ASM1334730v1_genomic	Paenibacillus barcinonensis		Bacillota	Bacilli	Bacillales	Paenibacillaceae	Paenibacillus	supervised
GCF_900637755.1_52579_F01_genomic	Providencia rustigianii		Pseudomonadota	Gammaproteobacteria	Enterobacterales	Morganellaceae	Providencia	supervised
GCF_014058705.1_ASM1405870v1_genomic	Aureimonas mangrovi		Pseudomonadota	Alphaproteobacteria	Hyphomicrobiales	Aurantimonadaceae	Aureimonas	supervised
GCF_000022965.1_ASM2296v1_genomic	Bifidobacterium animalis		Actinomycetota	Actinomycetes	Bifidobacteriales	Bifidobacteriaceae	Bifidobacterium	supervised
GCF_005083985.2_ASM508398v2_genomic	Caminibacter pacificus		Campylobacterota	Epsilonproteobacteria	Nautiliales	Nautiliaceae	Caminibacter	supervised
GCF_014946775.2_ASM1494677v2_genomic	Pectobacterium quasiaquaticum		Pseudomonadota	Gammaproteobacteria	Enterobacterales	Pectobacteriaceae	Pectobacterium	supervised
GCF_918315375.1_Harlequin_wolbachia_genomic	Wolbachia endosymbiont of Chironomus riparius		Pseudomonadota	Alphaproteobacteria	Rickettsiales	Anaplasmataceae	Wolbachia	supervised
GCF_020526085.1_ASM2052608v1_genomic	Klebsiella africana		Pseudomonadota	Gammaproteobacteria	Enterobacterales	Enterobacteriaceae	Klebsiella	supervised
GCF_012295525.1_ASM1229552v1_genomic	Oxynema aestuarii		Cyanobacteriota	Cyanophyceae	Oscillatoriales	Oscillatoriaceae	Oxynema	supervised
GCF_027186265.1_ASM2718626v1_genomic	Lentibacillus daqui		Bacillota	Bacilli	Bacillales	Bacillaceae	Lentibacillus	supervised
GCF_007971685.1_ASM797168v1_genomic	Wolbachia pipientis		Pseudomonadota	Alphaproteobacteria	Rickettsiales	Anaplasmataceae	Wolbachia	supervised
GCF_037157805.1_ASM3715780v1_genomic	Pendulispora rubella		Myxococcota	Myxococcia	Myxococcales	Pendulisporaceae	Pendulispora	supervised
GCF_018394375.1_ASM1839437v1_genomic	Pseudomonas syringae		Pseudomonadota	Gammaproteobacteria	Pseudomonadales	Pseudomonadaceae	Pseudomonas	supervised
GCF_000194115.1_ASM19411v1_genomic	Lactobacillus amylovorus		Bacillota	Bacilli	Lactobacillales	Lactobacillaceae	Lactobacillus	supervised
GCF_031852275.1_ASM3185227v1_genomic	Halovalidus salilacus		Methanobacteriota	Halobacteria	Halobacteriales	Natrialbaceae	Halovalidus	supervised
GCF_023221575.1_ASM2322157v1_genomic	Geomonas paludis		Thermodesulfobacteriota	Desulfuromonadia	Geobacterales	Geobacteraceae	Geomonas	supervised
GCF_900638385.1_57566_E02_genomic	Actinobacillus delphinicola		Pseudomonadota	Gammaproteobacteria	Pasteurellales	Pasteurellaceae	Actinobacillus	supervised
GCF_000212735.1_ASM21273v1_genomic	Haliscomenobacter hydrossis		Bacteroidota	Saprospiria	Saprospirales	Haliscomenobacteraceae	Haliscomenobacter	supervised
GCF_017348895.1_ASM1734889v1_genomic	Clostridium gasigenes		Bacillota	Clostridia	Eubacteriales	Clostridiaceae	Clostridium	supervised
GCF_001718875.1_ASM171887v1_genomic	Burkholderia singularis		Pseudomonadota	Betaproteobacteria	Burkholderiales	Burkholderiaceae	Burkholderia	supervised
GCF_000725425.1_ASM72542v1_genomic	Palaeococcus pacificus		Methanobacteriota	Thermococci	Thermococcales	Thermococcaceae	Palaeococcus	supervised
GCF_023703775.1_ASM2370377v1_genomic	Haloplanus halophilus		Methanobacteriota	Halobacteria	Halobacteriales	Haloferacaceae	Haloplanus	supervised
GCF_017355405.1_ASM1735540v1_genomic	Roseomonas haemaphysalidis		Pseudomonadota	Alphaproteobacteria	Acetobacterales	Roseomonadaceae	Roseomonas	supervised
GCF_014268755.2_ASM1426875v2_genomic	Pseudomonas vanderleydeniana		Pseudomonadota	Gammaproteobacteria	Pseudomonadales	Pseudomonadaceae	Pseudomonas	supervised
GCF_010727475.1_ASM1072747v1_genomic	Mycolicibacterium mageritense		Actinomycetota	Actinomycetes	Mycobacteriales	Mycobacteriaceae	Mycolicibacterium	supervised
GCF_963677365.1_piTriSpec1.Marinifilum_fragile_1.1_genomic	Marinifilum fragile		Bacteroidota	Bacteroidia	Marinilabiliales	Marinifilaceae	Marinifilum	supervised
GCF_003856835.1_ASM385683v1_genomic	Haloplanus aerogenes		Methanobacteriota	Halobacteria	Halobacteriales	Haloferacaceae	Haloplanus	supervised
GCF_016893685.1_ASM1689368v1_genomic	Citrobacter cronae		Pseudomonadota	Gammaproteobacteria	Enterobacterales	Enterobacteriaceae	Citrobacter	supervised
GCF_030758635.1_ASM3075863v1_genomic	Gilliamella apis		Pseudomonadota	Gammaproteobacteria	Orbales	Orbaceae	Gilliamella	supervised
GCF_002896855.1_ASM289685v1_genomic	Clostridium thermosuccinogenes		Bacillota	Clostridia	Eubacteriales	Clostridiaceae	Clostridium	supervised
GCF_004214815.1_ASM421481v1_genomic	Aliarcobacter thereius		Campylobacterota	Epsilonproteobacteria	Campylobacterales	Arcobacteraceae	Aliarcobacter	supervised
GCF_030253495.1_ASM3025349v1_genomic	Actinomyces israelii		Actinomycetota	Actinomycetes	Actinomycetales	Actinomycetaceae	Actinomyces	supervised
GCF_000226315.1_ASM22631v1_genomic	Micavibrio aeruginosavorus		Bdellovibrionota	Bdellovibrionia	Bdellovibrionales	Pseudobdellovibrionaceae	Micavibrio	supervised
GCF_006228385.1_ASM622838v1_genomic	Salinimonas iocasae		Pseudomonadota	Gammaproteobacteria	Alteromonadales	Alteromonadaceae	Salinimonas	supervised
GCF_000306885.1_ASM30688v1_genomic	Wolbachia endosymbiont of Onchocerca ochengi		Pseudomonadota	Alphaproteobacteria	Rickettsiales	Anaplasmataceae	Wolbachia	supervised
GCF_024704525.1_ASM2470452v1_genomic	Pandoraea commovens		Pseudomonadota	Betaproteobacteria	Burkholderiales	Burkholderiaceae	Pandoraea	supervised
GCF_900660495.1_50648_F01-3_genomic	Mycoplasmopsis gallinacea		Mycoplasmatota		Mycoplasmoidales	Metamycoplasmataceae	Mycoplasmopsis	supervised
GCF_005843985.1_ASM584398v1_genomic	Caminibacter mediatlanticus		Campylobacterota	Epsilonproteobacteria	Nautiliales	Nautiliaceae	Caminibacter	supervised
GCF_045689595.1_ASM4568959v1_genomic	Humidisolicoccus flavus		Actinomycetota	Actinomycetes	Micrococcales	Microbacteriaceae	Humidisolicoccus	supervised
GCF_900083515.1_ASM90008351v1_genomic	Cuniculiplasma divulgatum		Thermoplasmatota	Thermoplasmata	Thermoplasmatales	Cuniculiplasmataceae	Cuniculiplasma	supervised
GCF_010977555.1_ASM1097755v1_genomic	Caulobacter rhizosphaerae		Pseudomonadota	Alphaproteobacteria	Caulobacterales	Caulobacteraceae	Caulobacter	supervised
GCF_041242975.1_ASM4124297v1_genomic	Xanthomonas medicagonis		Pseudomonadota	Gammaproteobacteria	Lysobacterales	Lysobacteraceae	Xanthomonas	supervised
GCF_001584225.1_ASM158422v1_genomic	Collimonas pratensis		Pseudomonadota	Betaproteobacteria	Burkholderiales	Oxalobacteraceae	Collimonas	supervised
GCF_013343195.2_ASM1334319v3_genomic	Flavobacterium psychrophilum		Bacteroidota	Flavobacteriia	Flavobacteriales	Flavobacteriaceae	Flavobacterium	supervised
GCF_001547975.1_ASM154797v1_genomic	Mycoplasmopsis arginini		Mycoplasmatota		Mycoplasmoidales	Metamycoplasmataceae	Mycoplasmopsis	supervised
GCF_029633915.1_ASM2963391v1_genomic	Methanomicrobium antiquum		Methanobacteriota	Methanomicrobia	Methanomicrobiales	Methanomicrobiaceae	Methanomicrobium	supervised
GCF_034376865.1_ASM3437686v1_genomic	Sulfitobacter faviae		Pseudomonadota	Alphaproteobacteria	Rhodobacterales	Roseobacteraceae	Sulfitobacter	supervised
GCF_000012825.1_ASM1282v1_genomic	Phocaeicola vulgatus		Bacteroidota	Bacteroidia	Bacteroidales	Bacteroidaceae	Phocaeicola	supervised
GCF_037201915.1_ASM3720191v1_genomic	Haloplanus salilacus		Methanobacteriota	Halobacteria	Halobacteriales	Haloferacaceae	Haloplanus	supervised
GCF_017742995.1_ASM1774299v1_genomic	Pseudoalteromonas viridis		Pseudomonadota	Gammaproteobacteria	Alteromonadales	Pseudoalteromonadaceae	Pseudoalteromonas	supervised
GCF_000246985.2_ASM24698v3_genomic	Thermococcus litoralis		Methanobacteriota	Thermococci	Thermococcales	Thermococcaceae	Thermococcus	supervised
GCF_040955415.1_ASM4095541v1_genomic	Castellaniella ginsengisoli		Pseudomonadota	Betaproteobacteria	Burkholderiales	Alcaligenaceae	Castellaniella	supervised
GCF_001482365.1_ASM148236v1_genomic	Kocuria flava		Actinomycetota	Actinomycetes	Micrococcales	Micrococcaceae	Kocuria	supervised
GCF_030060435.1_ASM3006043v1_genomic	Vibrio harveyi		Pseudomonadota	Gammaproteobacteria	Vibrionales	Vibrionaceae	Vibrio	supervised
GCF_014068355.1_ASM1406835v1_genomic	Mycoplasma tullyi		Mycoplasmatota	Mollicutes	Mycoplasmatales	Mycoplasmataceae	Mycoplasma	supervised
GCF_024205945.1_ASM2420594v1_genomic	Macrococcus equipercicus		Bacillota	Bacilli	Bacillales	Staphylococcaceae	Macrococcus	supervised
GCF_020614395.1_ASM2061439v1_genomic	Salarchaeum japonicum		Methanobacteriota	Halobacteria	Halobacteriales	Halobacteriaceae	Salarchaeum	supervised
GCF_000092125.1_ASM9212v1_genomic	Allomeiothermus silvanus		Deinococcota	Deinococci	Thermales	Thermaceae	Allomeiothermus	supervised
GCF_963681955.1_FLM11_genomic	Pseudomonas paraveronii		Pseudomonadota	Gammaproteobacteria	Pseudomonadales	Pseudomonadaceae	Pseudomonas	supervised
GCF_009035845.1_ASM903584v1_genomic	Acinetobacter baumannii		Pseudomonadota	Gammaproteobacteria	Moraxellales	Moraxellaceae	Acinetobacter	supervised
GCF_045208505.1_ASM4520850v1_genomic	Streptomyces decoyicus		Actinomycetota	Actinomycetes	Kitasatosporales	Streptomycetaceae	Streptomyces	supervised
GCF_024346835.1_ASM2434683v1_genomic	Vibrio comitans		Pseudomonadota	Gammaproteobacteria	Vibrionales	Vibrionaceae	Vibrio	supervised
GCF_000021905.1_ASM2190v1_genomic	Desulfatibacillum aliphaticivorans		Thermodesulfobacteriota	Desulfobacteria	Desulfobacterales	Desulfatibacillaceae	Desulfatibacillum	supervised
GCF_008805035.1_ASM880503v1_genomic	Eikenella exigua		Pseudomonadota	Betaproteobacteria	Neisseriales	Neisseriaceae	Eikenella	supervised
GCF_029635775.1_ASM2963577v1_genomic	Vibrio misgurnus		Pseudomonadota	Gammaproteobacteria	Vibrionales	Vibrionaceae	Vibrio	supervised
GCF_008831545.1_ASM883154v1_genomic	Halorussus halophilus		Methanobacteriota	Halobacteria	Halobacteriales	Haladaptataceae	Halorussus	supervised
GCF_964031165.1_icRhaLign2.Rickettsiella_sp_1.1_genomic	Rickettsiella endosymbiont of Rhagonycha lignosa		Pseudomonadota	Gammaproteobacteria	Legionellales	Coxiellaceae	Rickettsiella	supervised
GCF_014905115.1_ASM1490511v1_genomic	Sulfurimonas sediminis		Campylobacterota	Epsilonproteobacteria	Campylobacterales	Sulfurimonadaceae	Sulfurimonas	supervised
GCF_011388215.1_ASM1138821v1_genomic	Hydrogenophaga crocea		Pseudomonadota	Betaproteobacteria	Burkholderiales	Comamonadaceae	Hydrogenophaga	supervised
GCF_001941825.1_ASM194182v1_genomic	Massilia putida		Pseudomonadota	Betaproteobacteria	Burkholderiales	Oxalobacteraceae	Massilia	supervised
GCF_000020625.1_ASM2062v1_genomic	Prosthecochloris aestuarii		Chlorobiota	Chlorobiia	Chlorobiales	Chlorobiaceae	Prosthecochloris	supervised
GCF_006542665.1_Acom_1.0_genomic	Alistipes communis		Bacteroidota	Bacteroidia	Bacteroidales	Rikenellaceae	Alistipes	supervised
GCF_023499275.1_ASM2349927v1_genomic	Lactococcus petauri		Bacillota	Bacilli	Lactobacillales	Streptococcaceae	Lactococcus	supervised
GCF_036492425.1_ASM3649242v1_genomic	Persicobacter psychrovividus		Bacteroidota	Cytophagia	Cytophagales	Persicobacteraceae	Persicobacter	supervised
GCF_023653455.2_PaeniGhoniBeadS11_Gal1968_092023_genomic	Paraclostridium ghonii		Bacillota	Clostridia	Peptostreptococcales	Peptostreptococcaceae	Paraclostridium	supervised
GCF_000785495.1_ASM78549v1_genomic	Pimelobacter simplex		Actinomycetota	Actinomycetes	Propionibacteriales	Nocardioidaceae	Pimelobacter	supervised
GCF_040529335.1_ASM4052933v1_genomic	Streptomyces tabacisoli		Actinomycetota	Actinomycetes	Kitasatosporales	Streptomycetaceae	Streptomyces	supervised
GCF_000340795.1_ASM34079v1_genomic	Candidatus Kinetoplastidibacterium desouzai		Pseudomonadota	Betaproteobacteria			Candidatus Kinetoplastidibacterium	supervised
GCF_023700225.1_ASM2370022v1_genomic	Acetobacterium wieringae		Bacillota	Clostridia	Eubacteriales	Eubacteriaceae	Acetobacterium	supervised
GCF_024347535.1_ASM2434753v1_genomic	Vibrio kanaloae		Pseudomonadota	Gammaproteobacteria	Vibrionales	Vibrionaceae	Vibrio	supervised
GCF_000280925.3_ASM28092v3_genomic	Pseudomyxococcus hansupus		Myxococcota	Myxococcia	Myxococcales	Myxococcaceae	Pseudomyxococcus	supervised
GCF_005952805.1_ASM595280v1_genomic	Inhella inkyongensis		Pseudomonadota	Betaproteobacteria	Burkholderiales	Sphaerotilaceae	Inhella	supervised
GCF_947250795.1_iyNomFabr1.Wolbachia_sp_1.1_genomic	Wolbachia endosymbiont (group A) of Nomada fabriciana		Pseudomonadota	Alphaproteobacteria	Rickettsiales	Anaplasmataceae	Wolbachia	supervised
GCF_045348165.1_ASM4534816v1_genomic	Flavobacterium soyae		Bacteroidota	Flavobacteriia	Flavobacteriales	Flavobacteriaceae	Flavobacterium	supervised
GCF_000196095.1_ASM19609v1_genomic	Vibrio parahaemolyticus		Pseudomonadota	Gammaproteobacteria	Vibrionales	Vibrionaceae	Vibrio	supervised
GCF_000336465.1_ASM33646v1_genomic	Pseudomonas poae		Pseudomonadota	Gammaproteobacteria	Pseudomonadales	Pseudomonadaceae	Pseudomonas	supervised
GCF_001552035.1_ASM155203v1_genomic	Streptococcus agalactiae		Bacillota	Bacilli	Lactobacillales	Streptococcaceae	Streptococcus	supervised
GCF_001577775.1_ASM157777v1_genomic	Pyrococcus kukulkanii		Methanobacteriota	Thermococci	Thermococcales	Thermococcaceae	Pyrococcus	supervised
GCF_025919725.1_ASM2591972v1_genomic	Flavobacterium agricola		Bacteroidota	Flavobacteriia	Flavobacteriales	Flavobacteriaceae	Flavobacterium	supervised
GCF_026871175.1_ASM2687117v2_genomic	Listeria newyorkensis		Bacillota	Bacilli	Bacillales	Listeriaceae	Listeria	supervised
GCF_002310795.1_ASM231079v1_genomic	Pseudoalteromonas issachenkonii		Pseudomonadota	Gammaproteobacteria	Alteromonadales	Pseudoalteromonadaceae	Pseudoalteromonas	supervised
GCF_000446015.1_ASM44601v1_genomic	Thermofilum adornatum		Thermoproteota	Thermoprotei	Thermofilales	Thermofilaceae	Thermofilum	supervised
GCF_003269425.1_ASM326942v1_genomic	Flagellimonas maritima		Bacteroidota	Flavobacteriia	Flavobacteriales	Flavobacteriaceae	Flagellimonas	supervised
GCF_020735925.1_ASM2073592v1_genomic	Bordetella parapertussis		Pseudomonadota	Betaproteobacteria	Burkholderiales	Alcaligenaceae	Bordetella	supervised
GCF_000091665.1_ASM9166v1_genomic	Methanocaldococcus jannaschii		Methanobacteriota	Methanococci	Methanococcales	Methanocaldococcaceae	Methanocaldococcus	supervised
GCF_020229735.1_ASM2022973v1_genomic	Deinococcus taeanensis		Deinococcota	Deinococci	Deinococcales	Deinococcaceae	Deinococcus	supervised
GCF_020342335.1_ASM2034233v1_genomic	Duffyella gerundensis		Pseudomonadota	Gammaproteobacteria	Enterobacterales	Erwiniaceae	Duffyella	supervised
GCF_016724785.1_ASM1672478v1_genomic	Fusobacterium canifelinum		Fusobacteriota	Fusobacteriia	Fusobacteriales	Fusobacteriaceae	Fusobacterium	supervised
GCF_014467055.1_ASM1446705v1_genomic	Caproicibacterium amylolyticum		Bacillota	Clostridia	Eubacteriales	Oscillospiraceae	Caproicibacterium	supervised
GCF_034137685.1_ASM3413768v1_genomic	Streptococcus dentalis		Bacillota	Bacilli	Lactobacillales	Streptococcaceae	Streptococcus	supervised
GCF_024453835.1_ASM2445383v1_genomic	Corynebacterium genitalium		Actinomycetota	Actinomycetes	Mycobacteriales	Corynebacteriaceae	Corynebacterium	supervised
GCF_002370195.2_ASM237019v2_genomic	Ureibacillus thermosphaericus		Bacillota	Bacilli	Bacillales	Caryophanaceae	Ureibacillus	supervised
GCF_964027005.1_iyOxyArmt1.Wolbachia_sp_1.1_genomic	Wolbachia endosymbiont (group A) of Oxytorus armatus		Pseudomonadota	Alphaproteobacteria	Rickettsiales	Anaplasmataceae	Wolbachia	supervised
GCF_003201765.2_ASM320176v2_genomic	Acidianus sulfidivorans		Thermoproteota	Thermoprotei	Sulfolobales	Sulfolobaceae	Acidianus	supervised
GCF_016495725.1_ASM1649572v1_genomic	Salicibibacter cibarius		Bacillota	Bacilli	Bacillales	Bacillaceae	Salicibibacter	supervised
GCF_000973705.1_ASM97370v1_genomic	Clostridium sporogenes		Bacillota	Clostridia	Eubacteriales	Clostridiaceae	Clostridium	supervised
GCF_029542785.1_ASM2954278v1_genomic	Malassezia japonica		Basidiomycota	Malasseziomycetes	Malasseziales	Malasseziaceae	Malassezia	supervised
GCF_022655595.1_ASM2265559v1_genomic	Ignatzschineria rhizosphaerae		Pseudomonadota	Gammaproteobacteria	Cardiobacteriales	Ignatzschineriaceae	Ignatzschineria	supervised
GCF_013003985.1_ASM1300398v1_genomic	Usitatibacter palustris		Pseudomonadota	Betaproteobacteria	Nitrosomonadales	Usitatibacteraceae	Usitatibacter	supervised
GCF_030252325.1_ASM3025232v1_genomic	Candidatus Mycobacterium wuenschmannii		Actinomycetota	Actinomycetes	Mycobacteriales	Mycobacteriaceae	Mycobacterium	supervised
GCF_000234805.1_ASM23480v1_genomic	Pyrobaculum ferrireducens		Thermoproteota	Thermoprotei	Thermoproteales	Thermoproteaceae	Pyrobaculum	supervised
GCF_024498335.1_ASM2449833v1_genomic	Halobellus inordinatus		Methanobacteriota	Halobacteria	Halobacteriales	Haloferacaceae	Halobellus	supervised
GCF_964028535.1_ilEnnEroa1.Wolbachia_sp_2.1_genomic	Wolbachia endosymbiont (group A) of Ennomos erosarius		Pseudomonadota	Alphaproteobacteria	Rickettsiales	Anaplasmataceae	Wolbachia	supervised
GCF_000217715.1_ASM21771v1_genomic	Halopiger xanaduensis		Methanobacteriota	Halobacteria	Halobacteriales	Natrialbaceae	Halopiger	supervised
GCF_900637105.1_48290_D02_genomic	Moraxella cuniculi		Pseudomonadota	Gammaproteobacteria	Moraxellales	Moraxellaceae	Moraxella	supervised
GCF_001304615.2_ASM130461v2_genomic	Methanosarcina flavescens		Methanobacteriota	Methanomicrobia	Methanosarcinales	Methanosarcinaceae	Methanosarcina	supervised
GCF_000026205.1_ASM2620v1_genomic	Candidatus Phytoplasma mali		Mycoplasmatota	Mollicutes	Acholeplasmatales	Acholeplasmataceae	Candidatus Phytoplasma	supervised
GCF_019880385.1_ASM1988038v1_genomic	Nocardioides coralli		Actinomycetota	Actinomycetes	Propionibacteriales	Nocardioidaceae	Nocardioides	supervised
GCF_001742185.1_ASM174218v1_genomic	Pectobacterium wasabiae		Pseudomonadota	Gammaproteobacteria	Enterobacterales	Pectobacteriaceae	Pectobacterium	supervised
GCF_039691755.1_ASM3969175v1_genomic	Halomonas kashgarensis		Pseudomonadota	Gammaproteobacteria	Oceanospirillales	Halomonadaceae	Halomonas	supervised
GCF_002214465.1_ASM221446v1_genomic	Thermococcus barossii		Methanobacteriota	Thermococci	Thermococcales	Thermococcaceae	Thermococcus	supervised
GCF_003952265.1_ASM395226v1_genomic	Flaviflexus salsibiostraticola		Actinomycetota	Actinomycetes	Actinomycetales	Actinomycetaceae	Flaviflexus	supervised
GCF_964028325.1_iyHedRose1.Wolbachia_sp_1.1_genomic	Wolbachia endosymbiont (group A) of Hedychridium roseum		Pseudomonadota	Alphaproteobacteria	Rickettsiales	Anaplasmataceae	Wolbachia	supervised
GCF_000013645.1_ASM1364v1_genomic	Paraburkholderia xenovorans		Pseudomonadota	Betaproteobacteria	Burkholderiales	Burkholderiaceae	Paraburkholderia	supervised
GCF_020700235.1_ASM2070023v1_genomic	Haladaptatus pallidirubidus		Methanobacteriota	Halobacteria	Halobacteriales	Haladaptataceae	Haladaptatus	supervised
GCF_002847445.1_ASM284744v1_genomic	Paracoccus zhejiangensis		Pseudomonadota	Alphaproteobacteria	Rhodobacterales	Paracoccaceae	Paracoccus	supervised
GCF_042847215.1_ASM4284721v1_genomic	Gilvimarinus japonicus		Pseudomonadota	Gammaproteobacteria	Cellvibrionales	Cellvibrionaceae	Gilvimarinus	supervised
GCF_900155645.1_Propionibacterium_massiliense_genomic	Vaginimicrobium propionicum		Actinomycetota	Actinomycetes	Propionibacteriales	Propionibacteriaceae	Vaginimicrobium	supervised
GCF_001543145.1_ASM154314v1_genomic	Aerococcus sanguinicola		Bacillota	Bacilli	Lactobacillales	Aerococcaceae	Aerococcus	supervised
GCF_900149385.2_4-29b_chromosome_genomic	Chlamydia suis		Chlamydiota	Chlamydiia	Chlamydiales	Chlamydiaceae	Chlamydia	supervised
GCF_014595995.2_ASM1459599v2_genomic	Actinomyces respiraculi		Actinomycetota	Actinomycetes	Actinomycetales	Actinomycetaceae	Actinomyces	supervised
GCF_020025155.1_ASM2002515v1_genomic	Halopseudomonas nanhaiensis		Pseudomonadota	Gammaproteobacteria	Pseudomonadales	Pseudomonadaceae	Halopseudomonas	supervised
GCF_000166415.1_ASM16641v1_genomic	Halanaerobium hydrogeniformans		Bacillota	Clostridia	Halanaerobiales	Halanaerobiaceae	Halanaerobium	supervised
GCF_001007935.1_ASM100793v1_genomic	Nitrosomonas communis		Pseudomonadota	Betaproteobacteria	Nitrosomonadales	Nitrosomonadaceae	Nitrosomonas	supervised
GCF_015167415.1_ASM1516741v1_genomic	Kosakonia pseudosacchari		Pseudomonadota	Gammaproteobacteria	Enterobacterales	Enterobacteriaceae	Kosakonia	supervised
GCF_014764365.1_ASM1476436v1_genomic	Roseococcus microcysteis		Pseudomonadota	Alphaproteobacteria	Acetobacterales	Roseomonadaceae	Roseococcus	supervised
GCF_004795975.1_ASM479597v1_genomic	Wolbachia endosymbiont of Drosophila mauritiana		Pseudomonadota	Alphaproteobacteria	Rickettsiales	Anaplasmataceae	Wolbachia	supervised
GCF_000016385.1_ASM1638v1_genomic	Pyrobaculum arsenaticum		Thermoproteota	Thermoprotei	Thermoproteales	Thermoproteaceae	Pyrobaculum	supervised
GCF_014623485.1_ASM1462348v1_genomic	Chryseobacterium manosquense		Bacteroidota	Flavobacteriia	Flavobacteriales	Weeksellaceae	Chryseobacterium	supervised
GCF_030506285.1_ASM3050628v1_genomic	Catalinimonas niigatensis		Bacteroidota	Cytophagia	Cytophagales	Catalimonadaceae	Catalinimonas	supervised
GCF_021172025.1_ASM2117202v1_genomic	Microbacterium resistens		Actinomycetota	Actinomycetes	Micrococcales	Microbacteriaceae	Microbacterium	supervised
GCF_000008325.1_ASM832v1_genomic	Methylococcus capsulatus		Pseudomonadota	Gammaproteobacteria	Methylococcales	Methylococcaceae	Methylococcus	supervised
GCF_001038625.1_ASM103862v1_genomic	Clostridium carboxidivorans		Bacillota	Clostridia	Eubacteriales	Clostridiaceae	Clostridium	supervised
GCF_030622045.1_ASM3062204v1_genomic	Planctellipticum variicoloris		Planctomycetota	Planctomycetia	Planctomycetales	Planctomycetaceae	Planctellipticum	supervised
GCF_000767685.1_ASM76768v1_genomic	Corynebacterium ramonii		Actinomycetota	Actinomycetes	Mycobacteriales	Corynebacteriaceae	Corynebacterium	supervised
GCF_002009295.1_ASM200929v1_genomic	Komagataeibacter nataicola		Pseudomonadota	Alphaproteobacteria	Acetobacterales	Acetobacteraceae	Komagataeibacter	supervised
GCF_002393505.1_ASM239350v1_genomic	Providencia alcalifaciens		Pseudomonadota	Gammaproteobacteria	Enterobacterales	Morganellaceae	Providencia	supervised
GCF_001543105.1_ASM154310v1_genomic	Aerococcus christensenii		Bacillota	Bacilli	Lactobacillales	Aerococcaceae	Aerococcus	supervised
GCF_016834455.1_ASM1683445v1_genomic	Shewanella litorisediminis		Pseudomonadota	Gammaproteobacteria	Alteromonadales	Shewanellaceae	Shewanella	supervised
GCF_964019755.1_icPolCerv1.Spiroplasma_sp_1.1_genomic	Spiroplasma endosymbiont of Polydrusus cervinus		Mycoplasmatota	Mollicutes	Entomoplasmatales	Spiroplasmataceae	Spiroplasma	supervised
GCF_019551435.1_ASM1955143v1_genomic	Lysobacter soyae		Pseudomonadota	Gammaproteobacteria	Lysobacterales	Lysobacteraceae	Lysobacter	supervised
GCF_003970735.1_ASM397073v1_genomic	Silicimonas algicola		Pseudomonadota	Alphaproteobacteria	Rhodobacterales	Paracoccaceae	Silicimonas	supervised
GCF_002104335.1_ASM210433v1_genomic	Campylobacter cuniculorum		Campylobacterota	Epsilonproteobacteria	Campylobacterales	Campylobacteraceae	Campylobacter	supervised
GCF_900105105.1_IMG-taxon_2675903128_annotated_assembly_genomic	Maribacter dokdonensis		Bacteroidota	Flavobacteriia	Flavobacteriales	Flavobacteriaceae	Maribacter	supervised
GCF_014764405.1_ASM1476440v1_genomic	Micromonospora craniellae		Actinomycetota	Actinomycetes	Micromonosporales	Micromonosporaceae	Micromonospora	supervised
GCF_000300235.2_ASM30023v2_genomic	Thalassospira xiamenensis		Pseudomonadota	Alphaproteobacteria	Rhodospirillales	Thalassospiraceae	Thalassospira	supervised
GCF_902459475.1_pb_189-1_HGAP3_CTR_genomic	Aquicella lusitana		Pseudomonadota	Gammaproteobacteria	Legionellales	Coxiellaceae	Aquicella	supervised
GCF_000348985.1_ASM34898v1_genomic	Huiozyma naganishii		Ascomycota	Saccharomycetes	Saccharomycetales	Saccharomycetaceae	Huiozyma	supervised
GCF_000517625.1_ASM51762v1_genomic	Halostagnicola larsenii		Methanobacteriota	Halobacteria	Halobacteriales	Natrialbaceae	Halostagnicola	supervised
GCF_034356035.1_ASM3435603v1_genomic	Blautia hydrogenotrophica		Bacillota	Clostridia	Lachnospirales	Lachnospiraceae	Blautia	supervised
GCF_002752675.1_ASM275267v1_genomic	Massilia violaceinigra		Pseudomonadota	Betaproteobacteria	Burkholderiales	Oxalobacteraceae	Massilia	supervised
GCF_013307245.1_ASM1330724v1_genomic	Polynucleobacter antarcticus		Pseudomonadota	Betaproteobacteria	Burkholderiales	Burkholderiaceae	Polynucleobacter	supervised
GCF_021609905.1_ASM2160990v1_genomic	Wolbachia endosymbiont of Delia radicum		Pseudomonadota	Alphaproteobacteria	Rickettsiales	Anaplasmataceae	Wolbachia	supervised
GCF_002043005.1_ASM204300v1_genomic	Martelella mediterranea		Pseudomonadota	Alphaproteobacteria	Hyphomicrobiales	Aurantimonadaceae	Martelella	supervised
GCF_000612685.1_scf7180000000004_genomic	Castellaniella defragrans		Pseudomonadota	Betaproteobacteria	Burkholderiales	Alcaligenaceae	Castellaniella	supervised
GCF_000015805.1_ASM1580v1_genomic	Pyrobaculum calidifontis		Thermoproteota	Thermoprotei	Thermoproteales	Thermoproteaceae	Pyrobaculum	supervised
GCF_002290085.1_ASM229008v1_genomic	Mesoplasma chauliocola		Mycoplasmatota	Mollicutes	Entomoplasmatales	Entomoplasmataceae	Mesoplasma	supervised
GCF_008035925.1_ASM803592v1_genomic	Stieleria maiorica		Planctomycetota	Planctomycetia	Pirellulales	Pirellulaceae	Stieleria	supervised
GCF_000328685.1_ASM32868v1_genomic	Natronococcus occultus		Methanobacteriota	Halobacteria	Halobacteriales	Natrialbaceae	Natronococcus	supervised
GCF_021233415.1_ASM2123341v1_genomic	Halobacterium litoreum		Methanobacteriota	Halobacteria	Halobacteriales	Halobacteriaceae	Halobacterium	supervised
GCF_000007185.1_ASM718v1_genomic	Methanopyrus kandleri		Methanobacteriota	Methanopyri	Methanopyrales	Methanopyraceae	Methanopyrus	supervised
GCF_000182965.3_ASM18296v3_genomic	Candida albicans		Ascomycota	Pichiomycetes	Serinales	Debaryomycetaceae	Candida	supervised
GCF_002754935.1_ASM275493v1_genomic	Parathermosynechococcus lividus		Cyanobacteriota	Cyanophyceae	Acaryochloridales	Thermosynechococcaceae	Parathermosynechococcus	supervised
GCF_000017945.1_ASM1794v1_genomic	Ignicoccus hospitalis		Thermoproteota	Thermoprotei	Desulfurococcales	Desulfurococcaceae	Ignicoccus	supervised
GCF_009901525.1_ASM990152v1_genomic	Kordia antarctica		Bacteroidota	Flavobacteriia	Flavobacteriales	Flavobacteriaceae	Kordia	supervised
GCF_040450955.1_ASM4045095v1_genomic	Thermodesulfovibrio autotrophicus		Nitrospirota	Thermodesulfovibrionia	Thermodesulfovibrionales	Thermodesulfovibrionaceae	Thermodesulfovibrio	supervised
GCF_000740895.1_ASM74089v1_genomic	Theileria orientalis		Apicomplexa	Aconoidasida	Piroplasmida	Theileriidae	Theileria	supervised
GCF_040281505.1_ASM4028150v1_genomic	Pseudomonas solani		Pseudomonadota	Gammaproteobacteria	Pseudomonadales	Pseudomonadaceae	Pseudomonas	supervised
GCF_019711375.1_ASM1971137v1_genomic	Qipengyuania aurantiaca		Pseudomonadota	Alphaproteobacteria	Sphingomonadales	Erythrobacteraceae	Qipengyuania	supervised
GCF_000023945.1_ASM2394v1_genomic	Halorhabdus utahensis		Methanobacteriota	Halobacteria	Halobacteriales	Haloarculaceae	Halorhabdus	supervised
GCF_003019675.1_ASM301967v1_genomic	Fusobacterium ulcerans		Fusobacteriota	Fusobacteriia	Fusobacteriales	Fusobacteriaceae	Fusobacterium	supervised
GCF_043587585.1_ASM4358758v1_genomic	GCF_043587585.1_ASM4358758v1_genomic							supervised
GCF_001856685.1_ASM185668v1_genomic	Boudabousia tangfeifanii		Actinomycetota	Actinomycetes	Actinomycetales	Actinomycetaceae	Boudabousia	supervised
GCF_037055245.1_ASM3705524v1_genomic	Brevundimonas olei		Pseudomonadota	Alphaproteobacteria	Caulobacterales	Caulobacteraceae	Brevundimonas	supervised
GCF_020097815.1_ASM2009781v1_genomic	Haloprofundus salinisoli		Methanobacteriota	Halobacteria	Halobacteriales	Haloferacaceae	Haloprofundus	supervised
GCF_000185805.1_ASM18580v1_genomic	Thermovibrio ammonificans		Aquificota	Aquificia	Desulfurobacteriales	Desulfurobacteriaceae	Thermovibrio	supervised
GCF_900637075.1_48128_D02_genomic	Streptococcus pseudoporcinus		Bacillota	Bacilli	Lactobacillales	Streptococcaceae	Streptococcus	supervised
GCF_008824185.1_ASM882418v1_genomic	Paracoccus pantotrophus		Pseudomonadota	Alphaproteobacteria	Rhodobacterales	Paracoccaceae	Paracoccus	supervised
GCF_000227115.2_ASM22711v2_genomic	Naumovozyma dairenensis		Ascomycota	Saccharomycetes	Saccharomycetales	Saccharomycetaceae	Naumovozyma	supervised
GCF_032850805.1_ASM3285080v1_genomic	Hydrogenimonas thermophila		Campylobacterota	Epsilonproteobacteria	Campylobacterales	Hydrogenimonadaceae	Hydrogenimonas	supervised
GCF_000021325.1_ASM2132v1_genomic	Gluconacetobacter diazotrophicus		Pseudomonadota	Alphaproteobacteria	Acetobacterales	Acetobacteraceae	Gluconacetobacter	supervised
GCF_030687395.1_ASM3068739v1_genomic	Pseudomonas wuhanensis		Pseudomonadota	Gammaproteobacteria	Pseudomonadales	Pseudomonadaceae	Pseudomonas	supervised
GCF_000017685.1_ASM1768v1_genomic	Leptospira biflexa		Spirochaetota	Spirochaetia	Leptospirales	Leptospiraceae	Leptospira	supervised
GCF_001983935.1_ASM198393v1_genomic	Fuerstiella marisgermanici		Planctomycetota	Planctomycetia	Planctomycetales	Planctomycetaceae	Fuerstiella	supervised
GCF_003851555.1_ASM385155v1_genomic	Pseudomonas synxantha		Pseudomonadota	Gammaproteobacteria	Pseudomonadales	Pseudomonadaceae	Pseudomonas	supervised
GCF_014896945.1_ASM1489694v1_genomic	Candidatus Bodocaedibacter vickermanii		Pseudomonadota	Alphaproteobacteria	Holosporales	Candidatus Paracaedibacteraceae	Candidatus Bodocaedibacter	supervised
GCF_036323395.1_ASM3632339v1_genomic	Pyrodictium abyssi		Thermoproteota	Thermoprotei	Desulfurococcales	Pyrodictiaceae	Pyrodictium	supervised
GCF_041154675.1_ASM4115467v1_genomic	Sulfurisphaera javensis		Thermoproteota	Thermoprotei	Sulfolobales	Sulfolobaceae	Sulfurisphaera	supervised
GCF_024752535.1_ASM2475253v1_genomic	Streptomyces albus		Actinomycetota	Actinomycetes	Kitasatosporales	Streptomycetaceae	Streptomyces	supervised
GCF_001999245.1_ASM199924v1_genomic	Roseibium algicola		Pseudomonadota	Alphaproteobacteria	Hyphomicrobiales	Stappiaceae	Roseibium	supervised
GCF_016458825.1_ASM1645882v1_genomic	Miniphocaeibacter halophilus		Bacillota	Tissierellia	Tissierellales	Peptoniphilaceae	Miniphocaeibacter	supervised
GCF_036251935.1_ASM3625193v1_genomic	Orbus wheelerorum		Pseudomonadota	Gammaproteobacteria	Orbales	Orbaceae	Orbus	supervised
GCF_900103625.1_IMG-taxon_2634166344_annotated_assembly_genomic	Corynebacterium mycetoides		Actinomycetota	Actinomycetes	Mycobacteriales	Corynebacteriaceae	Corynebacterium	supervised
GCF_000091545.1_ASM9154v1_genomic	Thermus thermophilus		Deinococcota	Deinococci	Thermales	Thermaceae	Thermus	supervised
GCF_014268375.2_ASM1426837v2_genomic	Pseudomonas salmasensis		Pseudomonadota	Gammaproteobacteria	Pseudomonadales	Pseudomonadaceae	Pseudomonas	supervised
GCF_000214175.1_ASM21417v1_genomic	Hoyosella subflava		Actinomycetota	Actinomycetes	Mycobacteriales	Hoyosellaceae	Hoyosella	supervised
GCF_000012865.1_ASM1286v1_genomic	Carboxydothermus hydrogenoformans		Bacillota	Clostridia	Thermoanaerobacterales	Thermoanaerobacteraceae	Carboxydothermus	supervised
GCF_001702115.1_ASM170211v1_genomic	Fructilactobacillus lindneri		Bacillota	Bacilli	Lactobacillales	Lactobacillaceae	Fructilactobacillus	supervised
GCF_003860585.1_ASM386058v1_genomic	Kaistella carnis		Bacteroidota	Flavobacteriia	Flavobacteriales	Weeksellaceae	Kaistella	supervised
GCF_949794035.1_EBP3064_genome_genomic	Serratia proteamaculans		Pseudomonadota	Gammaproteobacteria	Enterobacterales	Yersiniaceae	Serratia	supervised
GCF_000190735.1_ASM19073v2_genomic	Pseudopedobacter saltans		Bacteroidota	Sphingobacteriia	Sphingobacteriales	Sphingobacteriaceae	Pseudopedobacter	supervised
GCF_000022265.1_ASM2226v1_genomic	Geotalea daltonii		Thermodesulfobacteriota	Desulfuromonadia	Geobacterales	Geobacteraceae	Geotalea	supervised
GCF_031326225.1_ASM3132622v1_genomic	Undibacterium cyanobacteriorum		Pseudomonadota	Betaproteobacteria	Burkholderiales	Oxalobacteraceae	Undibacterium	supervised
GCF_009193295.2_ASM919329v2_genomic	Bacteroides luhongzhouii		Bacteroidota	Bacteroidia	Bacteroidales	Bacteroidaceae	Bacteroides	supervised
GCF_900186965.1_50592_C01_genomic	Legionella spiritensis		Pseudomonadota	Gammaproteobacteria	Legionellales	Legionellaceae	Legionella	supervised
GCF_042140045.1_ASM4214004v1_genomic	Streptococcus nidrosiense		Bacillota	Bacilli	Lactobacillales	Streptococcaceae	Streptococcus	supervised
GCF_024362485.1_ASM2436248v1_genomic	Natronobeatus ordinarius		Methanobacteriota	Halobacteria	Halobacteriales	Natrialbaceae	Natronobeatus	supervised
GCF_000017805.1_ASM1780v1_genomic	Roseiflexus castenholzii		Chloroflexota	Chloroflexia	Chloroflexales	Roseiflexaceae	Roseiflexus	supervised
GCF_003966655.1_ASM396665v1_genomic	Acidithiobacillus ferridurans		Pseudomonadota	Acidithiobacillia	Acidithiobacillales	Acidithiobacillaceae	Acidithiobacillus	supervised
GCF_015277775.1_ASM1527777v1_genomic	Paludibaculum fermentans		Acidobacteriota	Terriglobia	Bryobacterales	Bryobacteraceae	Paludibaculum	supervised
GCF_000092305.1_ASM9230v1_genomic	Methanocaldococcus infernus		Methanobacteriota	Methanococci	Methanococcales	Methanocaldococcaceae	Methanocaldococcus	supervised
GCF_001641005.1_ASM164100v1_genomic	Rathayibacter tritici		Actinomycetota	Actinomycetes	Micrococcales	Microbacteriaceae	Rathayibacter	supervised
GCF_000014265.1_ASM1426v1_genomic	Trichodesmium erythraeum		Cyanobacteriota	Cyanophyceae	Oscillatoriales	Microcoleaceae	Trichodesmium	supervised
GCF_000760075.1_ASM76007v1_genomic	Prochlorococcus marinus		Cyanobacteriota	Cyanophyceae	Synechococcales	Prochlorococcaceae	Prochlorococcus	supervised
GCF_031583475.1_ASM3158347v1_genomic	Thermosynechococcus sp. JY1331		Cyanobacteriota	Cyanophyceae	Acaryochloridales	Thermosynechococcaceae	Thermosynechococcus	supervised
GCF_034531015.2_ASM3453101v2_genomic	Nostoc sp. DedQUE03		Cyanobacteriota	Cyanophyceae	Nostocales	Nostocaceae	Nostoc	supervised
GCF_028330905.1_ASM2833090v1_genomic	Microcystis aeruginosa		Cyanobacteriota	Cyanophyceae	Chroococcales	Microcystaceae	Microcystis	supervised
GCF_014304795.1_ASM1430479v1_genomic	Synechococcus sp. WH 8101		Cyanobacteriota	Cyanophyceae	Synechococcales	Synechococcaceae	Synechococcus	supervised
GCF_019104765.1_ASM1910476v1_genomic	Synechococcus sp. HK05		Cyanobacteriota	Cyanophyceae	Synechococcales	Synechococcaceae	Synechococcus	supervised
GCF_963920855.1_CCY0012_genomic	Nostoc sp. CCY0012		Cyanobacteriota	Cyanophyceae	Nostocales	Nostocaceae	Nostoc	supervised
GCF_014904695.1_ASM1490469v1_genomic	Nostoc sp. MG11		Cyanobacteriota	Cyanophyceae	Nostocales	Nostocaceae	Nostoc	supervised
GCF_014279615.1_ASM1427961v1_genomic	Synechococcus sp. RS9907		Cyanobacteriota	Cyanophyceae	Synechococcales	Synechococcaceae	Synechococcus	supervised
GCF_031583395.1_ASM3158339v1_genomic	Thermosynechococcus sp. GLH187		Cyanobacteriota	Cyanophyceae	Acaryochloridales	Thermosynechococcaceae	Thermosynechococcus	supervised
GCF_020089045.1_ASM2008904v1_genomic	Leuconostoc gasicomitatum		Bacillota	Bacilli	Lactobacillales	Lactobacillaceae	Leuconostoc	supervised
GCF_900474085.1_UW86_genomic	Synechococcus sp. UW86		Cyanobacteriota	Cyanophyceae	Synechococcales	Synechococcaceae	Synechococcus	supervised
GCF_019927185.1_ASM1992718v1_genomic	Leuconostoc mesenteroides		Bacillota	Bacilli	Lactobacillales	Lactobacillaceae	Leuconostoc	supervised
GCF_047304515.1_ASM4730451v1_genomic	Prochlorococcus sp. MIT 1306		Cyanobacteriota	Cyanophyceae	Synechococcales	Prochlorococcaceae	Prochlorococcus	supervised
GCF_028618985.1_ASM2861898v1_genomic	Leuconostoc mesenteroides		Bacillota	Bacilli	Lactobacillales	Lactobacillaceae	Leuconostoc	supervised
GCF_020244705.1_ASM2024470v1_genomic	Microcystis sp. M55BS1		Cyanobacteriota	Cyanophyceae	Chroococcales	Microcystaceae	Microcystis	supervised
GCF_014698895.1_ASM1469889v1_genomic	Synechococcus elongatus		Cyanobacteriota	Cyanophyceae	Synechococcales	Synechococcaceae	Synechococcus	supervised
GCF_008689715.1_ASM868971v1_genomic	Leuconostoc mesenteroides		Bacillota	Bacilli	Lactobacillales	Lactobacillaceae	Leuconostoc	supervised
GCF_000756355.1_ASM75635v1_genomic	Leuconostoc mesenteroides		Bacillota	Bacilli	Lactobacillales	Lactobacillaceae	Leuconostoc	supervised
GCF_030161455.1_ASM3016145v1_genomic	Leuconostoc gasicomitatum		Bacillota	Bacilli	Lactobacillales	Lactobacillaceae	Leuconostoc	supervised
GCF_014280095.1_ASM1428009v1_genomic	Synechococcus sp. A15-60		Cyanobacteriota	Cyanophyceae	Synechococcales	Synechococcaceae	Synechococcus	supervised
GCF_000014585.1_ASM1458v1_genomic	Synechococcus sp. CC9311		Cyanobacteriota	Cyanophyceae	Synechococcales	Synechococcaceae	Synechococcus	supervised
GCF_020245415.1_ASM2024541v1_genomic	Microcystis sp. M18BS1		Cyanobacteriota	Cyanophyceae	Chroococcales	Microcystaceae	Microcystis	supervised
GCF_036919855.1_ASM3691985v1_genomic	Nostoc sp.		Cyanobacteriota	Cyanophyceae	Nostocales	Nostocaceae	Nostoc	supervised
GCF_034530775.1_ASM3453077v1_genomic	Nostoc sp. DedSLP04		Cyanobacteriota	Cyanophyceae	Nostocales	Nostocaceae	Nostoc	supervised
GCF_002095565.1_ASM209556v1_genomic	Leuconostoc sp. BM2		Bacillota	Bacilli	Lactobacillales	Lactobacillaceae	Leuconostoc	supervised
GCF_002018015.1_ASM201801v1_genomic	Candidatus Synechococcus spongiarum		Cyanobacteriota	Cyanophyceae	Synechococcales	Synechococcaceae	Synechococcus	supervised
GCF_019655935.1_ASM1965593v1_genomic	Leuconostoc gelidum		Bacillota	Bacilli	Lactobacillales	Lactobacillaceae	Leuconostoc	supervised
GCF_036918245.1_ASM3691824v1_genomic	Nostoc sp.		Cyanobacteriota	Cyanophyceae	Nostocales	Nostocaceae	Nostoc	supervised
GCF_030017195.1_ASM3001719v1_genomic	Leuconostoc suionicum		Bacillota	Bacilli	Lactobacillales	Lactobacillaceae	Leuconostoc	supervised
GCF_002813575.1_ASM281357v1_genomic	Nostoc flagelliforme		Cyanobacteriota	Cyanophyceae	Nostocales	Nostocaceae	Nostoc	supervised
GCF_007954625.1_ASM795462v1_genomic	Leuconostoc lactis		Bacillota	Bacilli	Lactobacillales	Lactobacillaceae	Leuconostoc	supervised
GCF_900474295.1_UW140_genomic	Synechococcus sp. UW140		Cyanobacteriota	Cyanophyceae	Synechococcales	Synechococcaceae	Synechococcus	supervised
GCF_017355725.1_ASM1735572v1_genomic	Anabaena sp. 54		Cyanobacteriota	Cyanophyceae	Nostocales	Nostocaceae	Anabaena	supervised
GCF_047302975.1_ASM4730297v1_genomic	Prochlorococcus sp. SS52		Cyanobacteriota	Cyanophyceae	Synechococcales	Prochlorococcaceae	Prochlorococcus	supervised
GCF_047304175.1_ASM4730417v1_genomic	Synechococcus sp. MIT S9503		Cyanobacteriota	Cyanophyceae	Synechococcales	Synechococcaceae	Synechococcus	supervised
GCF_000219785.1_ASM21978v1_genomic	Leuconostoc sp. C2		Bacillota	Bacilli	Lactobacillales	Lactobacillaceae	Leuconostoc	supervised
GCF_900177825.1_IMG-taxon_2708742468_annotated_assembly_genomic	Synechococcus sp. 7002		Cyanobacteriota	Cyanophyceae	Synechococcales	Synechococcaceae	Synechococcus	supervised
GCF_020089225.1_ASM2008922v1_genomic	Leuconostoc gelidum		Bacillota	Bacilli	Lactobacillales	Lactobacillaceae	Leuconostoc	supervised
GCF_025128255.1_ASM2512825v1_genomic	Synechococcus sp. CS-205		Cyanobacteriota	Cyanophyceae	Synechococcales	Synechococcaceae	Synechococcus	supervised
GCF_034093315.1_ASM3409331v1_genomic	Prochlorococcus sp. MIT 1314		Cyanobacteriota	Cyanophyceae	Synechococcales	Prochlorococcaceae	Prochlorococcus	supervised
GCF_019038535.1_ASM1903853v1_genomic	Synechococcus sp. CCAP 1479/9		Cyanobacteriota	Cyanophyceae	Synechococcales	Synechococcaceae	Synechococcus	supervised
GCF_020246725.1_ASM2024672v1_genomic	Microcystis sp. M038S1		Cyanobacteriota	Cyanophyceae	Chroococcales	Microcystaceae	Microcystis	supervised
GCF_047461595.1_ASM4746159v1_genomic	Synechococcus sp. W60.2		Cyanobacteriota	Cyanophyceae	Synechococcales	Synechococcaceae	Synechococcus	supervised
GCF_023744295.1_ASM2374429v1_genomic	Leuconostoc mesenteroides		Bacillota	Bacilli	Lactobacillales	Lactobacillaceae	Leuconostoc	supervised
GCF_003208065.1_ASM320806v1_genomic	Prochlorococcus marinus		Cyanobacteriota	Cyanophyceae	Synechococcales	Prochlorococcaceae	Prochlorococcus	supervised
GCF_963920475.1_KAC_105_genomic	Synechococcus sp. CBW1107		Cyanobacteriota	Cyanophyceae	Synechococcales	Synechococcaceae	Synechococcus	supervised
GCF_023205265.1_ASM2320526v1_genomic	Leuconostoc sp. MTCC 10508		Bacillota	Bacilli	Lactobacillales	Lactobacillaceae	Leuconostoc	supervised
GCF_000153825.1_ASM15382v1_genomic	Synechococcus sp. RS9916		Cyanobacteriota	Cyanophyceae	Synechococcales	Synechococcaceae	Synechococcus	supervised
GCF_048657145.1_ASM4865714v1_genomic	Leuconostoc citreum		Bacillota	Bacilli	Lactobacillales	Lactobacillaceae	Leuconostoc	supervised
GCF_047461615.1_ASM4746161v1_genomic	Synechococcus sp. W65.1		Cyanobacteriota	Cyanophyceae	Synechococcales	Synechococcaceae	Synechococcus	supervised
GCF_963899605.1_ena-yuan-GCF_022984075.1_genomic	Synechococcus sp. C9		Cyanobacteriota	Cyanophyceae	Synechococcales	Synechococcaceae	Synechococcus	supervised
GCF_036918035.1_ASM3691803v1_genomic	Nostoc sp.		Cyanobacteriota	Cyanophyceae	Nostocales	Nostocaceae	Nostoc	supervised
GCF_002386555.1_ASM238655v1_genomic	Leuconostoc lactis		Bacillota	Bacilli	Lactobacillales	Lactobacillaceae	Leuconostoc	supervised
GCF_020246735.1_ASM2024673v1_genomic	Microcystis sp. M039S1		Cyanobacteriota	Cyanophyceae	Chroococcales	Microcystaceae	Microcystis	supervised
GCF_020088825.1_ASM2008882v1_genomic	Leuconostoc gasicomitatum		Bacillota	Bacilli	Lactobacillales	Lactobacillaceae	Leuconostoc	supervised
GCF_014698795.1_ASM1469879v1_genomic	Nostoc sp. FACHB-892		Cyanobacteriota	Cyanophyceae	Nostocales	Nostocaceae	Nostoc	supervised
GCF_028620105.1_ASM2862010v1_genomic	Leuconostoc mesenteroides		Bacillota	Bacilli	Lactobacillales	Lactobacillaceae	Leuconostoc	supervised
GCF_045527805.1_ASM4552780v1_genomic	Leuconostoc mesenteroides		Bacillota	Bacilli	Lactobacillales	Lactobacillaceae	Leuconostoc	supervised
GCF_034530995.1_ASM3453099v1_genomic	Nostoc sp. DedQUE04		Cyanobacteriota	Cyanophyceae	Nostocales	Nostocaceae	Nostoc	supervised
GCF_024345795.1_ASM2434579v1_genomic	Synechococcus sp. J7-Johnson		Cyanobacteriota	Cyanophyceae	Synechococcales	Synechococcaceae	Synechococcus	supervised
GCF_964237385.1_private_X5_metawrap_bin.1_genomic	uncultured Nostoc sp.		Cyanobacteriota	Cyanophyceae	Nostocales	Nostocaceae	Nostoc	supervised
GCF_028620295.1_ASM2862029v1_genomic	Leuconostoc mesenteroides		Bacillota	Bacilli	Lactobacillales	Lactobacillaceae	Leuconostoc	supervised
GCF_023921265.1_ASM2392126v1_genomic	Leuconostoc gelidum		Bacillota	Bacilli	Lactobacillales	Lactobacillaceae	Leuconostoc	supervised
GCF_030017215.1_ASM3001721v1_genomic	Leuconostoc lactis		Bacillota	Bacilli	Lactobacillales	Lactobacillaceae	Leuconostoc	supervised
GCF_017114995.1_ASM1711499v1_genomic	Nostoc sp. NMS9		Cyanobacteriota	Cyanophyceae	Nostocales	Nostocaceae	Nostoc	supervised
GCF_002760395.1_ASM276039v1_genomic	Synechococcus sp. 63AY4M1		Cyanobacteriota	Cyanophyceae	Synechococcales	Synechococcaceae	Synechococcus	supervised
GCF_000020025.1_ASM2002v1_genomic	Nostoc punctiforme		Cyanobacteriota	Cyanophyceae	Nostocales	Nostocaceae	Nostoc	supervised
GCF_002608135.1_ASM260813v1_genomic	Nostoc linckia		Cyanobacteriota	Cyanophyceae	Nostocales	Nostocaceae	Nostoc	supervised
GCF_002092335.1_ASM209233v1_genomic	Leuconostoc mesenteroides		Bacillota	Bacilli	Lactobacillales	Lactobacillaceae	Leuconostoc	supervised
GCF_027359355.1_ASM2735935v1_genomic	Prochlorococcus marinus		Cyanobacteriota	Cyanophyceae	Synechococcales	Prochlorococcaceae	Prochlorococcus	supervised
GCF_036919535.1_ASM3691953v1_genomic	Nostoc sp.		Cyanobacteriota	Cyanophyceae	Nostocales	Nostocaceae	Nostoc	supervised
GCF_025122315.1_ASM2512231v1_genomic	Leuconostoc citreum		Bacillota	Bacilli	Lactobacillales	Lactobacillaceae	Leuconostoc	supervised
GCF_020246125.1_ASM2024612v1_genomic	Microcystis sp. M136S2		Cyanobacteriota	Cyanophyceae	Chroococcales	Microcystaceae	Microcystis	supervised
GCF_019656095.1_ASM1965609v1_genomic	Leuconostoc rapi		Bacillota	Bacilli	Lactobacillales	Lactobacillaceae	Leuconostoc	supervised
GCF_047303495.1_ASM4730349v1_genomic	Prochlorococcus sp. MIT 0701		Cyanobacteriota	Cyanophyceae	Synechococcales	Prochlorococcaceae	Prochlorococcus	supervised
GCF_002092775.1_ASM209277v1_genomic	Leuconostoc mesenteroides		Bacillota	Bacilli	Lactobacillales	Lactobacillaceae	Leuconostoc	supervised
GCF_047302785.1_ASM4730278v1_genomic	Synechococcus sp. WH 8017		Cyanobacteriota	Cyanophyceae	Synechococcales	Synechococcaceae	Synechococcus	supervised
GCF_008690985.1_ASM869098v1_genomic	Leuconostoc carnosum		Bacillota	Bacilli	Lactobacillales	Lactobacillaceae	Leuconostoc	supervised
GCF_020245885.1_ASM2024588v1_genomic	Microcystis sp. M165S2		Cyanobacteriota	Cyanophyceae	Chroococcales	Microcystaceae	Microcystis	supervised
GCF_022063185.1_ASM2206318v1_genomic	Nostoc sp. UHCC 0870		Cyanobacteriota	Cyanophyceae	Nostocales	Nostocaceae	Nostoc	supervised
GCF_020514355.1_ASM2051435v1_genomic	Synechococcus sp. HB1133		Cyanobacteriota	Cyanophyceae	Synechococcales	Synechococcaceae	Synechococcus	supervised
GCF_009498015.1_ASM949801v1_genomic	Anabaena sp. YBS01		Cyanobacteriota	Cyanophyceae	Nostocales	Nostocaceae	Anabaena	supervised
GCF_000760175.1_ASM76017v1_genomic	Prochlorococcus sp. MIT 0601		Cyanobacteriota	Cyanophyceae	Synechococcales	Prochlorococcaceae	Prochlorococcus	supervised
GCF_036917355.1_ASM3691735v1_genomic	Nostoc sp.		Cyanobacteriota	Cyanophyceae	Nostocales	Nostocaceae	Nostoc	supervised
GCF_045528385.1_ASM4552838v1_genomic	Leuconostoc mesenteroides		Bacillota	Bacilli	Lactobacillales	Lactobacillaceae	Leuconostoc	supervised
GCF_003555505.1_ASM355550v2_genomic	Thermosynechococcus sichuanensis		Cyanobacteriota	Cyanophyceae	Acaryochloridales	Thermosynechococcaceae	Thermosynechococcus	supervised
GCF_028619605.1_ASM2861960v1_genomic	Leuconostoc mesenteroides		Bacillota	Bacilli	Lactobacillales	Lactobacillaceae	Leuconostoc	supervised
GCF_047462155.1_ASM4746215v1_genomic	Synechococcus sp. OH2		Cyanobacteriota	Cyanophyceae	Synechococcales	Synechococcaceae	Synechococcus	supervised
GCF_020246345.1_ASM2024634v1_genomic	Microcystis sp. M088S1		Cyanobacteriota	Cyanophyceae	Chroococcales	Microcystaceae	Microcystis	supervised
GCF_002252625.1_ASM225262v1_genomic	Synechococcus sp. 1G10		Cyanobacteriota	Cyanophyceae	Synechococcales	Synechococcaceae	Synechococcus	supervised
GCF_963530155.1_ERR9969137_bin.10_MetaWRAP_v1.3_MAG_genomic	Leuconostoc lactis		Bacillota	Bacilli	Lactobacillales	Lactobacillaceae	Leuconostoc	supervised
GCF_024345895.1_ASM2434589v1_genomic	Synechococcus sp. Edmonson 11F2		Cyanobacteriota	Cyanophyceae	Synechococcales	Synechococcaceae	Synechococcus	supervised
GCF_000759865.1_ASM75986v1_genomic	Prochlorococcus marinus		Cyanobacteriota	Cyanophyceae	Synechococcales	Prochlorococcaceae	Prochlorococcus	supervised
GCF_036916955.1_ASM3691695v1_genomic	Nostoc sp.		Cyanobacteriota	Cyanophyceae	Nostocales	Nostocaceae	Nostoc	supervised
GCF_046292485.1_ASM4629248v1_genomic	Thermosynechococcus sp.		Cyanobacteriota	Cyanophyceae	Acaryochloridales	Thermosynechococcaceae	Thermosynechococcus	supervised
GCF_036919755.1_ASM3691975v1_genomic	Nostoc sp.		Cyanobacteriota	Cyanophyceae	Nostocales	Nostocaceae	Nostoc	supervised
GCF_047304505.1_ASM4730450v1_genomic	Prochlorococcus sp. MIT 1318		Cyanobacteriota	Cyanophyceae	Synechococcales	Prochlorococcaceae	Prochlorococcus	supervised
GCF_036917775.1_ASM3691777v1_genomic	Nostoc sp.		Cyanobacteriota	Cyanophyceae	Nostocales	Nostocaceae	Nostoc	supervised
GCF_024345875.1_ASM2434587v1_genomic	Synechococcus sp. EJ6-Ellesmere		Cyanobacteriota	Cyanophyceae	Synechococcales	Synechococcaceae	Synechococcus	supervised
GCF_943372785.1_JJ-MO761-104-1-mx-bin698_genomic	Synechococcus sp. UW140		Cyanobacteriota	Cyanophyceae	Synechococcales	Synechococcaceae	Synechococcus	supervised
GCF_020244585.1_ASM2024458v1_genomic	Microcystis sp. M59BS1		Cyanobacteriota	Cyanophyceae	Chroococcales	Microcystaceae	Microcystis	supervised
GCF_048320265.1_ASM4832026v1_genomic	Leuconostoc mesenteroides		Bacillota	Bacilli	Lactobacillales	Lactobacillaceae	Leuconostoc	supervised
GCF_029910235.1_ASM2991023v1_genomic	Pseudanabaena galeata		Cyanobacteriota	Cyanophyceae	Pseudanabaenales	Pseudanabaenaceae	Pseudanabaena	supervised
GCF_024345935.1_ASM2434593v1_genomic	Synechococcus sp. Cruz-9C9		Cyanobacteriota	Cyanophyceae	Synechococcales	Synechococcaceae	Synechococcus	supervised
GCF_015840915.1_ASM1584091v1_genomic	Synechococcus sp. CBW1002		Cyanobacteriota	Cyanophyceae	Synechococcales	Synechococcaceae	Synechococcus	supervised
GCF_009707485.1_ASM970748v1_genomic	Nostocoides sp. HKS02		Actinomycetota	Actinomycetes	Micrococcales	Intrasporangiaceae	Nostocoides	supervised
GCF_000018585.1_ASM1858v1_genomic	Prochlorococcus marinus		Cyanobacteriota	Cyanophyceae	Synechococcales	Prochlorococcaceae	Prochlorococcus	supervised
GCF_040399555.1_ASM4039955v1_genomic	Synechococcus lacustris		Cyanobacteriota	Cyanophyceae	Synechococcales	Synechococcaceae	Synechococcus	supervised
GCF_002246015.1_ASM224601v1_genomic	Nostoc sp. 'Peltigera membranacea cyanobiont' 210A		Cyanobacteriota	Cyanophyceae	Nostocales	Nostocaceae	Nostoc	supervised
GCF_001184255.1_ASM118425v1_genomic	Leuconostoc mesenteroides		Bacillota	Bacilli	Lactobacillales	Lactobacillaceae	Leuconostoc	supervised
GCF_025128215.1_ASM2512821v1_genomic	Synechococcus sp. CS-197		Cyanobacteriota	Cyanophyceae	Synechococcales	Synechococcaceae	Synechococcus	supervised
GCF_047462575.1_ASM4746257v1_genomic	Synechococcus sp. 'PEA 65AY6A-5F PE A'		Cyanobacteriota	Cyanophyceae	Synechococcales	Synechococcaceae	Synechococcus	supervised
GCF_036918195.1_ASM3691819v1_genomic	Nostoc sp.		Cyanobacteriota	Cyanophyceae	Nostocales	Nostocaceae	Nostoc	supervised
GCF_000010625.1_ASM1062v1_genomic	Microcystis aeruginosa		Cyanobacteriota	Cyanophyceae	Chroococcales	Microcystaceae	Microcystis	supervised
GCF_002092595.1_ASM209259v1_genomic	Leuconostoc lactis		Bacillota	Bacilli	Lactobacillales	Lactobacillaceae	Leuconostoc	supervised
GCF_020088985.1_ASM2008898v1_genomic	Leuconostoc gasicomitatum		Bacillota	Bacilli	Lactobacillales	Lactobacillaceae	Leuconostoc	supervised
GCF_046306615.1_ASM4630661v1_genomic	Microcystis sp.		Cyanobacteriota	Cyanophyceae	Chroococcales	Microcystaceae	Microcystis	supervised
GCF_036917455.1_ASM3691745v1_genomic	Nostoc sp.		Cyanobacteriota	Cyanophyceae	Nostocales	Nostocaceae	Nostoc	supervised
GCF_019927025.1_ASM1992702v1_genomic	Leuconostoc mesenteroides		Bacillota	Bacilli	Lactobacillales	Lactobacillaceae	Leuconostoc	supervised
GCF_013432155.1_ASM1343215v1_genomic	Leuconostoc citreum		Bacillota	Bacilli	Lactobacillales	Lactobacillaceae	Leuconostoc	supervised
GCF_964186995.1_AMBP-0221_genomic	Leuconostoc suionicum		Bacillota	Bacilli	Lactobacillales	Lactobacillaceae	Leuconostoc	supervised
GCF_020514255.1_ASM2051425v1_genomic	Synechococcus sp. MU1611		Cyanobacteriota	Cyanophyceae	Synechococcales	Synechococcaceae	Synechococcus	supervised
GCF_047462295.1_ASM4746229v1_genomic	Synechococcus sp. H60.3		Cyanobacteriota	Cyanophyceae	Synechococcales	Synechococcaceae	Synechococcus	supervised
GCF_047461955.1_ASM4746195v1_genomic	Synechococcus sp. R55.7		Cyanobacteriota	Cyanophyceae	Synechococcales	Synechococcaceae	Synechococcus	supervised
GCF_000179875.1_ASM17987v1_genomic	Leuconostoc lactis		Bacillota	Bacilli	Lactobacillales	Lactobacillaceae	Leuconostoc	supervised
GCF_964203435.1_ZE-13nov19-LR-15_genomic	Synechococcus sp.		Cyanobacteriota	Cyanophyceae	Synechococcales	Synechococcaceae	Synechococcus	supervised
GCF_024346095.1_ASM2434609v1_genomic	Synechococcus lacustris		Cyanobacteriota	Cyanophyceae	Synechococcales	Synechococcaceae	Synechococcus	supervised
GCF_030017315.1_ASM3001731v1_genomic	Leuconostoc suionicum		Bacillota	Bacilli	Lactobacillales	Lactobacillaceae	Leuconostoc	supervised
GCF_036917515.1_ASM3691751v1_genomic	Nostoc sp.		Cyanobacteriota	Cyanophyceae	Nostocales	Nostocaceae	Nostoc	supervised
GCF_019927245.1_ASM1992724v1_genomic	Leuconostoc mesenteroides		Bacillota	Bacilli	Lactobacillales	Lactobacillaceae	Leuconostoc	supervised
GCF_028619435.1_ASM2861943v1_genomic	Leuconostoc mesenteroides		Bacillota	Bacilli	Lactobacillales	Lactobacillaceae	Leuconostoc	supervised
GCF_902595615.1_AG-915-O02_genomic	uncultured Prochlorococcus sp.		Cyanobacteriota	Cyanophyceae	Synechococcales	Prochlorococcaceae	Prochlorococcus	supervised
GCF_028402095.1_ASM2840209v1_genomic	Leuconostoc suionicum		Bacillota	Bacilli	Lactobacillales	Lactobacillaceae	Leuconostoc	supervised
GCF_000316625.1_ASM31662v1_genomic	Nostoc sp. PCC 7107		Cyanobacteriota	Cyanophyceae	Nostocales	Nostocaceae	Nostoc	supervised
GCF_048593405.1_ASM4859340v1_genomic	Microcystis aeruginosa		Cyanobacteriota	Cyanophyceae	Chroococcales	Microcystaceae	Microcystis	supervised
GCF_028619105.1_ASM2861910v1_genomic	Leuconostoc mesenteroides		Bacillota	Bacilli	Lactobacillales	Lactobacillaceae	Leuconostoc	supervised
GCF_000485815.1_ASM48581v1_genomic	Picosynechococcus sp. NKBG15041c		Cyanobacteriota	Cyanophyceae	Chroococcales	Geminocystaceae	Picosynechococcus	supervised
GCF_900290145.1_Le_suionicum_CECT_9216_Spades_Prokka_genomic	Leuconostoc suionicum		Bacillota	Bacilli	Lactobacillales	Lactobacillaceae	Leuconostoc	supervised
GCF_902521235.1_AG-894-N05_genomic	uncultured Prochlorococcus sp.		Cyanobacteriota	Cyanophyceae	Synechococcales	Prochlorococcaceae	Prochlorococcus	supervised
GCF_963920465.1_KAC_114_genomic	Synechococcus sp. CBW1107		Cyanobacteriota	Cyanophyceae	Synechococcales	Synechococcaceae	Synechococcus	supervised
GCF_046305755.1_ASM4630575v1_genomic	Microcystis sp.		Cyanobacteriota	Cyanophyceae	Chroococcales	Microcystaceae	Microcystis	supervised
GCF_001632125.1_ASM163212v1_genomic	Prochlorococcus marinus		Cyanobacteriota	Cyanophyceae	Synechococcales	Prochlorococcaceae	Prochlorococcus	supervised
GCF_028619655.1_ASM2861965v1_genomic	Leuconostoc mesenteroides		Bacillota	Bacilli	Lactobacillales	Lactobacillaceae	Leuconostoc	supervised
GCF_020246505.1_ASM2024650v1_genomic	Microcystis sp. M076S1		Cyanobacteriota	Cyanophyceae	Chroococcales	Microcystaceae	Microcystis	supervised
GCF_015206895.1_ASM1520689v1_genomic	Nostoc sp. LEGE 12450		Cyanobacteriota	Cyanophyceae	Nostocales	Nostocaceae	Nostoc	supervised
GCF_034530675.2_ASM3453067v2_genomic	Nostoc sp. DedVER02		Cyanobacteriota	Cyanophyceae	Nostocales	Nostocaceae	Nostoc	supervised
GCF_047305235.1_ASM4730523v1_genomic	Prochlorococcus sp. MIT 1011		Cyanobacteriota	Cyanophyceae	Synechococcales	Prochlorococcaceae	Prochlorococcus	supervised
GCF_047304555.1_ASM4730455v1_genomic	Synechococcus sp. WH 6501		Cyanobacteriota	Cyanophyceae	Synechococcales	Synechococcaceae	Synechococcus	supervised
GCF_030017255.1_ASM3001725v1_genomic	Leuconostoc suionicum		Bacillota	Bacilli	Lactobacillales	Lactobacillaceae	Leuconostoc	supervised
GCF_964245575.1_public_SRR14722145_metawrap_bin.2_genomic	uncultured Nostoc sp.		Cyanobacteriota	Cyanophyceae	Nostocales	Nostocaceae	Nostoc	supervised
GCF_034530735.2_ASM3453073v2_genomic	Nostoc sp. EfeVER01		Cyanobacteriota	Cyanophyceae	Nostocales	Nostocaceae	Nostoc	supervised
GCF_028619575.1_ASM2861957v1_genomic	Leuconostoc mesenteroides		Bacillota	Bacilli	Lactobacillales	Lactobacillaceae	Leuconostoc	supervised
GCF_036917095.1_ASM3691709v1_genomic	Nostoc sp.		Cyanobacteriota	Cyanophyceae	Nostocales	Nostocaceae	Nostoc	supervised
GCF_020245035.1_ASM2024503v1_genomic	Microcystis sp. M40BS1		Cyanobacteriota	Cyanophyceae	Chroococcales	Microcystaceae	Microcystis	supervised
GCF_004551615.1_ASM455161v1_genomic	Leuconostoc kimchii		Bacillota	Bacilli	Lactobacillales	Lactobacillaceae	Leuconostoc	supervised
GCF_009811855.1_ASM981185v1_genomic	Microcystis aeruginosa		Cyanobacteriota	Cyanophyceae	Chroococcales	Microcystaceae	Microcystis	supervised
GCF_002608145.1_ASM260814v1_genomic	Nostoc linckia		Cyanobacteriota	Cyanophyceae	Nostocales	Nostocaceae	Nostoc	supervised
GCF_001046875.1_ASM104687v1_genomic	Nostocoides jenkinsii		Actinomycetota	Actinomycetes	Micrococcales	Intrasporangiaceae	Nostocoides	supervised
GCF_029582805.1_ASM2958280v1_genomic	Candidatus Synechococcus calcipolaris		Cyanobacteriota	Cyanophyceae	Synechococcales	Synechococcaceae	Synechococcus	supervised
GCF_046318935.1_ASM4631893v1_genomic	Microcystis sp.		Cyanobacteriota	Cyanophyceae	Chroococcales	Microcystaceae	Microcystis	supervised
GCF_028620275.1_ASM2862027v1_genomic	Leuconostoc mesenteroides		Bacillota	Bacilli	Lactobacillales	Lactobacillaceae	Leuconostoc	supervised
GCF_028619045.1_ASM2861904v1_genomic	Leuconostoc mesenteroides		Bacillota	Bacilli	Lactobacillales	Lactobacillaceae	Leuconostoc	supervised
GCF_014698635.1_ASM1469863v1_genomic	Nostoc sp. FACHB-857		Cyanobacteriota	Cyanophyceae	Nostocales	Nostocaceae	Nostoc	supervised
GCF_047502615.1_ASM4750261v1_genomic	Synechococcus sp. W60.3		Cyanobacteriota	Cyanophyceae	Synechococcales	Synechococcaceae	Synechococcus	supervised
GCF_000981785.2_ASM98178v2_genomic	Microcystis aeruginosa		Cyanobacteriota	Cyanophyceae	Chroococcales	Microcystaceae	Microcystis	supervised
GCF_047461715.1_ASM4746171v1_genomic	Synechococcus sp. R8-2		Cyanobacteriota	Cyanophyceae	Synechococcales	Synechococcaceae	Synechococcus	supervised
GCF_020246865.1_ASM2024686v1_genomic	Microcystis sp. M017S1		Cyanobacteriota	Cyanophyceae	Chroococcales	Microcystaceae	Microcystis	supervised
GCF_014634725.1_ASM1463472v1_genomic	Leuconostoc pseudomesenteroides		Bacillota	Bacilli	Lactobacillales	Lactobacillaceae	Leuconostoc	supervised
GCF_025128075.1_ASM2512807v1_genomic	Synechococcus sp. CS-1327		Cyanobacteriota	Cyanophyceae	Synechococcales	Synechococcaceae	Synechococcus	supervised
GCF_034530895.1_ASM3453089v1_genomic	Nostoc sp. DedQUE08		Cyanobacteriota	Cyanophyceae	Nostocales	Nostocaceae	Nostoc	supervised
GCF_023734775.1_ASM2373477v1_genomic	Nostoc commune		Cyanobacteriota	Cyanophyceae	Nostocales	Nostocaceae	Nostoc	supervised
GCF_018991785.1_ASM1899178v1_genomic	Leuconostoc mesenteroides		Bacillota	Bacilli	Lactobacillales	Lactobacillaceae	Leuconostoc	supervised
GCF_002092515.1_ASM209251v1_genomic	Leuconostoc mesenteroides		Bacillota	Bacilli	Lactobacillales	Lactobacillaceae	Leuconostoc	supervised
GCF_047302865.1_ASM4730286v1_genomic	Prochlorococcus sp. MIT 0702		Cyanobacteriota	Cyanophyceae	Synechococcales	Prochlorococcaceae	Prochlorococcus	supervised
GCF_037619055.1_ASM3761905v1_genomic	Nostoc punctiforme		Cyanobacteriota	Cyanophyceae	Nostocales	Nostocaceae	Nostoc	supervised
GCF_008689765.1_ASM868976v1_genomic	Leuconostoc carnosum		Bacillota	Bacilli	Lactobacillales	Lactobacillaceae	Leuconostoc	supervised
GCF_034931685.1_ASM3493168v1_genomic	Synechococcus sp. CCY9202		Cyanobacteriota	Cyanophyceae	Synechococcales	Synechococcaceae	Synechococcus	supervised
GCF_937995695.1_H1_Bin_Bin_48_1_genomic	uncultured Thermosynechococcus sp.		Cyanobacteriota	Cyanophyceae	Acaryochloridales	Thermosynechococcaceae	Thermosynechococcus	supervised
GCF_025395235.1_ASM2539523v1_genomic	Leuconostoc holzapfelii		Bacillota	Bacilli	Lactobacillales	Lactobacillaceae	Leuconostoc	supervised
GCF_002092705.1_ASM209270v1_genomic	Leuconostoc mesenteroides		Bacillota	Bacilli	Lactobacillales	Lactobacillaceae	Leuconostoc	supervised
GCF_938002295.1_L1_Bin_METABAT_121_1_genomic	uncultured Thermosynechococcus sp.		Cyanobacteriota	Cyanophyceae	Acaryochloridales	Thermosynechococcaceae	Thermosynechococcus	supervised
GCF_031583495.1_ASM3158349v1_genomic	Thermosynechococcus sp. TG218		Cyanobacteriota	Cyanophyceae	Acaryochloridales	Thermosynechococcaceae	Thermosynechococcus	supervised
GCF_000160595.1_ASM16059v1_genomic	Leuconostoc mesenteroides		Bacillota	Bacilli	Lactobacillales	Lactobacillaceae	Leuconostoc	supervised
GCF_036919495.1_ASM3691949v1_genomic	Nostoc sp.		Cyanobacteriota	Cyanophyceae	Nostocales	Nostocaceae	Nostoc	supervised
GCF_047461655.1_ASM4746165v1_genomic	Synechococcus sp. W55.1		Cyanobacteriota	Cyanophyceae	Synechococcales	Synechococcaceae	Synechococcus	supervised
GCF_047718495.1_ASM4771849v1_genomic	Leuconostoc pseudomesenteroides		Bacillota	Bacilli	Lactobacillales	Lactobacillaceae	Leuconostoc	supervised
GCF_047724235.1_ASM4772423v1_genomic	Leuconostoc suionicum		Bacillota	Bacilli	Lactobacillales	Lactobacillaceae	Leuconostoc	supervised
GCF_008689695.1_ASM868969v1_genomic	Leuconostoc carnosum		Bacillota	Bacilli	Lactobacillales	Lactobacillaceae	Leuconostoc	supervised
GCF_000759975.1_ASM75997v1_genomic	Prochlorococcus marinus		Cyanobacteriota	Cyanophyceae	Synechococcales	Prochlorococcaceae	Prochlorococcus	supervised
GCF_045111315.1_ASM4511131v1_genomic	Leuconostoc mesenteroides		Bacillota	Bacilli	Lactobacillales	Lactobacillaceae	Leuconostoc	supervised
GCF_047304065.1_ASM4730406v1_genomic	Synechococcus sp. MIT S9510		Cyanobacteriota	Cyanophyceae	Synechococcales	Synechococcaceae	Synechococcus	supervised
GCF_036916595.1_ASM3691659v1_genomic	Nostoc sp.		Cyanobacteriota	Cyanophyceae	Nostocales	Nostocaceae	Nostoc	supervised
GCF_017695955.1_ASM1769595v1_genomic	Prochlorococcus marinus		Cyanobacteriota	Cyanophyceae	Synechococcales	Prochlorococcaceae	Prochlorococcus	supervised
GCF_014222285.1_ASM1422228v1_genomic	Nostoc sp. UCD121		Cyanobacteriota	Cyanophyceae	Nostocales	Nostocaceae	Nostoc	supervised
GCF_963897035.1_ena-yuan-GCF_021596505.1_genomic	Nostoc sp. CMAA1605		Cyanobacteriota	Cyanophyceae	Nostocales	Nostocaceae	Nostoc	supervised
GCF_020246085.1_ASM2024608v1_genomic	Microcystis sp. M137S2		Cyanobacteriota	Cyanophyceae	Chroococcales	Microcystaceae	Microcystis	supervised
GCF_009792235.1_ASM979223v1_genomic	Microcystis aeruginosa		Cyanobacteriota	Cyanophyceae	Chroococcales	Microcystaceae	Microcystis	supervised
GCF_032919725.1_ASM3291972v1_genomic	Leuconostoc mesenteroides		Bacillota	Bacilli	Lactobacillales	Lactobacillaceae	Leuconostoc	supervised
GCF_020244605.1_ASM2024460v1_genomic	Microcystis sp. M60BS1		Cyanobacteriota	Cyanophyceae	Chroococcales	Microcystaceae	Microcystis	supervised
GCF_902622435.1_AG-893-K05_genomic	uncultured Prochlorococcus sp.		Cyanobacteriota	Cyanophyceae	Synechococcales	Prochlorococcaceae	Prochlorococcus	supervised
GCF_014698505.1_ASM1469850v1_genomic	Nostoc foliaceum		Cyanobacteriota	Cyanophyceae	Nostocales	Nostocaceae	Nostoc	supervised
GCF_047302985.1_ASM4730298v1_genomic	Prochlorococcus sp. MIT 0707		Cyanobacteriota	Cyanophyceae	Synechococcales	Prochlorococcaceae	Prochlorococcus	supervised
GCF_028620005.1_ASM2862000v1_genomic	Leuconostoc mesenteroides		Bacillota	Bacilli	Lactobacillales	Lactobacillaceae	Leuconostoc	supervised
GCF_020245305.1_ASM2024530v1_genomic	Microcystis sp. M20BS1		Cyanobacteriota	Cyanophyceae	Chroococcales	Microcystaceae	Microcystis	supervised
GCF_016624925.1_S50_genomic	Leuconostoc sp. S50		Bacillota	Bacilli	Lactobacillales	Lactobacillaceae	Leuconostoc	supervised
GCF_009811835.1_ASM981183v1_genomic	Microcystis aeruginosa		Cyanobacteriota	Cyanophyceae	Chroococcales	Microcystaceae	Microcystis	supervised
GCF_000015965.1_ASM1596v1_genomic	Prochlorococcus marinus		Cyanobacteriota	Cyanophyceae	Synechococcales	Prochlorococcaceae	Prochlorococcus	supervised
GCF_030553035.1_ASM3055303v1_genomic	Microcystis aeruginosa		Cyanobacteriota	Cyanophyceae	Chroococcales	Microcystaceae	Microcystis	supervised
GCF_014279815.1_ASM1427981v1_genomic	Synechococcus sp. NOUM97013		Cyanobacteriota	Cyanophyceae	Synechococcales	Synechococcaceae	Synechococcus	supervised
GCF_000012525.1_ASM1252v1_genomic	Synechococcus elongatus		Cyanobacteriota	Cyanophyceae	Synechococcales	Synechococcaceae	Synechococcus	supervised
GCF_020245985.1_ASM2024598v1_genomic	Microcystis sp. M152S2		Cyanobacteriota	Cyanophyceae	Chroococcales	Microcystaceae	Microcystis	supervised
GCF_046299635.1_ASM4629963v1_genomic	Thermosynechococcus sp.		Cyanobacteriota	Cyanophyceae	Acaryochloridales	Thermosynechococcaceae	Thermosynechococcus	supervised
GCF_033174725.1_ASM3317472v1_genomic	Leuconostoc mesenteroides		Bacillota	Bacilli	Lactobacillales	Lactobacillaceae	Leuconostoc	supervised
GCF_001521855.1_ASM152185v1_genomic	Picosynechococcus sp. PCC 73109		Cyanobacteriota	Cyanophyceae	Chroococcales	Geminocystaceae	Picosynechococcus	supervised
GCF_000013225.1_ASM1322v1_genomic	Synechococcus sp. JA-2-3B'a(2-13)		Cyanobacteriota	Cyanophyceae	Synechococcales	Synechococcaceae	Synechococcus	supervised
GCF_019048965.1_ASM1904896v1_genomic	Leuconostoc mesenteroides		Bacillota	Bacilli	Lactobacillales	Lactobacillaceae	Leuconostoc	supervised
GCF_036670205.1_ASM3667020v1_genomic	GCF_036670205.1_ASM3667020v1_genomic							supervised
GCF_027530405.1_ASM2753040v1_genomic	Microcystis sp. LE19-41.2A		Cyanobacteriota	Cyanophyceae	Chroococcales	Microcystaceae	Microcystis	supervised
GCF_015840525.1_ASM1584052v1_genomic	Synechococcus sp. CBW1006		Cyanobacteriota	Cyanophyceae	Synechococcales	Synechococcaceae	Synechococcus	supervised
GCF_002949795.1_ASM294979v1_genomic	Nostoc sp. 'Lobaria pulmonaria (5183) cyanobiont'		Cyanobacteriota	Cyanophyceae	Nostocales	Nostocaceae	Nostoc	supervised
GCF_047723515.1_ASM4772351v1_genomic	Leuconostoc suionicum		Bacillota	Bacilli	Lactobacillales	Lactobacillaceae	Leuconostoc	supervised
GCF_019927085.1_ASM1992708v1_genomic	Leuconostoc mesenteroides		Bacillota	Bacilli	Lactobacillales	Lactobacillaceae	Leuconostoc	supervised
GCF_036919655.1_ASM3691965v1_genomic	Nostoc sp.		Cyanobacteriota	Cyanophyceae	Nostocales	Nostocaceae	Nostoc	supervised
GCF_047302875.1_ASM4730287v1_genomic	Prochlorococcus marinus		Cyanobacteriota	Cyanophyceae	Synechococcales	Prochlorococcaceae	Prochlorococcus	supervised
GCF_000239915.1_ASM23991v2_genomic	Leuconostoc citreum		Bacillota	Bacilli	Lactobacillales	Lactobacillaceae	Leuconostoc	supervised
GCF_964186925.1_AMBV-1431_genomic	Leuconostoc mesenteroides		Bacillota	Bacilli	Lactobacillales	Lactobacillaceae	Leuconostoc	supervised
GCF_020244905.1_ASM2024490v1_genomic	Microcystis sp. M42BS1		Cyanobacteriota	Cyanophyceae	Chroococcales	Microcystaceae	Microcystis	supervised
GCF_027676125.1_ASM2767612v1_genomic	Leuconostoc citreum		Bacillota	Bacilli	Lactobacillales	Lactobacillaceae	Leuconostoc	supervised
GCF_031583295.1_ASM3158329v1_genomic	Thermosynechococcus sp. PKX95		Cyanobacteriota	Cyanophyceae	Acaryochloridales	Thermosynechococcaceae	Thermosynechococcus	supervised
GCF_017696055.1_ASM1769605v1_genomic	Prochlorococcus marinus		Cyanobacteriota	Cyanophyceae	Synechococcales	Prochlorococcaceae	Prochlorococcus	supervised
GCF_020246685.1_ASM2024668v1_genomic	Microcystis sp. M043S1		Cyanobacteriota	Cyanophyceae	Chroococcales	Microcystaceae	Microcystis	supervised
GCF_047304545.1_ASM4730454v1_genomic	Synechococcus sp. MIT S9501		Cyanobacteriota	Cyanophyceae	Synechococcales	Synechococcaceae	Synechococcus	supervised
GCF_024345995.1_ASM2434599v1_genomic	Synechococcus sp. Cruz-7E5		Cyanobacteriota	Cyanophyceae	Synechococcales	Synechococcaceae	Synechococcus	supervised
GCF_005049065.1_ASM504906v1_genomic	Leuconostoc mesenteroides		Bacillota	Bacilli	Lactobacillales	Lactobacillaceae	Leuconostoc	supervised
GCF_964187065.1_AMBP-0236_genomic	Leuconostoc suionicum		Bacillota	Bacilli	Lactobacillales	Lactobacillaceae	Leuconostoc	supervised
GCF_023743975.1_ASM2374397v1_genomic	Leuconostoc mesenteroides		Bacillota	Bacilli	Lactobacillales	Lactobacillaceae	Leuconostoc	supervised
GCF_001040845.1_ASM104084v1_genomic	Synechococcus sp. WH 8020		Cyanobacteriota	Cyanophyceae	Synechococcales	Synechococcaceae	Synechococcus	supervised
GCF_047723095.1_ASM4772309v1_genomic	Leuconostoc pseudomesenteroides		Bacillota	Bacilli	Lactobacillales	Lactobacillaceae	Leuconostoc	supervised
GCF_047303465.1_ASM4730346v1_genomic	Prochlorococcus sp. MIT 0703		Cyanobacteriota	Cyanophyceae	Synechococcales	Prochlorococcaceae	Prochlorococcus	supervised
GCF_964187075.1_AMBF-0166_genomic	Leuconostoc mesenteroides		Bacillota	Bacilli	Lactobacillales	Lactobacillaceae	Leuconostoc	supervised
GCF_045063855.1_ASM4506385v1_genomic	Leuconostoc mesenteroides		Bacillota	Bacilli	Lactobacillales	Lactobacillaceae	Leuconostoc	supervised
GCF_002760445.1_ASM276044v1_genomic	Synechococcus sp. 65AY640		Cyanobacteriota	Cyanophyceae	Synechococcales	Synechococcaceae	Synechococcus	supervised
GCF_025188725.1_ASM2518872v1_genomic	Leuconostoc citreum		Bacillota	Bacilli	Lactobacillales	Lactobacillaceae	Leuconostoc	supervised
GCF_017114965.1_ASM1711496v1_genomic	Nostoc sp. JL31		Cyanobacteriota	Cyanophyceae	Nostocales	Nostocaceae	Nostoc	supervised
GCF_019324835.1_ASM1932483v1_genomic	Prochlorococcus marinus		Cyanobacteriota	Cyanophyceae	Synechococcales	Prochlorococcaceae	Prochlorococcus	supervised
GCF_030518735.1_ASM3051873v1_genomic	Thermosynechococcus sp. JY1339		Cyanobacteriota	Cyanophyceae	Acaryochloridales	Thermosynechococcaceae	Thermosynechococcus	supervised
GCF_036916855.1_ASM3691685v1_genomic	Nostoc sp.		Cyanobacteriota	Cyanophyceae	Nostocales	Nostocaceae	Nostoc	supervised
GCF_039871445.1_ASM3987144v1_genomic	Leuconostoc falkenbergense		Bacillota	Bacilli	Lactobacillales	Lactobacillaceae	Leuconostoc	supervised
GCF_025189045.1_ASM2518904v1_genomic	Leuconostoc lactis		Bacillota	Bacilli	Lactobacillales	Lactobacillaceae	Leuconostoc	supervised
GCF_047228265.1_ASM4722826v1_genomic	Nostoc sp. UIC 10607		Cyanobacteriota	Cyanophyceae	Nostocales	Nostocaceae	Nostoc	supervised
GCF_020829645.1_ASM2082964v1_genomic	Nostoc mirabile		Cyanobacteriota	Cyanophyceae	Nostocales	Nostocaceae	Nostoc	supervised
GCF_024345695.1_ASM2434569v1_genomic	Synechococcus sp. L2F		Cyanobacteriota	Cyanophyceae	Synechococcales	Synechococcaceae	Synechococcus	supervised
GCF_031460915.1_ASM3146091v1_genomic	Thermosynechococcus sp. TG252		Cyanobacteriota	Cyanophyceae	Acaryochloridales	Thermosynechococcaceae	Thermosynechococcus	supervised
GCF_020089325.1_ASM2008932v1_genomic	Leuconostoc gelidum		Bacillota	Bacilli	Lactobacillales	Lactobacillaceae	Leuconostoc	supervised
GCF_002897135.1_NcycadaeWK-1_v1_genomic	Nostoc cycadae		Cyanobacteriota	Cyanophyceae	Nostocales	Nostocaceae	Nostoc	supervised
GCF_009712085.1_ASM971208v1_genomic	Anabaena sp. UHCC 0253		Cyanobacteriota	Cyanophyceae	Nostocales	Nostocaceae	Anabaena	supervised
GCF_009372195.1_ASM937219v1_genomic	Nostoc sphaeroides		Cyanobacteriota	Cyanophyceae	Nostocales	Nostocaceae	Nostoc	supervised
GCF_001632145.1_ASM163214v1_genomic	Prochlorococcus marinus		Cyanobacteriota	Cyanophyceae	Synechococcales	Prochlorococcaceae	Prochlorococcus	supervised
GCF_024346035.1_ASM2434603v1_genomic	Synechococcus sp. Cruz CV-v-12		Cyanobacteriota	Cyanophyceae	Synechococcales	Synechococcaceae	Synechococcus	supervised
GCF_034530835.1_ASM3453083v1_genomic	Nostoc sp. DedQUE12b		Cyanobacteriota	Cyanophyceae	Nostocales	Nostocaceae	Nostoc	supervised
GCF_025188545.1_ASM2518854v1_genomic	Leuconostoc citreum		Bacillota	Bacilli	Lactobacillales	Lactobacillaceae	Leuconostoc	supervised
GCF_020246245.1_ASM2024624v1_genomic	Microcystis sp. M114S2		Cyanobacteriota	Cyanophyceae	Chroococcales	Microcystaceae	Microcystis	supervised
GCF_019325055.1_ASM1932505v1_genomic	Prochlorococcus marinus		Cyanobacteriota	Cyanophyceae	Synechococcales	Prochlorococcaceae	Prochlorococcus	supervised
GCF_046297055.1_ASM4629705v1_genomic	Microcystis sp.		Cyanobacteriota	Cyanophyceae	Chroococcales	Microcystaceae	Microcystis	supervised
GCF_002252635.1_ASM225263v1_genomic	Synechococcus sp. MW101C3		Cyanobacteriota	Cyanophyceae	Synechococcales	Synechococcaceae	Synechococcus	supervised
GCF_036917035.1_ASM3691703v1_genomic	Nostoc sp.		Cyanobacteriota	Cyanophyceae	Nostocales	Nostocaceae	Nostoc	supervised
GCF_017115105.1_ASM1711510v1_genomic	Nostoc sp. NMS2		Cyanobacteriota	Cyanophyceae	Nostocales	Nostocaceae	Nostoc	supervised
GCF_003113895.1_ASM311389v1_genomic	Nostoc commune		Cyanobacteriota	Cyanophyceae	Nostocales	Nostocaceae	Nostoc	supervised
GCF_020245685.1_ASM2024568v1_genomic	Microcystis sp. M043S2		Cyanobacteriota	Cyanophyceae	Chroococcales	Microcystaceae	Microcystis	supervised
GCF_028331205.1_ASM2833120v1_genomic	Microcystis aeruginosa		Cyanobacteriota	Cyanophyceae	Chroococcales	Microcystaceae	Microcystis	supervised
GCF_021253825.1_ASM2125382v1_genomic	Leuconostoc mesenteroides		Bacillota	Bacilli	Lactobacillales	Lactobacillaceae	Leuconostoc	supervised
GCF_013393925.1_ASM1339392v1_genomic	Nostoc sp. C057		Cyanobacteriota	Cyanophyceae	Nostocales	Nostocaceae	Nostoc	supervised
GCF_000775285.1_ASM77528v1_genomic	Neosynechococcus sphagnicola		Cyanobacteriota	Cyanophyceae	Neosynechococcales	Neosynechococcaceae	Neosynechococcus	supervised
GCF_039871315.1_ASM3987131v1_genomic	Leuconostoc mesenteroides		Bacillota	Bacilli	Lactobacillales	Lactobacillaceae	Leuconostoc	supervised
GCF_034531035.1_ASM3453103v2_genomic	Nostoc sp. DedQUE02		Cyanobacteriota	Cyanophyceae	Nostocales	Nostocaceae	Nostoc	supervised
GCF_007095495.1_ASM709549v1_genomic	Microcystis sp. M_QC_C_20170808_M9Col		Cyanobacteriota	Cyanophyceae	Chroococcales	Microcystaceae	Microcystis	supervised
GCF_029335995.1_ASM2933599v2_genomic	Thermosynechococcus sp. Uc		Cyanobacteriota	Cyanophyceae	Acaryochloridales	Thermosynechococcaceae	Thermosynechococcus	supervised
GCF_047462055.1_ASM4746205v1_genomic	Synechococcus sp. R5-16		Cyanobacteriota	Cyanophyceae	Synechococcales	Synechococcaceae	Synechococcus	supervised
GCF_020246025.1_ASM2024602v1_genomic	Microcystis sp. M155S2		Cyanobacteriota	Cyanophyceae	Chroococcales	Microcystaceae	Microcystis	supervised
GCF_004194375.1_ASM419437v1_genomic	Leuconostoc mesenteroides		Bacillota	Bacilli	Lactobacillales	Lactobacillaceae	Leuconostoc	supervised
GCF_047462235.1_ASM4746223v1_genomic	Synechococcus sp. H65.1		Cyanobacteriota	Cyanophyceae	Synechococcales	Synechococcaceae	Synechococcus	supervised
GCF_028619805.1_ASM2861980v1_genomic	Leuconostoc mesenteroides		Bacillota	Bacilli	Lactobacillales	Lactobacillaceae	Leuconostoc	supervised
GCF_000759855.1_ASM75985v1_genomic	Prochlorococcus marinus		Cyanobacteriota	Cyanophyceae	Synechococcales	Prochlorococcaceae	Prochlorococcus	supervised
GCF_036670195.1_ASM3667019v1_genomic	Leuconostoc falkenbergense		Bacillota	Bacilli	Lactobacillales	Lactobacillaceae	Leuconostoc	supervised
GCF_036916755.1_ASM3691675v1_genomic	Nostoc sp.		Cyanobacteriota	Cyanophyceae	Nostocales	Nostocaceae	Nostoc	supervised
GCF_045527905.1_ASM4552790v1_genomic	Leuconostoc mesenteroides		Bacillota	Bacilli	Lactobacillales	Lactobacillaceae	Leuconostoc	supervised
GCF_046308555.1_ASM4630855v1_genomic	Microcystis sp.		Cyanobacteriota	Cyanophyceae	Chroococcales	Microcystaceae	Microcystis	supervised
GCF_007990165.1_ASM799016v1_genomic	Leuconostoc mesenteroides		Bacillota	Bacilli	Lactobacillales	Lactobacillaceae	Leuconostoc	supervised
GCF_001515385.1_ASM151538v1_genomic	Leuconostoc mesenteroides		Bacillota	Bacilli	Lactobacillales	Lactobacillaceae	Leuconostoc	supervised
GCF_031583435.1_ASM3158343v1_genomic	Thermosynechococcus sp. GLH87		Cyanobacteriota	Cyanophyceae	Acaryochloridales	Thermosynechococcaceae	Thermosynechococcus	supervised
GCF_036917255.1_ASM3691725v1_genomic	Nostoc sp.		Cyanobacteriota	Cyanophyceae	Nostocales	Nostocaceae	Nostoc	supervised
GCF_027531105.1_ASM2753110v1_genomic	Microcystis sp. LE18-22.4A		Cyanobacteriota	Cyanophyceae	Chroococcales	Microcystaceae	Microcystis	supervised
GCF_014280195.1_ASM1428019v1_genomic	Synechococcus sp. A15-24		Cyanobacteriota	Cyanophyceae	Synechococcales	Synechococcaceae	Synechococcus	supervised
GCF_014696715.1_ASM1469671v1_genomic	Pseudanabaena sp. FACHB-2040		Cyanobacteriota	Cyanophyceae	Pseudanabaenales	Pseudanabaenaceae	Pseudanabaena	supervised
GCF_963920505.1_KAC_106_genomic	Synechococcus sp. CBW1107		Cyanobacteriota	Cyanophyceae	Synechococcales	Synechococcaceae	Synechococcus	supervised
GCF_020088925.1_ASM2008892v1_genomic	Leuconostoc gasicomitatum		Bacillota	Bacilli	Lactobacillales	Lactobacillaceae	Leuconostoc	supervised
GCF_014224335.1_ASM1422433v1_genomic	Synechococcus sp. BSF8S		Cyanobacteriota	Cyanophyceae	Synechococcales	Synechococcaceae	Synechococcus	supervised
Babesia_sp_xinjiang_gca_002095265.B_xinjiang1.0.dna.toplevel	Babesia sp		Apicomplexa	Aconoidasida	Piroplasmida	Babesiidae	Babesia	unsupervised
Plasmodium_sp_drc_itaito_gca_900240055.PGABG02.dna.toplevel	Plasmodium sp		Apicomplexa	Aconoidasida	Haemosporida	Plasmodiidae	Plasmodium	unsupervised
Cryptosporidium_parvum_iowa_ii_gca_000165345.ASM16534v1.dna.toplevel	Cryptosporidium parvum		Apicomplexa	Conoidasida	Eucoccidiorida	Cryptosporidiidae	Cryptosporidium	unsupervised
Plasmodium_ovale_gca_900090025.PowCR01.dna.toplevel	Plasmodium ovale		Apicomplexa	Aconoidasida	Haemosporida	Plasmodiidae	Plasmodium	unsupervised
Plasmodium_berghei_gca_900095585.PbSP11RLL.dna.toplevel	Plasmodium berghei		Apicomplexa	Aconoidasida	Haemosporida	Plasmodiidae	Plasmodium	unsupervised
Theileria_orientalis_gca_003072525.ASM307252v1.dna.toplevel	Theileria orientalis		Apicomplexa	Aconoidasida	Piroplasmida	Theileriidae	Theileria	unsupervised
Theileria_parva_gca_000165365.ASM16536v1.dna.toplevel	Theileria parva		Apicomplexa	Aconoidasida	Piroplasmida	Theileriidae	Theileria	unsupervised
Plasmodium_chabaudi_chabaudi_gca_900095605.PchCB.dna.toplevel	Plasmodium chabaudi		Apicomplexa	Aconoidasida	Haemosporida	Plasmodiidae	Plasmodium	unsupervised
Cryptosporidium_andersoni_gca_001865355.ASM186535v1.dna.toplevel	Cryptosporidium andersoni		Apicomplexa	Conoidasida	Eucoccidiorida	Cryptosporidiidae	Cryptosporidium	unsupervised
Cryptomonas_paramecium_gca_000194455.ASM19445v1.dna.toplevel	Cryptomonas paramecium			Cryptophyceae	Cryptomonadales	Cryptomonadaceae	Cryptomonas	unsupervised
Plasmodium_sp_gorilla_clade_g2_gca_900097015.PADLG01.dna.toplevel	Plasmodium sp		Apicomplexa	Aconoidasida	Haemosporida	Plasmodiidae	Plasmodium	unsupervised
Theileria_equi_strain_wa_gca_000342415.JCVI-bewag-v1.1.dna.toplevel	Theileria equi		Apicomplexa	Aconoidasida	Piroplasmida	Theileriidae	Theileria	unsupervised
Plasmodium_berghei_gca_900088445.PbNK65E.dna.toplevel	Plasmodium berghei		Apicomplexa	Aconoidasida	Haemosporida	Plasmodiidae	Plasmodium	unsupervised
Plasmodium_chabaudi_adami_gca_900095565.PchDK.dna.toplevel	Plasmodium chabaudi		Apicomplexa	Aconoidasida	Haemosporida	Plasmodiidae	Plasmodium	unsupervised
Plasmodium_vivax_gca_900093555.PvP01.dna.toplevel	Plasmodium vivax		Apicomplexa	Aconoidasida	Haemosporida	Plasmodiidae	Plasmodium	unsupervised
Plasmodium_reichenowi_gca_900097025.PRG01.dna.toplevel	Plasmodium reichenowi		Apicomplexa	Aconoidasida	Haemosporida	Plasmodiidae	Plasmodium	unsupervised
Plasmodium_berghei_gca_900095635.PbSP11A.dna.toplevel	Plasmodium berghei		Apicomplexa	Aconoidasida	Haemosporida	Plasmodiidae	Plasmodium	unsupervised
Chroomonas_mesostigmatica_ccmp1168_gca_000286095.ASM28609v1.dna.toplevel	Chroomonas mesostigmatica			Cryptophyceae	Pyrenomonadales	Chroomonadaceae	Chroomonas	unsupervised
Giardia_intestinalis_gca_000498735.ASM49873v1.dna.toplevel	Giardia duodenalis		Fornicata		Diplomonadida	Hexamitidae	Giardia	unsupervised
Cryptosporidium_ubiquitum_gca_001865345.ASM186534v1.dna.toplevel	Cryptosporidium ubiquitum		Apicomplexa	Conoidasida	Eucoccidiorida	Cryptosporidiidae	Cryptosporidium	unsupervised
Cryptosporidium_muris_rn66_gca_000006515.JCVI-cmg-v1.0.dna.toplevel	Cryptosporidium muris		Apicomplexa	Conoidasida	Eucoccidiorida	Cryptosporidiidae	Cryptosporidium	unsupervised
Plasmodium_vinckei_petteri_gca_000524515.Plas_vinc_pett_CR_V1.dna.toplevel	Plasmodium vinckei		Apicomplexa	Aconoidasida	Haemosporida	Plasmodiidae	Plasmodium	unsupervised
Plasmodium_berghei_gca_900044335.PbK173.dna.toplevel	Plasmodium berghei		Apicomplexa	Aconoidasida	Haemosporida	Plasmodiidae	Plasmodium	unsupervised
Perkinsela_sp_ccap_1560_4_gca_001235845.ASM123584v1.dna.toplevel	Perkinsela sp		Euglenozoa	Kinetoplastea		Ichthyobodonidae	Perkinsela	unsupervised
Theileria_orientalis_strain_shintoku_gca_000740895.ASM74089v1.dna.toplevel	Theileria orientalis		Apicomplexa	Aconoidasida	Piroplasmida	Theileriidae	Theileria	unsupervised
Babesia_ovata_gca_002897235.Bovata_7.1.dna.toplevel	Babesia ovata		Apicomplexa	Aconoidasida	Piroplasmida	Babesiidae	Babesia	unsupervised
Plasmodium_sp_drc_itaito_gca_900257145.Plasmodium_billcollinsi.dna.toplevel	Plasmodium sp		Apicomplexa	Aconoidasida	Haemosporida	Plasmodiidae	Plasmodium	unsupervised
Babesia_bovis_gca_000165395.ASM16539v1.dna.toplevel	Babesia bovis		Apicomplexa	Aconoidasida	Piroplasmida	Babesiidae	Babesia	unsupervised
Cryptosporidium_meleagridis_gca_001593445.CryMelUKMEL1-1.0.dna.toplevel	Cryptosporidium meleagridis		Apicomplexa	Conoidasida	Eucoccidiorida	Cryptosporidiidae	Cryptosporidium	unsupervised
GCA_037935595.1	[Candida] boidinii		Ascomycota	Pichiomycetes	Pichiales	Pichiaceae	Ogataea	unsupervised
GCF_036417295.1	Cryptococcus decagattii		Basidiomycota	Tremellomycetes	Tremellales	Cryptococcaceae	Cryptococcus	unsupervised
GCA_014826065.1	Anthracocystis panici-leucophaei		Basidiomycota	Ustilaginomycetes	Ustilaginales	Ustilaginaceae	Anthracocystis	unsupervised
GCF_000185945.1	Cryptococcus gattii		Basidiomycota	Tremellomycetes	Tremellales	Cryptococcaceae	Cryptococcus	unsupervised
GCF_002954075.1	Cryptococcus deuterogattii		Basidiomycota	Tremellomycetes	Tremellales	Cryptococcaceae	Cryptococcus	unsupervised
GCF_020829465.1_ASM2082946v1_genomic	Nostoc sphaeroides		Cyanobacteriota	Cyanophyceae	Nostocales	Nostocaceae	Nostoc	supervised
GCF_019325015.1_ASM1932501v1_genomic	Prochlorococcus marinus		Cyanobacteriota	Cyanophyceae	Synechococcales	Prochlorococcaceae	Prochlorococcus	supervised
GCF_900474015.1_UW106_genomic	Synechococcus sp. UW106		Cyanobacteriota	Cyanophyceae	Synechococcales	Synechococcaceae	Synechococcus	supervised
GCF_017696275.1_ASM1769627v1_genomic	Prochlorococcus marinus		Cyanobacteriota	Cyanophyceae	Synechococcales	Prochlorococcaceae	Prochlorococcus	supervised
GCF_041747015.1_ASM4174701v1_genomic	Nostoc sp.		Cyanobacteriota	Cyanophyceae	Nostocales	Nostocaceae	Nostoc	supervised
GCF_028618935.1_ASM2861893v1_genomic	Leuconostoc mesenteroides		Bacillota	Bacilli	Lactobacillales	Lactobacillaceae	Leuconostoc	supervised
GCF_020089105.1_ASM2008910v1_genomic	Leuconostoc gasicomitatum		Bacillota	Bacilli	Lactobacillales	Lactobacillaceae	Leuconostoc	supervised
GCF_005577135.1_ASM557713v1_genomic	Picosynechococcus sp. PCC 11901		Cyanobacteriota	Cyanophyceae	Chroococcales	Geminocystaceae	Picosynechococcus	supervised
GCF_001298445.1_ASM129844v1_genomic	Nostoc piscinale		Cyanobacteriota	Cyanophyceae	Nostocales	Nostocaceae	Nostoc	supervised
GCF_000239895.1_ASM23989v2_genomic	Leuconostoc citreum		Bacillota	Bacilli	Lactobacillales	Lactobacillaceae	Leuconostoc	supervised
GCF_033142025.1_ASM3314202v1_genomic	Leuconostoc suionicum		Bacillota	Bacilli	Lactobacillales	Lactobacillaceae	Leuconostoc	supervised
GCF_003712105.1_ASM371210v1_genomic	Winogradskyella sp.		Bacteroidota	Flavobacteriia	Flavobacteriales	Flavobacteriaceae	Winogradskyella	supervised
GCF_000316685.1_ASM31668v1_genomic	Synechococcus sp. PCC 6312		Cyanobacteriota	Cyanophyceae	Synechococcales	Synechococcaceae	Synechococcus	supervised
GCF_014697625.1_ASM1469762v1_genomic	Anabaena azotica		Cyanobacteriota	Cyanophyceae	Nostocales	Nostocaceae	Anabaena	supervised
GCF_036918175.1_ASM3691817v1_genomic	Nostoc sp.		Cyanobacteriota	Cyanophyceae	Nostocales	Nostocaceae	Nostoc	supervised
GCF_034530635.1_ASM3453063v1_genomic	Nostoc sp. EspVER01		Cyanobacteriota	Cyanophyceae	Nostocales	Nostocaceae	Nostoc	supervised
GCF_001632025.1_ASM163202v1_genomic	Prochlorococcus marinus		Cyanobacteriota	Cyanophyceae	Synechococcales	Prochlorococcaceae	Prochlorococcus	supervised
GCF_000312245.1_ASM31224v1_genomic	Microcystis aeruginosa		Cyanobacteriota	Cyanophyceae	Chroococcales	Microcystaceae	Microcystis	supervised
GCF_009792915.1_ASM979291v1_genomic	Leuconostoc citreum		Bacillota	Bacilli	Lactobacillales	Lactobacillaceae	Leuconostoc	supervised
GCF_036916715.1_ASM3691671v1_genomic	Nostoc sp.		Cyanobacteriota	Cyanophyceae	Nostocales	Nostocaceae	Nostoc	supervised
GCF_030017125.1_ASM3001712v1_genomic	Leuconostoc suionicum		Bacillota	Bacilli	Lactobacillales	Lactobacillaceae	Leuconostoc	supervised
GCF_008690785.1_ASM869078v1_genomic	Leuconostoc carnosum		Bacillota	Bacilli	Lactobacillales	Lactobacillaceae	Leuconostoc	supervised
GCF_002092565.1_ASM209256v1_genomic	Leuconostoc mesenteroides		Bacillota	Bacilli	Lactobacillales	Lactobacillaceae	Leuconostoc	supervised
GCF_925293145.1_IM1329_genomic	Leuconostoc citreum		Bacillota	Bacilli	Lactobacillales	Lactobacillaceae	Leuconostoc	supervised
GCF_014279855.1_ASM1427985v1_genomic	Synechococcus sp. Minos11		Cyanobacteriota	Cyanophyceae	Synechococcales	Synechococcaceae	Synechococcus	supervised
GCF_047302735.1_ASM4730273v1_genomic	Synechococcus sp. Cu2B8-bc1011		Cyanobacteriota	Cyanophyceae	Synechococcales	Synechococcaceae	Synechococcus	supervised
GCF_036919615.1_ASM3691961v1_genomic	Nostoc sp.		Cyanobacteriota	Cyanophyceae	Nostocales	Nostocaceae	Nostoc	supervised
GCF_000179235.2_ASM17923v2_genomic	Synechococcus sp. CB0101		Cyanobacteriota	Cyanophyceae	Synechococcales	Synechococcaceae	Synechococcus	supervised
GCF_937871055.1_SRR6158308_bin.49_CONCOCT_v1.1_MAG_genomic	uncultured Synechococcus sp.		Cyanobacteriota	Cyanophyceae	Synechococcales	Synechococcaceae	Synechococcus	supervised
GCF_019038475.1_ASM1903847v1_genomic	Synechococcus sp. CCAP 1479/13		Cyanobacteriota	Cyanophyceae	Synechococcales	Synechococcaceae	Synechococcus	supervised
GCF_025188625.1_ASM2518862v1_genomic	Leuconostoc citreum		Bacillota	Bacilli	Lactobacillales	Lactobacillaceae	Leuconostoc	supervised
GCF_034092395.1_ASM3409239v1_genomic	Prochlorococcus sp. MIT 1307		Cyanobacteriota	Cyanophyceae	Synechococcales	Prochlorococcaceae	Prochlorococcus	supervised
GCF_009497095.1_ASM949709v1_genomic	Leuconostoc mesenteroides		Bacillota	Bacilli	Lactobacillales	Lactobacillaceae	Leuconostoc	supervised
GCF_020245555.1_ASM2024555v1_genomic	Microcystis sp. M064S2		Cyanobacteriota	Cyanophyceae	Chroococcales	Microcystaceae	Microcystis	supervised
GCF_047462335.1_ASM4746233v1_genomic	Synechococcus sp. H60.1		Cyanobacteriota	Cyanophyceae	Synechococcales	Synechococcaceae	Synechococcus	supervised
GCF_020246065.1_ASM2024606v1_genomic	Microcystis sp. M144S2		Cyanobacteriota	Cyanophyceae	Chroococcales	Microcystaceae	Microcystis	supervised
GCF_002092145.1_ASM209214v1_genomic	Leuconostoc mesenteroides		Bacillota	Bacilli	Lactobacillales	Lactobacillaceae	Leuconostoc	supervised
GCF_964186785.1_AMBC-0001-G11_genomic	Leuconostoc mesenteroides		Bacillota	Bacilli	Lactobacillales	Lactobacillaceae	Leuconostoc	supervised
GCF_020708975.1_ASM2070897v1_genomic	Leuconostoc lactis		Bacillota	Bacilli	Lactobacillales	Lactobacillaceae	Leuconostoc	supervised
GCF_000760375.1_ASM76037v1_genomic	Prochlorococcus sp. SS52		Cyanobacteriota	Cyanophyceae	Synechococcales	Prochlorococcaceae	Prochlorococcus	supervised
GCF_047727265.1_ASM4772726v1_genomic	Leuconostoc pseudomesenteroides		Bacillota	Bacilli	Lactobacillales	Lactobacillaceae	Leuconostoc	supervised
GCF_047462015.1_ASM4746201v1_genomic	Synechococcus sp. R5-13		Cyanobacteriota	Cyanophyceae	Synechococcales	Synechococcaceae	Synechococcus	supervised
GCF_938046525.1_ERR2198617_bin.63_CONCOCT_v1.1_MAG_genomic	uncultured Leuconostoc sp.		Bacillota	Bacilli	Lactobacillales	Lactobacillaceae	Leuconostoc	supervised
GCF_036916815.1_ASM3691681v1_genomic	Nostoc sp.		Cyanobacteriota	Cyanophyceae	Nostocales	Nostocaceae	Nostoc	supervised
GCF_000787675.1_ASM78767v1_genomic	Microcystis aeruginosa		Cyanobacteriota	Cyanophyceae	Chroococcales	Microcystaceae	Microcystis	supervised
GCF_015207005.2_ASM1520700v2_genomic	Desmonostoc muscorum		Cyanobacteriota	Cyanophyceae	Nostocales	Nostocaceae	Desmonostoc	supervised
GCF_015295825.1_ASM1529582v1_genomic	Thermosynechococcus sp. M98_K2018_005		Cyanobacteriota	Cyanophyceae	Acaryochloridales	Thermosynechococcaceae	Thermosynechococcus	supervised
GCF_002245975.1_ASM224597v1_genomic	Nostoc sp. 'Peltigera membranacea cyanobiont' 213		Cyanobacteriota	Cyanophyceae	Nostocales	Nostocaceae	Nostoc	supervised
GCF_028619465.1_ASM2861946v1_genomic	Leuconostoc mesenteroides		Bacillota	Bacilli	Lactobacillales	Lactobacillaceae	Leuconostoc	supervised
GCF_037201945.1_ASM3720194v1_genomic	Leuconostoc mesenteroides		Bacillota	Bacilli	Lactobacillales	Lactobacillaceae	Leuconostoc	supervised
GCF_036917215.1_ASM3691721v1_genomic	Nostoc sp.		Cyanobacteriota	Cyanophyceae	Nostocales	Nostocaceae	Nostoc	supervised
GCF_025122255.1_ASM2512225v1_genomic	Leuconostoc citreum		Bacillota	Bacilli	Lactobacillales	Lactobacillaceae	Leuconostoc	supervised
GCF_964244145.1_public_SRR11456918_metawrap_bin.3_genomic	uncultured Nostoc sp.		Cyanobacteriota	Cyanophyceae	Nostocales	Nostocaceae	Nostoc	supervised
GCF_028619595.1_ASM2861959v1_genomic	Leuconostoc mesenteroides		Bacillota	Bacilli	Lactobacillales	Lactobacillaceae	Leuconostoc	supervised
GCF_020244565.1_ASM2024456v1_genomic	Microcystis sp. M62BS1		Cyanobacteriota	Cyanophyceae	Chroococcales	Microcystaceae	Microcystis	supervised
GCF_031433065.1_ASM3143306v1_genomic	Leuconostoc mesenteroides		Bacillota	Bacilli	Lactobacillales	Lactobacillaceae	Leuconostoc	supervised
GCF_014696755.1_ASM1469675v1_genomic	Anabaena sp. FACHB-1391		Cyanobacteriota	Cyanophyceae	Nostocales	Nostocaceae	Anabaena	supervised
GCF_002092495.1_ASM209249v1_genomic	Leuconostoc mesenteroides		Bacillota	Bacilli	Lactobacillales	Lactobacillaceae	Leuconostoc	supervised
GCF_002282935.1_ASM228293v1_genomic	Microcystis sp. LSC13-02		Cyanobacteriota	Cyanophyceae	Chroococcales	Microcystaceae	Microcystis	supervised
GCF_000332215.1_ASM33221v1_genomic	Pseudanabaena biceps		Cyanobacteriota	Cyanophyceae	Pseudanabaenales	Pseudanabaenaceae	Pseudanabaena	supervised
GCF_025127975.1_ASM2512797v1_genomic	Synechococcus sp. CS-1331		Cyanobacteriota	Cyanophyceae	Synechococcales	Synechococcaceae	Synechococcus	supervised
GCF_036916575.1_ASM3691657v1_genomic	Nostoc sp.		Cyanobacteriota	Cyanophyceae	Nostocales	Nostocaceae	Nostoc	supervised
GCF_024346215.1_ASM2434621v1_genomic	Synechococcus lacustris		Cyanobacteriota	Cyanophyceae	Synechococcales	Synechococcaceae	Synechococcus	supervised
GCF_019704275.1_ASM1970427v1_genomic	Microcystis aeruginosa		Cyanobacteriota	Cyanophyceae	Chroococcales	Microcystaceae	Microcystis	supervised
GCF_014279535.1_ASM1427953v1_genomic	Synechococcus sp. TAK9802		Cyanobacteriota	Cyanophyceae	Synechococcales	Synechococcaceae	Synechococcus	supervised
GCF_047305145.1_ASM4730514v1_genomic	Prochlorococcus sp. MIT 9321		Cyanobacteriota	Cyanophyceae	Synechococcales	Prochlorococcaceae	Prochlorococcus	supervised
GCF_001631935.1_ASM163193v1_genomic	Synechococcus sp. MIT S9509		Cyanobacteriota	Cyanophyceae	Synechococcales	Synechococcaceae	Synechococcus	supervised
GCF_047304625.1_ASM4730462v1_genomic	Prochlorococcus sp. MIT 0601		Cyanobacteriota	Cyanophyceae	Synechococcales	Prochlorococcaceae	Prochlorococcus	supervised
GCF_019324985.1_ASM1932498v1_genomic	Prochlorococcus marinus		Cyanobacteriota	Cyanophyceae	Synechococcales	Prochlorococcaceae	Prochlorococcus	supervised
GCF_003346165.1_ASM334616v1_genomic	Leuconostoc mesenteroides		Bacillota	Bacilli	Lactobacillales	Lactobacillaceae	Leuconostoc	supervised
GCF_020089485.1_ASM2008948v1_genomic	Leuconostoc gelidum		Bacillota	Bacilli	Lactobacillales	Lactobacillaceae	Leuconostoc	supervised
GCF_028619905.1_ASM2861990v1_genomic	Leuconostoc mesenteroides		Bacillota	Bacilli	Lactobacillales	Lactobacillaceae	Leuconostoc	supervised
GCF_020245785.1_ASM2024578v1_genomic	Microcystis sp. M025S2		Cyanobacteriota	Cyanophyceae	Chroococcales	Microcystaceae	Microcystis	supervised
GCF_007989545.1_ASM798954v1_genomic	Leuconostoc citreum		Bacillota	Bacilli	Lactobacillales	Lactobacillaceae	Leuconostoc	supervised
GCF_000332585.1_MicAerD1.0_genomic	Microcystis aeruginosa		Cyanobacteriota	Cyanophyceae	Chroococcales	Microcystaceae	Microcystis	supervised
GCF_036916655.1_ASM3691665v1_genomic	Nostoc sp.		Cyanobacteriota	Cyanophyceae	Nostocales	Nostocaceae	Nostoc	supervised
GCF_036917795.1_ASM3691779v1_genomic	Nostoc sp.		Cyanobacteriota	Cyanophyceae	Nostocales	Nostocaceae	Nostoc	supervised
GCF_001672255.1_ASM167225v1_genomic	Anabaena sp. AL09		Cyanobacteriota	Cyanophyceae	Nostocales	Nostocaceae	Anabaena	supervised
GCF_028619335.1_ASM2861933v1_genomic	Leuconostoc mesenteroides		Bacillota	Bacilli	Lactobacillales	Lactobacillaceae	Leuconostoc	supervised
GCF_902626525.1_AH-321-C14_genomic	uncultured Prochlorococcus sp.		Cyanobacteriota	Cyanophyceae	Synechococcales	Prochlorococcaceae	Prochlorococcus	supervised
GCF_015206985.1_ASM1520698v1_genomic	Nostoc sp. LEGE 12447		Cyanobacteriota	Cyanophyceae	Nostocales	Nostocaceae	Nostoc	supervised
GCF_001891125.1_ASM189112v1_genomic	Leuconostoc suionicum		Bacillota	Bacilli	Lactobacillales	Lactobacillaceae	Leuconostoc	supervised
GCF_913031015.1_ERR599153_bin.15_MetaBAT_v2.12.1_MAG_genomic	uncultured Prochlorococcus sp.		Cyanobacteriota	Cyanophyceae	Synechococcales	Prochlorococcaceae	Prochlorococcus	supervised
GCF_025128095.1_ASM2512809v1_genomic	Synechococcus sp. CS-1328		Cyanobacteriota	Cyanophyceae	Synechococcales	Synechococcaceae	Synechococcus	supervised
GCF_000015685.1_ASM1568v1_genomic	Prochlorococcus marinus		Cyanobacteriota	Cyanophyceae	Synechococcales	Prochlorococcaceae	Prochlorococcus	supervised
GCF_034531155.1_ASM3453115v1_genomic	Nostoc sp. ChiVER01		Cyanobacteriota	Cyanophyceae	Nostocales	Nostocaceae	Nostoc	supervised
GCF_042954245.1_ASM4295424v1_genomic	Parasynechococcus sp.		Cyanobacteriota	Cyanophyceae	Synechococcales	Prochlorococcaceae	Parasynechococcus	supervised
GCF_036917895.1_ASM3691789v1_genomic	Nostoc sp.		Cyanobacteriota	Cyanophyceae	Nostocales	Nostocaceae	Nostoc	supervised
GCF_047462275.1_ASM4746227v1_genomic	Synechococcus sp. H70.2		Cyanobacteriota	Cyanophyceae	Synechococcales	Synechococcaceae	Synechococcus	supervised
GCF_005864365.1_ASM586436v1_genomic	Leuconostoc mesenteroides		Bacillota	Bacilli	Lactobacillales	Lactobacillaceae	Leuconostoc	supervised
GCF_009296125.1_ASM929612v1_genomic	Leuconostoc gasicomitatum		Bacillota	Bacilli	Lactobacillales	Lactobacillaceae	Leuconostoc	supervised
GCF_036829415.1_ASM3682941v1_genomic	Leuconostoc lactis		Bacillota	Bacilli	Lactobacillales	Lactobacillaceae	Leuconostoc	supervised
GCF_032003385.1_ASM3200338v1_genomic	Leuconostoc lactis		Bacillota	Bacilli	Lactobacillales	Lactobacillaceae	Leuconostoc	supervised
GCF_000230675.1_ASM23067v1_genomic	Synechococcus sp. WH 8016		Cyanobacteriota	Cyanophyceae	Synechococcales	Synechococcaceae	Synechococcus	supervised
GCF_002721235.1_ASM272123v1_genomic	Synechococcus sp. BDU 130192		Cyanobacteriota	Cyanophyceae	Synechococcales	Synechococcaceae	Synechococcus	supervised
GCF_005869855.1_ASM586985v1_genomic	Nostoc sp. PA-18-2419		Cyanobacteriota	Cyanophyceae	Nostocales	Nostocaceae	Nostoc	supervised
GCF_036917135.1_ASM3691713v1_genomic	Nostoc sp.		Cyanobacteriota	Cyanophyceae	Nostocales	Nostocaceae	Nostoc	supervised
GCF_964186845.1_AMBV-1424_genomic	Leuconostoc mesenteroides		Bacillota	Bacilli	Lactobacillales	Lactobacillaceae	Leuconostoc	supervised
GCF_002092415.1_ASM209241v1_genomic	Leuconostoc mesenteroides		Bacillota	Bacilli	Lactobacillales	Lactobacillaceae	Leuconostoc	supervised
GCF_000155595.1_ASM15559v1_genomic	Synechococcus sp. PCC 7335		Cyanobacteriota	Cyanophyceae	Synechococcales	Synechococcaceae	Synechococcus	supervised
GCF_000759955.1_ASM75995v1_genomic	Prochlorococcus marinus		Cyanobacteriota	Cyanophyceae	Synechococcales	Prochlorococcaceae	Prochlorococcus	supervised
GCF_036918075.1_ASM3691807v1_genomic	Nostoc sp.		Cyanobacteriota	Cyanophyceae	Nostocales	Nostocaceae	Nostoc	supervised
GCF_045527745.1_ASM4552774v1_genomic	Leuconostoc mesenteroides		Bacillota	Bacilli	Lactobacillales	Lactobacillaceae	Leuconostoc	supervised
GCF_034120155.1_ASM3412015v1_genomic	Leuconostoc falkenbergense		Bacillota	Bacilli	Lactobacillales	Lactobacillaceae	Leuconostoc	supervised
GCF_014279955.1_ASM1427995v1_genomic	Synechococcus sp. BMK-MC-1		Cyanobacteriota	Cyanophyceae	Synechococcales	Synechococcaceae	Synechococcus	supervised
GCF_014696225.1_ASM1469622v1_genomic	Anabaena sp. FACHB-1237		Cyanobacteriota	Cyanophyceae	Nostocales	Nostocaceae	Anabaena	supervised
GCF_963896835.1_ena-yuan-GCF_022063185.1_genomic	Nostoc sp. UHCC 0870		Cyanobacteriota	Cyanophyceae	Nostocales	Nostocaceae	Nostoc	supervised
GCF_018257095.1_ASM1825709v1_genomic	Leuconostoc pseudomesenteroides		Bacillota	Bacilli	Lactobacillales	Lactobacillaceae	Leuconostoc	supervised
GCF_014279655.1_ASM1427965v1_genomic	Synechococcus sp. ROS8604		Cyanobacteriota	Cyanophyceae	Synechococcales	Synechococcaceae	Synechococcus	supervised
GCF_031583225.1_ASM3158322v1_genomic	Thermosynechococcus sp. PP555		Cyanobacteriota	Cyanophyceae	Acaryochloridales	Thermosynechococcaceae	Thermosynechococcus	supervised
GCF_020829495.1_ASM2082949v1_genomic	Nostoc favosum		Cyanobacteriota	Cyanophyceae	Nostocales	Nostocaceae	Nostoc	supervised
GCF_014050705.1_ASM1405070v1_genomic	Leuconostoc lactis		Bacillota	Bacilli	Lactobacillales	Lactobacillaceae	Leuconostoc	supervised
GCF_019324885.1_ASM1932488v1_genomic	Prochlorococcus marinus		Cyanobacteriota	Cyanophyceae	Synechococcales	Prochlorococcaceae	Prochlorococcus	supervised
GCF_017115045.1_ASM1711504v1_genomic	Nostoc sp. NMS8		Cyanobacteriota	Cyanophyceae	Nostocales	Nostocaceae	Nostoc	supervised
GCF_028618835.1_ASM2861883v1_genomic	Leuconostoc mesenteroides		Bacillota	Bacilli	Lactobacillales	Lactobacillaceae	Leuconostoc	supervised
GCF_014218745.1_ASM1421874v1_genomic	Microcystis aeruginosa		Cyanobacteriota	Cyanophyceae	Chroococcales	Microcystaceae	Microcystis	supervised
GCF_945903815.1_TrE-03may19-172_genomic	Synechococcus sp. UW140		Cyanobacteriota	Cyanophyceae	Synechococcales	Synechococcaceae	Synechococcus	supervised
GCF_036917995.1_ASM3691799v1_genomic	Nostoc sp.		Cyanobacteriota	Cyanophyceae	Nostocales	Nostocaceae	Nostoc	supervised
GCF_001039265.1_ASM103926v1_genomic	Synechococcus sp. GFB01		Cyanobacteriota	Cyanophyceae	Synechococcales	Synechococcaceae	Synechococcus	supervised
GCF_014634785.1_ASM1463478v1_genomic	Leuconostoc falkenbergense		Bacillota	Bacilli	Lactobacillales	Lactobacillaceae	Leuconostoc	supervised
GCF_009184895.1_ASM918489v1_genomic	Nostocoides sp. F2B08		Actinomycetota	Actinomycetes	Micrococcales	Intrasporangiaceae	Nostocoides	supervised
GCF_030017025.1_ASM3001702v1_genomic	Leuconostoc suionicum		Bacillota	Bacilli	Lactobacillales	Lactobacillaceae	Leuconostoc	supervised
GCF_046344115.1_ASM4634411v1_genomic	Microcystis sp.		Cyanobacteriota	Cyanophyceae	Chroococcales	Microcystaceae	Microcystis	supervised
GCF_964244915.1_public_SRR11456923_metawrap_bin.7_genomic	uncultured Nostoc sp.		Cyanobacteriota	Cyanophyceae	Nostocales	Nostocaceae	Nostoc	supervised
GCF_028619235.1_ASM2861923v1_genomic	Leuconostoc mesenteroides		Bacillota	Bacilli	Lactobacillales	Lactobacillaceae	Leuconostoc	supervised
GCF_032911705.1_ASM3291170v1_genomic	Leuconostoc falkenbergense		Bacillota	Bacilli	Lactobacillales	Lactobacillaceae	Leuconostoc	supervised
GCF_000153285.1_ASM15328v1_genomic	Synechococcus sp. WH 7805		Cyanobacteriota	Cyanophyceae	Synechococcales	Synechococcaceae	Synechococcus	supervised
GCF_965136925.1_CIP110927_genomic	Leuconostoc gasicomitatum		Bacillota	Bacilli	Lactobacillales	Lactobacillaceae	Leuconostoc	supervised
GCF_963999815.1_ERR599140_maxbin2_1_genomic	uncultured Prochlorococcus sp.		Cyanobacteriota	Cyanophyceae	Synechococcales	Prochlorococcaceae	Prochlorococcus	supervised
GCF_020089005.1_ASM2008900v1_genomic	Leuconostoc gasicomitatum		Bacillota	Bacilli	Lactobacillales	Lactobacillaceae	Leuconostoc	supervised
GCF_047305225.1_ASM4730522v1_genomic	Prochlorococcus marinus		Cyanobacteriota	Cyanophyceae	Synechococcales	Prochlorococcaceae	Prochlorococcus	supervised
GCF_002009375.1_ASM200937v1_genomic	Leuconostoc mesenteroides		Bacillota	Bacilli	Lactobacillales	Lactobacillaceae	Leuconostoc	supervised
GCF_030455105.1_ASM3045510v1_genomic	Leuconostoc sp.		Bacillota	Bacilli	Lactobacillales	Lactobacillaceae	Leuconostoc	supervised
GCF_047303155.1_ASM4730315v1_genomic	Prochlorococcus sp. MIT 1313		Cyanobacteriota	Cyanophyceae	Synechococcales	Prochlorococcaceae	Prochlorococcus	supervised
GCF_014651235.1_ASM1465123v1_genomic	Leuconostoc lactis		Bacillota	Bacilli	Lactobacillales	Lactobacillaceae	Leuconostoc	supervised
GCF_036919575.1_ASM3691957v1_genomic	Nostoc sp.		Cyanobacteriota	Cyanophyceae	Nostocales	Nostocaceae	Nostoc	supervised
GCF_036919815.1_ASM3691981v1_genomic	Nostoc sp.		Cyanobacteriota	Cyanophyceae	Nostocales	Nostocaceae	Nostoc	supervised
GCF_020089265.1_ASM2008926v1_genomic	Leuconostoc gasicomitatum		Bacillota	Bacilli	Lactobacillales	Lactobacillaceae	Leuconostoc	supervised
GCF_000007925.1_ASM792v1_genomic	Prochlorococcus marinus		Cyanobacteriota	Cyanophyceae	Synechococcales	Prochlorococcaceae	Prochlorococcus	supervised
GCF_047723455.1_ASM4772345v1_genomic	Leuconostoc falkenbergense		Bacillota	Bacilli	Lactobacillales	Lactobacillaceae	Leuconostoc	supervised
GCF_020246985.1_ASM2024698v1_genomic	Microcystis sp. M010S1		Cyanobacteriota	Cyanophyceae	Chroococcales	Microcystaceae	Microcystis	supervised
GCF_000412595.1_spc777-v1_genomic	Microcystis aeruginosa		Cyanobacteriota	Cyanophyceae	Chroococcales	Microcystaceae	Microcystis	supervised
GCF_015277835.1_ASM1527783v1_genomic	Leuconostoc citreum		Bacillota	Bacilli	Lactobacillales	Lactobacillaceae	Leuconostoc	supervised
GCF_036917175.1_ASM3691717v1_genomic	Nostoc sp.		Cyanobacteriota	Cyanophyceae	Nostocales	Nostocaceae	Nostoc	supervised
GCF_020245635.1_ASM2024563v1_genomic	Microcystis sp. M046S2		Cyanobacteriota	Cyanophyceae	Chroococcales	Microcystaceae	Microcystis	supervised
GCF_008690865.1_ASM869086v1_genomic	Leuconostoc carnosum		Bacillota	Bacilli	Lactobacillales	Lactobacillaceae	Leuconostoc	supervised
GCF_015207705.1_ASM1520770v1_genomic	Nostoc sp. LEGE 06077		Cyanobacteriota	Cyanophyceae	Nostocales	Nostocaceae	Nostoc	supervised
GCF_925298225.1_IM1476_genomic	Leuconostoc mesenteroides		Bacillota	Bacilli	Lactobacillales	Lactobacillaceae	Leuconostoc	supervised
GCF_014696655.1_ASM1469665v1_genomic	Nostoc sp. FACHB-888		Cyanobacteriota	Cyanophyceae	Nostocales	Nostocaceae	Nostoc	supervised
GCF_943912725.1_QR5mtZoVqg_bin.13.MAG_genomic	Leuconostoc lactis		Bacillota	Bacilli	Lactobacillales	Lactobacillaceae	Leuconostoc	supervised
GCF_000817325.1_ASM81732v1_genomic	Synechococcus elongatus		Cyanobacteriota	Cyanophyceae	Synechococcales	Synechococcaceae	Synechococcus	supervised
GCF_000709265.1_CLCbio_CLC_Genomics_Workbench_6.5_of_Leuconostoc_lactis_genome_genomic	Leuconostoc lactis		Bacillota	Bacilli	Lactobacillales	Lactobacillaceae	Leuconostoc	supervised
GCF_964186955.1_AMBV-1371_genomic	Leuconostoc mesenteroides		Bacillota	Bacilli	Lactobacillales	Lactobacillaceae	Leuconostoc	supervised
GCF_047462375.1_ASM4746237v1_genomic	Synechococcus sp. H55.8		Cyanobacteriota	Cyanophyceae	Synechococcales	Synechococcaceae	Synechococcus	supervised
GCF_047462115.1_ASM4746211v1_genomic	Synechococcus sp. R50.1		Cyanobacteriota	Cyanophyceae	Synechococcales	Synechococcaceae	Synechococcus	supervised
GCF_047502605.1_ASM4750260v1_genomic	Synechococcus sp. RC10A2		Cyanobacteriota	Cyanophyceae	Synechococcales	Synechococcaceae	Synechococcus	supervised
GCF_008257445.1_ASM825744v1_genomic	Microcystis aeruginosa		Cyanobacteriota	Cyanophyceae	Chroococcales	Microcystaceae	Microcystis	supervised
GCF_047719795.1_ASM4771979v1_genomic	Leuconostoc pseudomesenteroides		Bacillota	Bacilli	Lactobacillales	Lactobacillaceae	Leuconostoc	supervised
GCF_020245245.1_ASM2024524v1_genomic	Microcystis sp. M25BS1		Cyanobacteriota	Cyanophyceae	Chroococcales	Microcystaceae	Microcystis	supervised
GCF_044129385.1_ASM4412938v1_genomic	Leuconostoc mesenteroides		Bacillota	Bacilli	Lactobacillales	Lactobacillaceae	Leuconostoc	supervised
GCF_015207115.1_ASM1520711v1_genomic	Microcystis aeruginosa		Cyanobacteriota	Cyanophyceae	Chroococcales	Microcystaceae	Microcystis	supervised
GCF_045801155.1_ASM4580115v1_genomic	Leuconostoc falkenbergense		Bacillota	Bacilli	Lactobacillales	Lactobacillaceae	Leuconostoc	supervised
GCF_964187055.1_AMBP-0220_genomic	Leuconostoc suionicum		Bacillota	Bacilli	Lactobacillales	Lactobacillaceae	Leuconostoc	supervised
GCF_036917315.1_ASM3691731v1_genomic	Nostoc sp.		Cyanobacteriota	Cyanophyceae	Nostocales	Nostocaceae	Nostoc	supervised
GCF_008689675.1_ASM868967v1_genomic	Leuconostoc carnosum		Bacillota	Bacilli	Lactobacillales	Lactobacillaceae	Leuconostoc	supervised
GCF_025211395.1_ASM2521139v1_genomic	Leuconostoc pseudomesenteroides		Bacillota	Bacilli	Lactobacillales	Lactobacillaceae	Leuconostoc	supervised
GCF_023701635.1_ASM2370163v1_genomic	Anabaena sp. PCC 7938		Cyanobacteriota	Cyanophyceae	Nostocales	Nostocaceae	Anabaena	supervised
GCF_033881405.1_ASM3388140v1_genomic	Leuconostoc mesenteroides		Bacillota	Bacilli	Lactobacillales	Lactobacillaceae	Leuconostoc	supervised
GCF_002812945.1_ASM281294v1_genomic	Prochlorococcus marinus		Cyanobacteriota	Cyanophyceae	Synechococcales	Prochlorococcaceae	Prochlorococcus	supervised
GCF_030065455.1_ASM3006545v1_genomic	Microcystis sp. M53602_WE12		Cyanobacteriota	Cyanophyceae	Chroococcales	Microcystaceae	Microcystis	supervised
GCF_015840335.1_ASM1584033v1_genomic	Synechococcus sp. CBW1108		Cyanobacteriota	Cyanophyceae	Synechococcales	Synechococcaceae	Synechococcus	supervised
GCF_036918215.1_ASM3691821v1_genomic	Nostoc sp.		Cyanobacteriota	Cyanophyceae	Nostocales	Nostocaceae	Nostoc	supervised
GCF_007828135.1_ASM782813v1_genomic	Synechococcus sp. Ace-Pa		Cyanobacteriota	Cyanophyceae	Synechococcales	Synechococcaceae	Synechococcus	supervised
GCF_020246165.1_ASM2024616v1_genomic	Microcystis sp. M122S2		Cyanobacteriota	Cyanophyceae	Chroococcales	Microcystaceae	Microcystis	supervised
GCF_047304725.1_ASM4730472v1_genomic	Synechococcus sp. MIT S9451		Cyanobacteriota	Cyanophyceae	Synechococcales	Synechococcaceae	Synechococcus	supervised
GCF_036916915.1_ASM3691691v1_genomic	Nostoc sp.		Cyanobacteriota	Cyanophyceae	Nostocales	Nostocaceae	Nostoc	supervised
GCF_015206885.1_ASM1520688v1_genomic	Microcystis aeruginosa		Cyanobacteriota	Cyanophyceae	Chroococcales	Microcystaceae	Microcystis	supervised
GCF_032053965.1_ASM3205396v1_genomic	Leuconostoc pseudomesenteroides		Bacillota	Bacilli	Lactobacillales	Lactobacillaceae	Leuconostoc	supervised
GCF_048320275.1_ASM4832027v1_genomic	Leuconostoc mesenteroides		Bacillota	Bacilli	Lactobacillales	Lactobacillaceae	Leuconostoc	supervised
GCF_028330645.1_ASM2833064v1_genomic	Microcystis aeruginosa		Cyanobacteriota	Cyanophyceae	Chroococcales	Microcystaceae	Microcystis	supervised
GCF_028618735.1_ASM2861873v1_genomic	Leuconostoc mesenteroides		Bacillota	Bacilli	Lactobacillales	Lactobacillaceae	Leuconostoc	supervised
GCF_002092155.1_ASM209215v1_genomic	Leuconostoc mesenteroides		Bacillota	Bacilli	Lactobacillales	Lactobacillaceae	Leuconostoc	supervised
GCF_048656965.1_ASM4865696v1_genomic	Leuconostoc pseudomesenteroides		Bacillota	Bacilli	Lactobacillales	Lactobacillaceae	Leuconostoc	supervised
GCF_004359915.1_ASM435991v1_genomic	Leuconostoc citreum		Bacillota	Bacilli	Lactobacillales	Lactobacillaceae	Leuconostoc	supervised
GCF_047462495.1_ASM4746249v1_genomic	Synechococcus sp. H55.2		Cyanobacteriota	Cyanophyceae	Synechococcales	Synechococcaceae	Synechococcus	supervised
GCF_020514095.1_ASM2051409v1_genomic	Synechococcus sp. MU1643		Cyanobacteriota	Cyanophyceae	Synechococcales	Synechococcaceae	Synechococcus	supervised
GCF_003990585.1_ASM399058v1_genomic	Nostoc sp. PCC 7120 = FACHB-418		Cyanobacteriota	Cyanophyceae	Nostocales	Nostocaceae	Nostoc	supervised
GCF_007095565.1_ASM709556v1_genomic	Microcystis sp. M_OC_Ca_00000000_S217Cul		Cyanobacteriota	Cyanophyceae	Chroococcales	Microcystaceae	Microcystis	supervised
GCF_019325115.1_ASM1932511v1_genomic	Prochlorococcus marinus		Cyanobacteriota	Cyanophyceae	Synechococcales	Prochlorococcaceae	Prochlorococcus	supervised
GCF_036452945.1_ASM3645294v1_genomic	Leuconostoc gelidum		Bacillota	Bacilli	Lactobacillales	Lactobacillaceae	Leuconostoc	supervised
GCF_025128195.1_ASM2512819v1_genomic	Synechococcus sp. CS-603		Cyanobacteriota	Cyanophyceae	Synechococcales	Synechococcaceae	Synechococcus	supervised
GCF_004209775.1_ASM420977v1_genomic	Synechococcus sp. WH 8101		Cyanobacteriota	Cyanophyceae	Synechococcales	Synechococcaceae	Synechococcus	supervised
GCF_030361075.1_ASM3036107v1_genomic	Leuconostoc citreum		Bacillota	Bacilli	Lactobacillales	Lactobacillaceae	Leuconostoc	supervised
GCF_006770305.1_ASM677030v1_genomic	Leuconostoc gelidum		Bacillota	Bacilli	Lactobacillales	Lactobacillaceae	Leuconostoc	supervised
GCF_036917695.1_ASM3691769v1_genomic	Nostoc sp.		Cyanobacteriota	Cyanophyceae	Nostocales	Nostocaceae	Nostoc	supervised
GCF_019655975.1_ASM1965597v1_genomic	Leuconostoc gelidum		Bacillota	Bacilli	Lactobacillales	Lactobacillaceae	Leuconostoc	supervised
GCF_036916615.1_ASM3691661v1_genomic	Nostoc sp.		Cyanobacteriota	Cyanophyceae	Nostocales	Nostocaceae	Nostoc	supervised
GCF_036919715.1_ASM3691971v1_genomic	Nostoc sp.		Cyanobacteriota	Cyanophyceae	Nostocales	Nostocaceae	Nostoc	supervised
GCF_002092695.1_ASM209269v1_genomic	Leuconostoc lactis		Bacillota	Bacilli	Lactobacillales	Lactobacillaceae	Leuconostoc	supervised
