accession	accession_full	species	superkingdom	phylum	class	order	family	genus	data_type	source
GCF_002897315.1	GCF_002897315.1_ASM289731v1_genomic	Microcystis aeruginosa		Cyanobacteriota	Cyanophyceae	Chroococcales	Microcystaceae	Microcystis	supervised	NCBI_RefSeq
GCF_050502955.1	Faecalibacterium_prausnitzii_firmicutes_GCF_050502955.1	Faecalibacterium prausnitzii		Bacillota	Clostridia	Eubacteriales	Oscillospiraceae	Faecalibacterium	supervised	NCBI_RefSeq
GCF_050507135.1	Dyella_sp._20L07_g-proteobacteria_GCF_050507135.1	Dyella sp. 20L07		Pseudomonadota	Gammaproteobacteria	Lysobacterales	Rhodanobacteraceae	Dyella	supervised	NCBI_RefSeq
GCA_050516465.1	Micromonospora_trifolii_high_G+C_Gram-positive_bacteria_GCA_050516465.1	Micromonospora trifolii		Actinomycetota	Actinomycetes	Micromonosporales	Micromonosporaceae	Micromonospora	supervised	NCBI_GenBank
GCF_965284585.1	Winogradskyella_ouciana_CFB_group_bacteria_GCF_965284585.1	Winogradskyella ouciana		Bacteroidota	Flavobacteriia	Flavobacteriales	Flavobacteriaceae	Winogradskyella	supervised	NCBI_RefSeq
GCF_050500065.1	Serratia_sarumanii_enterobacteria_GCF_050500065.1	Serratia sarumanii		Pseudomonadota	Gammaproteobacteria	Enterobacterales	Yersiniaceae	Serratia	supervised	NCBI_RefSeq
GCF_050408115.1	Xanthomonas_oryzae_pv._oryzicola_g-proteobacteria_GCF_050408115.1	Xanthomonas oryzae		Pseudomonadota	Gammaproteobacteria	Lysobacterales	Lysobacteraceae	Xanthomonas	supervised	NCBI_RefSeq
GCF_965284355.1	Phenylobacterium_sp._a-proteobacteria_GCF_965284355.1	Phenylobacterium sp.		Pseudomonadota	Alphaproteobacteria	Caulobacterales	Caulobacteraceae	Phenylobacterium	supervised	NCBI_RefSeq
GCF_050500255.1	Microcystis_aeruginosa_FBCC-A68_cyanobacteria_GCF_050500255.1	Microcystis aeruginosa		Cyanobacteriota	Cyanophyceae	Chroococcales	Microcystaceae	Microcystis	supervised	NCBI_RefSeq
GCA_965284415.1	Beijerinckiaceae_bacterium_a-proteobacteria_GCA_965284415.1	Beijerinckiaceae bacterium		Pseudomonadota	Alphaproteobacteria	Hyphomicrobiales	Beijerinckiaceae		supervised	NCBI_GenBank
GCF_050408065.1	Xanthomonas_oryzae_pv._oryzicola_g-proteobacteria_GCF_050408065.1	Xanthomonas oryzae		Pseudomonadota	Gammaproteobacteria	Lysobacterales	Lysobacteraceae	Xanthomonas	supervised	NCBI_RefSeq
GCA_047714025.2	Pseudomonas_aeruginosa_g-proteobacteria_GCA_047714025.2	Pseudomonas aeruginosa		Pseudomonadota	Gammaproteobacteria	Pseudomonadales	Pseudomonadaceae	Pseudomonas	supervised	NCBI_GenBank
GCA_050516375.1	Escherichia_coli_E._coli_GCA_050516375.1	Escherichia coli		Pseudomonadota	Gammaproteobacteria	Enterobacterales	Enterobacteriaceae	Escherichia	supervised	NCBI_GenBank
GCF_050410815.1	Levilactobacillus_brevis_firmicutes_GCF_050410815.1	Levilactobacillus brevis		Bacillota	Bacilli	Lactobacillales	Lactobacillaceae	Levilactobacillus	supervised	NCBI_RefSeq
GCA_047714065.2	Klebsiella_pneumoniae_enterobacteria_GCA_047714065.2	Klebsiella pneumoniae		Pseudomonadota	Gammaproteobacteria	Enterobacterales	Enterobacteriaceae	Klebsiella	supervised	NCBI_GenBank
GCF_047227755.2	Acinetobacter_baumannii_g-proteobacteria_GCF_047227755.2	Acinetobacter baumannii		Pseudomonadota	Gammaproteobacteria	Moraxellales	Moraxellaceae	Acinetobacter	supervised	NCBI_RefSeq
GCF_050410835.1	Streptomyces_sp._cg35_high_G+C_Gram-positive_bacteria_GCF_050410835.1	Streptomyces sp. cg35		Actinomycetota	Actinomycetes	Kitasatosporales	Streptomycetaceae	Streptomyces	supervised	NCBI_RefSeq
GCF_965284695.1	Fluviicola_sp._CFB_group_bacteria_GCF_965284695.1	Fluviicola sp.		Bacteroidota	Flavobacteriia	Flavobacteriales	Crocinitomicaceae	Fluviicola	supervised	NCBI_RefSeq
GCA_047865805.2	Escherichia_coli_E._coli_GCA_047865805.2	Escherichia coli		Pseudomonadota	Gammaproteobacteria	Enterobacterales	Enterobacteriaceae	Escherichia	supervised	NCBI_GenBank
GCF_050500075.1	Paraburkholderia_tropica_b-proteobacteria_GCF_050500075.1	Paraburkholderia tropica		Pseudomonadota	Betaproteobacteria	Burkholderiales	Burkholderiaceae	Paraburkholderia	supervised	NCBI_RefSeq
GCF_050368845.1	Lactococcus_lactis_firmicutes_GCF_050368845.1	Lactococcus lactis		Bacillota	Bacilli	Lactobacillales	Streptococcaceae	Lactococcus	supervised	NCBI_RefSeq
GCA_050516475.1	Paenibacillus_ottowii_firmicutes_GCA_050516475.1	Paenibacillus ottowii		Bacillota	Bacilli	Bacillales	Paenibacillaceae	Paenibacillus	supervised	NCBI_GenBank
GCA_050517405.1	Myroides_odoratimimus_CFB_group_bacteria_GCA_050517405.1	Myroides odoratimimus		Bacteroidota	Flavobacteriia	Flavobacteriales	Flavobacteriaceae	Myroides	supervised	NCBI_GenBank
GCF_050507325.1	Janibacter_sp._G349_high_G+C_Gram-positive_bacteria_GCF_050507325.1	Janibacter sp. G349		Actinomycetota	Actinomycetes	Micrococcales	Intrasporangiaceae	Janibacter	supervised	NCBI_RefSeq
GCF_050500365.1	Bibersteinia_trehalosi_g-proteobacteria_GCF_050500365.1	Bibersteinia trehalosi		Pseudomonadota	Gammaproteobacteria	Pasteurellales	Pasteurellaceae	Bibersteinia	supervised	NCBI_RefSeq
GCF_050500285.1	Fructilactobacillus_sp._Tb1_firmicutes_GCF_050500285.1	Fructilactobacillus sp. Tb1		Bacillota	Bacilli	Lactobacillales	Lactobacillaceae	Fructilactobacillus	supervised	NCBI_RefSeq
GCA_050500375.1	Pasteurella_multocida_g-proteobacteria_GCA_050500375.1	Pasteurella multocida		Pseudomonadota	Gammaproteobacteria	Pasteurellales	Pasteurellaceae	Pasteurella	supervised	NCBI_GenBank
GCF_000165365.1	GCF_000165365.1_ASM16536v1_genomic	Theileria parva		Apicomplexa	Aconoidasida	Piroplasmida	Theileriidae	Theileria	supervised	NCBI_RefSeq
GCF_050507125.1	Providencia_huaxiensis_enterobacteria_GCF_050507125.1	Providencia huaxiensis		Pseudomonadota	Gammaproteobacteria	Enterobacterales	Morganellaceae	Providencia	supervised	NCBI_RefSeq
GCF_050507335.1	Pseudomonas_piscis_g-proteobacteria_GCF_050507335.1	Pseudomonas piscis		Pseudomonadota	Gammaproteobacteria	Pseudomonadales	Pseudomonadaceae	Pseudomonas	supervised	NCBI_RefSeq
GCF_050410825.1	Micromonospora_sp._JCM_30529_high_G+C_Gram-positive_bacteria_GCF_050410825.1	Micromonospora sp. JCM 30529		Actinomycetota	Actinomycetes	Micromonosporales	Micromonosporaceae	Micromonospora	supervised	NCBI_RefSeq
GCF_965284575.1	Thalassospira_lucentensis_a-proteobacteria_GCF_965284575.1	Thalassospira lucentensis		Pseudomonadota	Alphaproteobacteria	Rhodospirillales	Thalassospiraceae	Thalassospira	supervised	NCBI_RefSeq
GCF_050506515.1	Klebsiella_pneumoniae_enterobacteria_GCF_050506515.1	Klebsiella pneumoniae		Pseudomonadota	Gammaproteobacteria	Enterobacterales	Enterobacteriaceae	Klebsiella	supervised	NCBI_RefSeq
GCA_965283335.1	Burkholderia_pseudomallei_b-proteobacteria_GCA_965283335.1	Burkholderia pseudomallei		Pseudomonadota	Betaproteobacteria	Burkholderiales	Burkholderiaceae	Burkholderia	supervised	NCBI_GenBank
GCA_050500355.1	Mannheimia_haemolytica_g-proteobacteria_GCA_050500355.1	Mannheimia haemolytica		Pseudomonadota	Gammaproteobacteria	Pasteurellales	Pasteurellaceae	Mannheimia	supervised	NCBI_GenBank
GCF_018599045.2	Streptococcus_salivarius_firmicutes_GCF_018599045.2	Streptococcus salivarius		Bacillota	Bacilli	Lactobacillales	Streptococcaceae	Streptococcus	supervised	NCBI_RefSeq
GCA_050410845.1	Paraclostridium_tenue_firmicutes_GCA_050410845.1	Paraclostridium tenue		Bacillota	Clostridia	Peptostreptococcales	Peptostreptococcaceae	Paraclostridium	supervised	NCBI_GenBank
GCF_965284465.1	Parasphingorhabdus_sp._a-proteobacteria_GCF_965284465.1	Parasphingorhabdus sp.		Pseudomonadota	Alphaproteobacteria	Sphingomonadales	Sphingorhabdaceae	Parasphingorhabdus	supervised	NCBI_RefSeq
GCA_965284545.1	Flavobacterium_sp._CFB_group_bacteria_GCA_965284545.1	Flavobacterium sp.		Bacteroidota	Flavobacteriia	Flavobacteriales	Flavobacteriaceae	Flavobacterium	supervised	NCBI_GenBank
GCA_965284395.1	Limisphaerales_bacterium_verrucomicrobia_GCA_965284395.1	Limisphaerales bacterium		Verrucomicrobiota	Verrucomicrobiia	Limisphaerales			supervised	NCBI_GenBank
GCF_050410805.1	Acidithiobacillus_ferrooxidans_proteobacteria_GCF_050410805.1	Acidithiobacillus ferrooxidans		Pseudomonadota	Acidithiobacillia	Acidithiobacillales	Acidithiobacillaceae	Acidithiobacillus	supervised	NCBI_RefSeq
GCF_050389785.1	Parelusimicrobium_proximum_bacteria_GCF_050389785.1	Parelusimicrobium proximum		Elusimicrobiota	Elusimicrobia	Elusimicrobiales	Elusimicrobiaceae	Parelusimicrobium	supervised	NCBI_RefSeq
GCF_965282835.1	Candidatus_Methylopumilus_planktonicus_b-proteobacteria_GCF_965282835.1	Candidatus Methylopumilus planktonicus		Pseudomonadota	Betaproteobacteria	Nitrosomonadales	Methylophilaceae	Candidatus Methylopumilus	supervised	NCBI_RefSeq
GCF_050499165.1	Comamonas_sediminis_b-proteobacteria_GCF_050499165.1	Comamonas sediminis		Pseudomonadota	Betaproteobacteria	Burkholderiales	Comamonadaceae	Comamonas	supervised	NCBI_RefSeq
GCA_965284495.1	Burkholderiaceae_bacterium_b-proteobacteria_GCA_965284495.1	Burkholderiaceae bacterium		Pseudomonadota	Betaproteobacteria	Burkholderiales	Burkholderiaceae		supervised	NCBI_GenBank
GCF_965284485.1	Maribacter_litoralis_CFB_group_bacteria_GCF_965284485.1	Maribacter litoralis		Bacteroidota	Flavobacteriia	Flavobacteriales	Flavobacteriaceae	Maribacter	supervised	NCBI_RefSeq
GCF_050498615.1	Pseudomonas_aeruginosa_PAO1_g-proteobacteria_GCF_050498615.1	Pseudomonas aeruginosa		Pseudomonadota	Gammaproteobacteria	Pseudomonadales	Pseudomonadaceae	Pseudomonas	supervised	NCBI_RefSeq
GCF_050407965.1	Lactiplantibacillus_pentosus_firmicutes_GCF_050407965.1	Lactiplantibacillus pentosus		Bacillota	Bacilli	Lactobacillales	Lactobacillaceae	Lactiplantibacillus	supervised	NCBI_RefSeq
GCF_050500265.1	Gluconobacter_japonicus_a-proteobacteria_GCF_050500265.1	Gluconobacter japonicus		Pseudomonadota	Alphaproteobacteria	Acetobacterales	Acetobacteraceae	Gluconobacter	supervised	NCBI_RefSeq
GCF_000178055.1	GCF_000178055.1_ASM17805v1_genomic	Cutibacterium acnes		Actinomycetota	Actinomycetes	Propionibacteriales	Propionibacteriaceae	Cutibacterium	supervised	NCBI_RefSeq
GCF_048551495.1	Glaesserella_parasuis_g-proteobacteria_GCF_048551495.1	Glaesserella parasuis		Pseudomonadota	Gammaproteobacteria	Pasteurellales	Pasteurellaceae	Glaesserella	supervised	NCBI_RefSeq
GCF_050408155.1	Xanthomonas_oryzae_pv._oryzicola_g-proteobacteria_GCF_050408155.1	Xanthomonas oryzae		Pseudomonadota	Gammaproteobacteria	Lysobacterales	Lysobacteraceae	Xanthomonas	supervised	NCBI_RefSeq
GCF_050410775.1	Pantoea_sp._FN060301_enterobacteria_GCF_050410775.1	Pantoea sp. FN060301		Pseudomonadota	Gammaproteobacteria	Enterobacterales	Erwiniaceae	Pantoea	supervised	NCBI_RefSeq
GCF_050408055.1	Sphingomonas_sp._Xoc002_a-proteobacteria_GCF_050408055.1	Sphingomonas sp. Xoc002		Pseudomonadota	Alphaproteobacteria	Sphingomonadales	Sphingomonadaceae	Sphingomonas	supervised	NCBI_RefSeq
GCF_001293935.1	GCF_001293935.1_Por36_1_genomic	Pseudomonas coronafaciens		Pseudomonadota	Gammaproteobacteria	Pseudomonadales	Pseudomonadaceae	Pseudomonas	supervised	NCBI_RefSeq
GCF_050367955.1	Lacticaseibacillus_rhamnosus_firmicutes_GCF_050367955.1	Lacticaseibacillus rhamnosus		Bacillota	Bacilli	Lactobacillales	Lactobacillaceae	Lacticaseibacillus	supervised	NCBI_RefSeq
GCA_047446435.2	Klebsiella_pneumoniae_enterobacteria_GCA_047446435.2	Klebsiella pneumoniae		Pseudomonadota	Gammaproteobacteria	Enterobacterales	Enterobacteriaceae	Klebsiella	supervised	NCBI_GenBank
GCF_000091205.1	GCF_000091205.1_ASM9120v1_genomic	Cyanidioschyzon merolae		Rhodophyta	Bangiophyceae	Cyanidiales	Cyanidiaceae	Cyanidioschyzon	supervised	NCBI_RefSeq
GCF_000149245.1	GCF_000149245.1_CNA3_genomic	Cryptococcus neoformans		Basidiomycota	Tremellomycetes	Tremellales	Cryptococcaceae	Cryptococcus	supervised	NCBI_RefSeq
GCF_965284525.1	Hydrogenophaga_sp._b-proteobacteria_GCF_965284525.1	Hydrogenophaga sp.		Pseudomonadota	Betaproteobacteria	Burkholderiales	Comamonadaceae	Hydrogenophaga	supervised	NCBI_RefSeq
GCF_000002435.1	GCF_000002435.1_GL2_genomic	GCF_000002435.1_GL2_genomic							supervised	NCBI_RefSeq
GCF_001700755.1	GCF_001700755.1_ASM170075v1_genomic	GCF_001700755.1_ASM170075v1_genomic							supervised	NCBI_RefSeq
GCF_050408145.1	Xanthomonas_oryzae_pv._oryzicola_g-proteobacteria_GCF_050408145.1	Xanthomonas oryzae		Pseudomonadota	Gammaproteobacteria	Lysobacterales	Lysobacteraceae	Xanthomonas	supervised	NCBI_RefSeq
GCA_050517415.1	Pseudomonas_fulva_g-proteobacteria_GCA_050517415.1	Pseudomonas fulva		Pseudomonadota	Gammaproteobacteria	Pseudomonadales	Pseudomonadaceae	Pseudomonas	supervised	NCBI_GenBank
GCA_047865785.2	Escherichia_coli_E._coli_GCA_047865785.2	Escherichia coli		Pseudomonadota	Gammaproteobacteria	Enterobacterales	Enterobacteriaceae	Escherichia	supervised	NCBI_GenBank
GCA_965284365.1	Phragmitibacter_sp._verrucomicrobia_GCA_965284365.1	Phragmitibacter sp.		Verrucomicrobiota	Verrucomicrobiia	Verrucomicrobiales	Verrucomicrobiaceae	Phragmitibacter	supervised	NCBI_GenBank
GCA_050516385.1	Escherichia_coli_E._coli_GCA_050516385.1	Escherichia coli		Pseudomonadota	Gammaproteobacteria	Enterobacterales	Enterobacteriaceae	Escherichia	supervised	NCBI_GenBank
GCF_050425265.1	Klebsiella_pneumoniae_enterobacteria_GCF_050425265.1	Klebsiella pneumoniae		Pseudomonadota	Gammaproteobacteria	Enterobacterales	Enterobacteriaceae	Klebsiella	supervised	NCBI_RefSeq
GCF_000497125.1	GCF_000497125.1_ASM49712v2_genomic	Spironucleus salmonicida		Fornicata		Diplomonadida	Hexamitidae	Spironucleus	supervised	NCBI_RefSeq
GCF_965284475.1	Hyphomonas_sp._a-proteobacteria_GCF_965284475.1	Hyphomonas sp.		Pseudomonadota	Alphaproteobacteria	Hyphomonadales	Hyphomonadaceae	Hyphomonas	supervised	NCBI_RefSeq
GCF_050408045.1	Xanthomonas_oryzae_pv._oryzicola_g-proteobacteria_GCF_050408045.1	Xanthomonas oryzae		Pseudomonadota	Gammaproteobacteria	Lysobacterales	Lysobacteraceae	Xanthomonas	supervised	NCBI_RefSeq
GCF_050410795.1	Fontivita_pretiosa_bacteria_GCF_050410795.1	Fontivita pretiosa		Planctomycetota	Phycisphaerae	Tepidisphaerales		Fontivita	supervised	NCBI_RefSeq
GCA_050516495.1	Salmonella_enterica_enterobacteria_GCA_050516495.1	Salmonella enterica		Pseudomonadota	Gammaproteobacteria	Enterobacterales	Enterobacteriaceae	Salmonella	supervised	NCBI_GenBank
GCA_050507505.1	Micromonospora_echinospora_high_G+C_Gram-positive_bacteria_GCA_050507505.1	Micromonospora echinospora		Actinomycetota	Actinomycetes	Micromonosporales	Micromonosporaceae	Micromonospora	supervised	NCBI_GenBank
GCF_050389815.1	Streptomyces_sp._ACT015_high_G+C_Gram-positive_bacteria_GCF_050389815.1	Streptomyces sp. ACT015		Actinomycetota	Actinomycetes	Kitasatosporales	Streptomycetaceae	Streptomyces	supervised	NCBI_RefSeq
GCA_050516445.1	Ralstonia_pseudosolanacearum_b-proteobacteria_GCA_050516445.1	Ralstonia pseudosolanacearum		Pseudomonadota	Betaproteobacteria	Burkholderiales	Burkholderiaceae	Ralstonia	supervised	NCBI_GenBank
GCF_050422935.1	Synechococcus_elongatus_M14.2_cyanobacteria_GCF_050422935.1	Synechococcus elongatus		Cyanobacteriota	Cyanophyceae	Synechococcales	Synechococcaceae	Synechococcus	supervised	NCBI_RefSeq
GCF_050507685.1	Vibrio_alginolyticus_g-proteobacteria_GCF_050507685.1	Vibrio alginolyticus		Pseudomonadota	Gammaproteobacteria	Vibrionales	Vibrionaceae	Vibrio	supervised	NCBI_RefSeq
GCF_965284615.1	Methyloversatilis_sp._b-proteobacteria_GCF_965284615.1	Methyloversatilis sp.		Pseudomonadota	Betaproteobacteria	Nitrosomonadales	Sterolibacteriaceae	Methyloversatilis	supervised	NCBI_RefSeq
GCF_050366995.1	Clostridium_butyricum_firmicutes_GCF_050366995.1	Clostridium butyricum		Bacillota	Clostridia	Eubacteriales	Clostridiaceae	Clostridium	supervised	NCBI_RefSeq
GCF_040628475.2	Staphylococcus_sp._50Mo3-2_firmicutes_GCF_040628475.2	Staphylococcus sp. 50Mo3-2		Bacillota	Bacilli	Bacillales	Staphylococcaceae	Staphylococcus	supervised	NCBI_RefSeq
GCF_965284595.1	Methylibium_petroleiphilum_b-proteobacteria_GCF_965284595.1	Methylibium petroleiphilum		Pseudomonadota	Betaproteobacteria	Burkholderiales	Sphaerotilaceae	Methylibium	supervised	NCBI_RefSeq
GCA_050429535.1	Streptomyces_pseudogriseolus_high_G+C_Gram-positive_bacteria_GCA_050429535.1	Streptomyces pseudogriseolus		Actinomycetota	Actinomycetes	Kitasatosporales	Streptomycetaceae	Streptomyces	supervised	NCBI_GenBank
GCF_033841795.2	Bacillus_cereus_group_sp._BfR-BA-01700_firmicutes_GCF_033841795.2	Bacillus cereus group sp. BfR-BA-01700		Bacillota	Bacilli	Bacillales	Bacillaceae	Bacillus	supervised	NCBI_RefSeq
GCF_000341285.1	GCF_000341285.1_ASM34128v1_genomic	Galdieria sulphuraria		Rhodophyta	Bangiophyceae	Galdieriales	Galdieriaceae	Galdieria	supervised	NCBI_RefSeq
GCF_000165395.1	GCF_000165395.1_ASM16539v1_genomic	GCF_000165395.1_ASM16539v1_genomic							supervised	NCBI_RefSeq
GCA_047096405.2	Klebsiella_pneumoniae_enterobacteria_GCA_047096405.2	Klebsiella pneumoniae		Pseudomonadota	Gammaproteobacteria	Enterobacterales	Enterobacteriaceae	Klebsiella	supervised	NCBI_GenBank
GCA_047852765.2	Escherichia_coli_E._coli_GCA_047852765.2	Escherichia coli		Pseudomonadota	Gammaproteobacteria	Enterobacterales	Enterobacteriaceae	Escherichia	supervised	NCBI_GenBank
GCA_050507555.1	cyanobacterium_endosymbiont_of_Rhopalodia_inflata_cyanobacteria_GCA_050507555.1	cyanobacterium endosymbiont of Rhopalodia inflata		Cyanobacteriota					supervised	NCBI_GenBank
GCF_050368855.1	Azonexus_sp._IMCC34842_b-proteobacteria_GCF_050368855.1	Azonexus sp. IMCC34842		Pseudomonadota	Betaproteobacteria	Rhodocyclales	Azonexaceae	Azonexus	supervised	NCBI_RefSeq
GCA_047446375.2	Klebsiella_pneumoniae_enterobacteria_GCA_047446375.2	Klebsiella pneumoniae		Pseudomonadota	Gammaproteobacteria	Enterobacterales	Enterobacteriaceae	Klebsiella	supervised	NCBI_GenBank
GCA_050368975.1	Mycobacterium_sp._TJFP1_high_G+C_Gram-positive_bacteria_GCA_050368975.1	Mycobacterium sp. TJFP1		Actinomycetota	Actinomycetes	Mycobacteriales	Mycobacteriaceae	Mycobacterium	supervised	NCBI_GenBank
GCA_965284635.1	Caulobacteraceae_bacterium_a-proteobacteria_GCA_965284635.1	Caulobacteraceae bacterium		Pseudomonadota	Alphaproteobacteria	Caulobacterales	Caulobacteraceae		supervised	NCBI_GenBank
GCF_002220235.1	GCF_002220235.1_ASM222023v1_genomic	Bathycoccus prasinos		Chlorophyta	Mamiellophyceae	Mamiellales	Bathycoccaceae	Bathycoccus	supervised	NCBI_RefSeq
GCA_965284645.1	uncultured_Bacteroidia_bacterium_CFB_group_bacteria_GCA_965284645.1	uncultured Bacteroidia bacterium		Bacteroidota	Bacteroidia				supervised	NCBI_GenBank
GCF_050408105.1	Xanthomonas_oryzae_pv._oryzicola_g-proteobacteria_GCF_050408105.1	Xanthomonas oryzae		Pseudomonadota	Gammaproteobacteria	Lysobacterales	Lysobacteraceae	Xanthomonas	supervised	NCBI_RefSeq
GCF_047801645.2	Enterococcus_casseliflavus_firmicutes_GCF_047801645.2	Enterococcus casseliflavus		Bacillota	Bacilli	Lactobacillales	Enterococcaceae	Enterococcus	supervised	NCBI_RefSeq
GCF_050500235.1	Microcystis_protocystis_FBCC-A270_cyanobacteria_GCF_050500235.1	Microcystis protocystis		Cyanobacteriota	Cyanophyceae	Chroococcales	Microcystaceae	Microcystis	supervised	NCBI_RefSeq
GCF_000328475.2	GCF_000328475.2_Umaydis521_2.0_genomic	Mycosarcoma maydis		Basidiomycota	Ustilaginomycetes	Ustilaginales	Ustilaginaceae	Mycosarcoma	supervised	NCBI_RefSeq
GCA_965284455.1	Sphingobacteriaceae_bacterium_CFB_group_bacteria_GCA_965284455.1	Sphingobacteriaceae bacterium		Bacteroidota	Sphingobacteriia	Sphingobacteriales	Sphingobacteriaceae		supervised	NCBI_GenBank
GCF_050500095.1	Agrobacterium_vitis_a-proteobacteria_GCF_050500095.1	Agrobacterium vitis		Pseudomonadota	Alphaproteobacteria	Hyphomicrobiales	Rhizobiaceae	Agrobacterium	supervised	NCBI_RefSeq
GCF_000151665.1	GCF_000151665.1_ASM15166v1_genomic	Blastocystis hominis			Bigyra	Opalinata	Blastocystidae	Blastocystis	supervised	NCBI_RefSeq
GCF_048279315.2	Klebsiella_pneumoniae_enterobacteria_GCF_048279315.2	Klebsiella pneumoniae		Pseudomonadota	Gammaproteobacteria	Enterobacterales	Enterobacteriaceae	Klebsiella	supervised	NCBI_RefSeq
GCA_050516335.1	Proteus_mirabilis_enterobacteria_GCA_050516335.1	Proteus mirabilis		Pseudomonadota	Gammaproteobacteria	Enterobacterales	Morganellaceae	Proteus	supervised	NCBI_GenBank
GCF_965283175.1	Klebsiella_pneumoniae_enterobacteria_GCF_965283175.1	Klebsiella pneumoniae		Pseudomonadota	Gammaproteobacteria	Enterobacterales	Enterobacteriaceae	Klebsiella	supervised	NCBI_RefSeq
GCF_050500315.1	Klebsiella_variicola_enterobacteria_GCF_050500315.1	Klebsiella variicola		Pseudomonadota	Gammaproteobacteria	Enterobacterales	Enterobacteriaceae	Klebsiella	supervised	NCBI_RefSeq
GCA_047446505.2	Klebsiella_pneumoniae_enterobacteria_GCA_047446505.2	Klebsiella pneumoniae		Pseudomonadota	Gammaproteobacteria	Enterobacterales	Enterobacteriaceae	Klebsiella	supervised	NCBI_GenBank
GCA_050408125.1	Xanthomonas_sacchari_g-proteobacteria_GCA_050408125.1	Xanthomonas sacchari		Pseudomonadota	Gammaproteobacteria	Lysobacterales	Lysobacteraceae	Xanthomonas	supervised	NCBI_GenBank
GCA_050516305.1	Streptomyces_sp._P11-1_high_G+C_Gram-positive_bacteria_GCA_050516305.1	Streptomyces sp. P11-1		Actinomycetota	Actinomycetes	Kitasatosporales	Streptomycetaceae	Streptomyces	supervised	NCBI_GenBank
GCF_003144295.1	GCF_003144295.1_Acain1_genomic	Acaromyces ingoldii		Basidiomycota	Exobasidiomycetes	Exobasidiales	Cryptobasidiaceae	Acaromyces	supervised	NCBI_RefSeq
GCA_050516295.1	Lactobacillus_delbrueckii_subsp._bulgaricus_firmicutes_GCA_050516295.1	Lactobacillus delbrueckii		Bacillota	Bacilli	Lactobacillales	Lactobacillaceae	Lactobacillus	supervised	NCBI_GenBank
GCF_050367005.1	Streptomyces_albus_subsp._chlorinus_high_G+C_Gram-positive_bacteria_GCF_050367005.1	Streptomyces albus		Actinomycetota	Actinomycetes	Kitasatosporales	Streptomycetaceae	Streptomyces	supervised	NCBI_RefSeq
GCF_050410765.1	Brucella_sp._NF_2810_a-proteobacteria_GCF_050410765.1	Brucella sp. NF 2810		Pseudomonadota	Alphaproteobacteria	Hyphomicrobiales	Brucellaceae	Brucella	supervised	NCBI_RefSeq
GCA_965284665.1	Sphingomonadaceae_bacterium_a-proteobacteria_GCA_965284665.1	Sphingomonadaceae bacterium		Pseudomonadota	Alphaproteobacteria	Sphingomonadales	Sphingomonadaceae		supervised	NCBI_GenBank
GCA_047852785.2	Escherichia_coli_E._coli_GCA_047852785.2	Escherichia coli		Pseudomonadota	Gammaproteobacteria	Enterobacterales	Enterobacteriaceae	Escherichia	supervised	NCBI_GenBank
GCA_050422965.1	Pseudarthrobacter_sp._So.54_high_G+C_Gram-positive_bacteria_GCA_050422965.1	Pseudarthrobacter sp. So.54		Actinomycetota	Actinomycetes	Micrococcales	Micrococcaceae	Pseudarthrobacter	supervised	NCBI_GenBank
GCF_050368945.1	Microbulbifer_sp._MCCC_1A16149_g-proteobacteria_GCF_050368945.1	Microbulbifer sp. MCCC 1A16149		Pseudomonadota	Gammaproteobacteria	Cellvibrionales	Microbulbiferaceae	Microbulbifer	supervised	NCBI_RefSeq
GCF_000002975.1	GCF_000002975.1_ASM297v1_genomic	Guillardia theta			Cryptophyceae	Pyrenomonadales	Geminigeraceae	Guillardia	supervised	NCBI_RefSeq
GCA_047446475.2	Klebsiella_pneumoniae_enterobacteria_GCA_047446475.2	Klebsiella pneumoniae		Pseudomonadota	Gammaproteobacteria	Enterobacterales	Enterobacteriaceae	Klebsiella	supervised	NCBI_GenBank
GCF_050499735.1	Klebsiella_variicola_enterobacteria_GCF_050499735.1	Klebsiella variicola		Pseudomonadota	Gammaproteobacteria	Enterobacterales	Enterobacteriaceae	Klebsiella	supervised	NCBI_RefSeq
GCA_050407985.1	Klebsiella_pneumoniae_enterobacteria_GCA_050407985.1	Klebsiella pneumoniae		Pseudomonadota	Gammaproteobacteria	Enterobacterales	Enterobacteriaceae	Klebsiella	supervised	NCBI_GenBank
GCF_965284335.1	Tabrizicola_sp._a-proteobacteria_GCF_965284335.1	Tabrizicola sp.		Pseudomonadota	Alphaproteobacteria	Rhodobacterales	Paracoccaceae	Tabrizicola	supervised	NCBI_RefSeq
GCA_965284555.1	Fulvivirga_sp._CFB_group_bacteria_GCA_965284555.1	Fulvivirga sp.		Bacteroidota	Cytophagia	Cytophagales	Fulvivirgaceae	Fulvivirga	supervised	NCBI_GenBank
GCA_047327165.2	Enterobacter_hormaechei_CDC_Enteric_Group_75_GCA_047327165.2	Enterobacter hormaechei		Pseudomonadota	Gammaproteobacteria	Enterobacterales	Enterobacteriaceae	Enterobacter	supervised	NCBI_GenBank
GCF_050408035.1	Synechocystis_sp._PCC_6803_cyanobacteria_GCF_050408035.1	Synechocystis sp. PCC 6803		Cyanobacteriota	Cyanophyceae	Synechococcales	Merismopediaceae	Synechocystis	supervised	NCBI_RefSeq
GCF_050500145.1	Neorhizobium_sp._IRS_2294_a-proteobacteria_GCF_050500145.1	Neorhizobium sp. IRS_2294		Pseudomonadota	Alphaproteobacteria	Hyphomicrobiales	Rhizobiaceae	Neorhizobium	supervised	NCBI_RefSeq
GCF_000092065.1	GCF_000092065.1_ASM9206v1_genomic	Ostreococcus sp. 'lucimarinus'		Chlorophyta	Mamiellophyceae	Mamiellales	Bathycoccaceae	Ostreococcus	supervised	NCBI_RefSeq
GCF_000003225.4	GCF_000003225.4_ASM322v1_genomic	Theileria annulata		Apicomplexa	Aconoidasida	Piroplasmida	Theileriidae	Theileria	supervised	NCBI_RefSeq
GCF_050500345.1	Alteromonas_sp._4B03_g-proteobacteria_GCF_050500345.1	Alteromonas sp. 4B03		Pseudomonadota	Gammaproteobacteria	Alteromonadales	Alteromonadaceae	Alteromonas	supervised	NCBI_RefSeq
GCF_000442555.1	GCF_000442555.1_CFSAN001086_1.0_genomic	Paenibacillus alvei		Bacillota	Bacilli	Bacillales	Paenibacillaceae	Paenibacillus	supervised	NCBI_RefSeq
GCF_050389775.1	Marinibacterium_sp._SX1_a-proteobacteria_GCF_050389775.1	Marinibacterium sp. SX1		Pseudomonadota	Alphaproteobacteria	Rhodobacterales	Paracoccaceae	Marinibacterium	supervised	NCBI_RefSeq
GCA_050408005.1	Klebsiella_pneumoniae_enterobacteria_GCA_050408005.1	Klebsiella pneumoniae		Pseudomonadota	Gammaproteobacteria	Enterobacterales	Enterobacteriaceae	Klebsiella	supervised	NCBI_GenBank
GCA_047714045.2	Klebsiella_pneumoniae_enterobacteria_GCA_047714045.2	Klebsiella pneumoniae		Pseudomonadota	Gammaproteobacteria	Enterobacterales	Enterobacteriaceae	Klebsiella	supervised	NCBI_GenBank
GCF_002078855.1	GCF_002078855.1_ASM207885v1_genomic	Lactococcus lactis		Bacillota	Bacilli	Lactobacillales	Streptococcaceae	Lactococcus	supervised	NCBI_RefSeq
GCA_050516365.1	Escherichia_coli_E._coli_GCA_050516365.1	Escherichia coli		Pseudomonadota	Gammaproteobacteria	Enterobacterales	Enterobacteriaceae	Escherichia	supervised	NCBI_GenBank
GCF_000442595.1	GCF_000442595.1_ASM44259v1_genomic	Cycloclasticus zancles		Pseudomonadota	Gammaproteobacteria	Thiotrichales	Piscirickettsiaceae	Cycloclasticus	supervised	NCBI_RefSeq
GCF_050499175.1	Pseudomonas_aeruginosa_g-proteobacteria_GCF_050499175.1	Pseudomonas aeruginosa		Pseudomonadota	Gammaproteobacteria	Pseudomonadales	Pseudomonadaceae	Pseudomonas	supervised	NCBI_RefSeq
GCF_050498605.1	Propionibacterium_freudenreichii_high_G+C_Gram-positive_bacteria_GCF_050498605.1	Propionibacterium freudenreichii		Actinomycetota	Actinomycetes	Propionibacteriales	Propionibacteriaceae	Propionibacterium	supervised	NCBI_RefSeq
GCA_050516505.1	Citrobacter_sp._OP27_enterobacteria_GCA_050516505.1	Citrobacter sp. OP27		Pseudomonadota	Gammaproteobacteria	Enterobacterales	Enterobacteriaceae	Citrobacter	supervised	NCBI_GenBank
GCF_000143165.1	GCF_000143165.1_ASM14316v1_genomic	GCF_000143165.1_ASM14316v1_genomic							supervised	NCBI_RefSeq
GCF_965282925.1	Klebsiella_pneumoniae_enterobacteria_GCF_965282925.1	Klebsiella pneumoniae		Pseudomonadota	Gammaproteobacteria	Enterobacterales	Enterobacteriaceae	Klebsiella	supervised	NCBI_RefSeq
GCF_050408075.1	Xanthomonas_oryzae_pv._oryzicola_g-proteobacteria_GCF_050408075.1	Xanthomonas oryzae		Pseudomonadota	Gammaproteobacteria	Lysobacterales	Lysobacteraceae	Xanthomonas	supervised	NCBI_RefSeq
GCA_050516355.1	Escherichia_coli_E._coli_GCA_050516355.1	Escherichia coli		Pseudomonadota	Gammaproteobacteria	Enterobacterales	Enterobacteriaceae	Escherichia	supervised	NCBI_GenBank
GCF_050500215.1	Streptomyces_sp._P10-4_high_G+C_Gram-positive_bacteria_GCF_050500215.1	Streptomyces sp. P10-4		Actinomycetota	Actinomycetes	Kitasatosporales	Streptomycetaceae	Streptomyces	supervised	NCBI_RefSeq
GCF_050407865.1	Bifidobacterium_dentium_high_G+C_Gram-positive_bacteria_GCF_050407865.1	Bifidobacterium dentium		Actinomycetota	Actinomycetes	Bifidobacteriales	Bifidobacteriaceae	Bifidobacterium	supervised	NCBI_RefSeq
GCF_050499725.1	Pseudomonas_aeruginosa_g-proteobacteria_GCF_050499725.1	Pseudomonas aeruginosa		Pseudomonadota	Gammaproteobacteria	Pseudomonadales	Pseudomonadaceae	Pseudomonas	supervised	NCBI_RefSeq
GCA_032629085.2	Campylobacter_coli_e-proteobacteria_GCA_032629085.2	Campylobacter coli		Campylobacterota	Epsilonproteobacteria	Campylobacterales	Campylobacteraceae	Campylobacter	supervised	NCBI_GenBank
GCF_046621105.2	Klebsiella_pneumoniae_enterobacteria_GCF_046621105.2	Klebsiella pneumoniae		Pseudomonadota	Gammaproteobacteria	Enterobacterales	Enterobacteriaceae	Klebsiella	supervised	NCBI_RefSeq
GCF_050500305.1	Klebsiella_pneumoniae_enterobacteria_GCF_050500305.1	Klebsiella pneumoniae		Pseudomonadota	Gammaproteobacteria	Enterobacterales	Enterobacteriaceae	Klebsiella	supervised	NCBI_RefSeq
GCA_050407975.1	Klebsiella_pneumoniae_enterobacteria_GCA_050407975.1	Klebsiella pneumoniae		Pseudomonadota	Gammaproteobacteria	Enterobacterales	Enterobacteriaceae	Klebsiella	supervised	NCBI_GenBank
GCF_965284685.1	Sphingorhabdus_contaminans_a-proteobacteria_GCF_965284685.1	Sphingorhabdus contaminans		Pseudomonadota	Alphaproteobacteria	Sphingomonadales	Sphingorhabdaceae	Sphingorhabdus	supervised	NCBI_RefSeq
GCA_050516315.1	Aeromonas_salmonicida_subsp._pectinolytica_g-proteobacteria_GCA_050516315.1	Aeromonas salmonicida		Pseudomonadota	Gammaproteobacteria	Aeromonadales	Aeromonadaceae	Aeromonas	supervised	NCBI_GenBank
GCF_965284295.1	Ferrovibrio_sp._a-proteobacteria_GCF_965284295.1	Ferrovibrio sp.		Pseudomonadota	Alphaproteobacteria	Rhodospirillales	Rhodospirillaceae	Ferrovibrio	supervised	NCBI_RefSeq
GCF_049262525.1	Klebsiella_variicola_enterobacteria_GCF_049262525.1	Klebsiella variicola		Pseudomonadota	Gammaproteobacteria	Enterobacterales	Enterobacteriaceae	Klebsiella	supervised	NCBI_RefSeq
GCA_050516345.1	Escherichia_coli_E._coli_GCA_050516345.1	Escherichia coli		Pseudomonadota	Gammaproteobacteria	Enterobacterales	Enterobacteriaceae	Escherichia	supervised	NCBI_GenBank
GCF_050425875.1	Klebsiella_pneumoniae_enterobacteria_GCF_050425875.1	Klebsiella pneumoniae		Pseudomonadota	Gammaproteobacteria	Enterobacterales	Enterobacteriaceae	Klebsiella	supervised	NCBI_RefSeq
GCF_000214015.3	GCF_000214015.3_version_140606_genomic	Ostreococcus tauri		Chlorophyta	Mamiellophyceae	Mamiellales	Bathycoccaceae	Ostreococcus	supervised	NCBI_RefSeq
GCF_050507665.1	Klebsiella_pneumoniae_enterobacteria_GCF_050507665.1	Klebsiella pneumoniae		Pseudomonadota	Gammaproteobacteria	Enterobacterales	Enterobacteriaceae	Klebsiella	supervised	NCBI_RefSeq
GCA_965284505.1	Pseudomonadaceae_bacterium_g-proteobacteria_GCA_965284505.1	Pseudomonadaceae bacterium		Pseudomonadota	Gammaproteobacteria	Pseudomonadales	Pseudomonadaceae		supervised	NCBI_GenBank
GCA_965284605.1	Cyclobacteriaceae_bacterium_CFB_group_bacteria_GCA_965284605.1	Cyclobacteriaceae bacterium		Bacteroidota	Cytophagia	Cytophagales	Cyclobacteriaceae		supervised	NCBI_GenBank
GCF_050408095.1	Xanthomonas_oryzae_pv._oryzicola_g-proteobacteria_GCF_050408095.1	Xanthomonas oryzae		Pseudomonadota	Gammaproteobacteria	Lysobacterales	Lysobacteraceae	Xanthomonas	supervised	NCBI_RefSeq
GCA_965284405.1	Balneola_sp._bacteria_GCA_965284405.1	Balneola sp.		Balneolota	Balneolia	Balneolales	Balneolaceae	Balneola	supervised	NCBI_GenBank
GCA_050516325.1	Leuconostoc_mesenteroides_firmicutes_GCA_050516325.1	Leuconostoc mesenteroides		Bacillota	Bacilli	Lactobacillales	Lactobacillaceae	Leuconostoc	supervised	NCBI_GenBank
GCA_047852745.2	Escherichia_coli_E._coli_GCA_047852745.2	Escherichia coli		Pseudomonadota	Gammaproteobacteria	Enterobacterales	Enterobacteriaceae	Escherichia	supervised	NCBI_GenBank
GCF_050408085.1	Xanthomonas_oryzae_pv._oryzicola_g-proteobacteria_GCF_050408085.1	Xanthomonas oryzae		Pseudomonadota	Gammaproteobacteria	Lysobacterales	Lysobacteraceae	Xanthomonas	supervised	NCBI_RefSeq
GCF_050389805.1	Niallia_sp._Krafla_26_firmicutes_GCF_050389805.1	Niallia sp. Kr1		Bacillota	Bacilli	Bacillales	Bacillaceae	Niallia	supervised	NCBI_RefSeq
GCF_050500245.1	Microcystis_ichthyoblabe_FBCC-A1114_cyanobacteria_GCF_050500245.1	Microcystis ichthyoblabe		Cyanobacteriota	Cyanophyceae	Chroococcales	Microcystaceae	Microcystis	supervised	NCBI_RefSeq
GCA_965284655.1	Oceanicaulis_sp._a-proteobacteria_GCA_965284655.1	Oceanicaulis sp.		Pseudomonadota	Alphaproteobacteria	Maricaulales	Maricaulaceae	Oceanicaulis	supervised	NCBI_GenBank
GCA_047335505.2	Klebsiella_pneumoniae_enterobacteria_GCA_047335505.2	Klebsiella pneumoniae		Pseudomonadota	Gammaproteobacteria	Enterobacterales	Enterobacteriaceae	Klebsiella	supervised	NCBI_GenBank
GCF_050507655.1	Thalassolituus_sp._LLYu03_g-proteobacteria_GCF_050507655.1	Thalassolituus sp. LLYu03		Pseudomonadota	Gammaproteobacteria	Oceanospirillales	Oceanospirillaceae	Thalassolituus	supervised	NCBI_RefSeq
GCA_965284565.1	Vicingaceae_bacterium_CFB_group_bacteria_GCA_965284565.1	Vicingaceae bacterium		Bacteroidota	Flavobacteriia	Flavobacteriales	Vicingaceae		supervised	NCBI_GenBank
GCF_000165345.1	GCF_000165345.1_ASM16534v1_genomic	Cryptosporidium parvum		Apicomplexa	Conoidasida	Eucoccidiorida	Cryptosporidiidae	Cryptosporidium	supervised	NCBI_RefSeq
GCA_965284445.1	Crocinitomicaceae_bacterium_CFB_group_bacteria_GCA_965284445.1	Crocinitomicaceae bacterium		Bacteroidota	Flavobacteriia	Flavobacteriales	Crocinitomicaceae		supervised	NCBI_GenBank
GCF_050430075.1	Robbsia_andropogonis_b-proteobacteria_GCF_050430075.1	Robbsia andropogonis		Pseudomonadota	Betaproteobacteria	Burkholderiales	Burkholderiaceae	Robbsia	supervised	NCBI_RefSeq
GCF_014698065.1	GCF_014698065.1_ASM1469806v1_genomic	Nostoc flagelliforme		Cyanobacteriota	Cyanophyceae	Nostocales	Nostocaceae	Nostoc	unsupervised	NCBI_RefSeq
GCF_027663505.1	GCF_027663505.1_ASM2766350v1_genomic	Leuconostoc mesenteroides		Bacillota	Bacilli	Lactobacillales	Lactobacillaceae	Leuconostoc	supervised	NCBI_RefSeq
GCF_004305995.1	GCF_004305995.1_ASM430599v1_genomic	Microcystis aeruginosa		Cyanobacteriota	Cyanophyceae	Chroococcales	Microcystaceae	Microcystis	supervised	NCBI_RefSeq
GCF_026616915.1	GCF_026616915.1_ASM2661691v1_genomic	Leuconostoc gelidum		Bacillota	Bacilli	Lactobacillales	Lactobacillaceae	Leuconostoc	supervised	NCBI_RefSeq
GCF_014280035.1	GCF_014280035.1_ASM1428003v1_genomic	Synechococcus sp. A18-25c		Cyanobacteriota	Cyanophyceae	Synechococcales	Synechococcaceae	Synechococcus	supervised	NCBI_RefSeq
GCF_020088785.1	GCF_020088785.1_ASM2008878v1_genomic	Leuconostoc gasicomitatum		Bacillota	Bacilli	Lactobacillales	Lactobacillaceae	Leuconostoc	supervised	NCBI_RefSeq
GCF_020244595.1	GCF_020244595.1_ASM2024459v1_genomic	Microcystis sp. M63BS1		Cyanobacteriota	Cyanophyceae	Chroococcales	Microcystaceae	Microcystis	supervised	NCBI_RefSeq
GCF_023650955.1	GCF_023650955.1_ASM2365095v1_genomic	Thermosynechococcus sp. HN-54		Cyanobacteriota	Cyanophyceae	Acaryochloridales	Thermosynechococcaceae	Thermosynechococcus	supervised	NCBI_RefSeq
GCF_019325005.1	GCF_019325005.1_ASM1932500v1_genomic	Prochlorococcus marinus		Cyanobacteriota	Cyanophyceae	Synechococcales	Prochlorococcaceae	Prochlorococcus	supervised	NCBI_RefSeq
GCF_047462475.1	GCF_047462475.1_ASM4746247v1_genomic	Synechococcus sp. H55.11		Cyanobacteriota	Cyanophyceae	Synechococcales	Synechococcaceae	Synechococcus	supervised	NCBI_RefSeq
GCF_028620235.1	GCF_028620235.1_ASM2862023v1_genomic	Leuconostoc mesenteroides		Bacillota	Bacilli	Lactobacillales	Lactobacillaceae	Leuconostoc	supervised	NCBI_RefSeq
GCF_000760255.1	GCF_000760255.1_ASM76025v1_genomic	Prochlorococcus marinus		Cyanobacteriota	Cyanophyceae	Synechococcales	Prochlorococcaceae	Prochlorococcus	supervised	NCBI_RefSeq
GCF_018993745.1	GCF_018993745.1_ASM1899374v1_genomic	Leuconostoc fallax		Bacillota	Bacilli	Lactobacillales	Lactobacillaceae	Leuconostoc	supervised	NCBI_RefSeq
GCF_015841355.1	GCF_015841355.1_ASM1584135v1_genomic	Synechococcus sp. CBW1107		Cyanobacteriota	Cyanophyceae	Synechococcales	Synechococcaceae	Synechococcus	supervised	NCBI_RefSeq
GCF_024345835.1	GCF_024345835.1_ASM2434583v1_genomic	Synechococcus sp. HJ21-Hayes		Cyanobacteriota	Cyanophyceae	Synechococcales	Synechococcaceae	Synechococcus	supervised	NCBI_RefSeq
GCF_046316335.1	GCF_046316335.1_ASM4631633v1_genomic	Microcystis sp.		Cyanobacteriota	Cyanophyceae	Chroococcales	Microcystaceae	Microcystis	supervised	NCBI_RefSeq
GCF_964245805.1	GCF_964245805.1_public_SRR11456915_metawrap_bin.3_genomic	uncultured Nostoc sp.		Cyanobacteriota	Cyanophyceae	Nostocales	Nostocaceae	Nostoc	supervised	NCBI_RefSeq
GCF_024345735.1	GCF_024345735.1_ASM2434573v1_genomic	Synechococcus lacustris		Cyanobacteriota	Cyanophyceae	Synechococcales	Synechococcaceae	Synechococcus	supervised	NCBI_RefSeq
GCF_027675625.1	GCF_027675625.1_ASM2767562v1_genomic	Leuconostoc mesenteroides		Bacillota	Bacilli	Lactobacillales	Lactobacillaceae	Leuconostoc	supervised	NCBI_RefSeq
GCF_001180245.1	GCF_001180245.1_CLC_assembled_contigs_genomic	Prochlorococcus marinus		Cyanobacteriota	Cyanophyceae	Synechococcales	Prochlorococcaceae	Prochlorococcus	supervised	NCBI_RefSeq
GCF_963870475.1	GCF_963870475.1_ena-yuan-GCF_001693275.1_genomic	Picosynechococcus sp. PCC 7117		Cyanobacteriota	Cyanophyceae	Chroococcales	Geminocystaceae	Picosynechococcus	supervised	NCBI_RefSeq
GCF_047720665.1	GCF_047720665.1_ASM4772066v1_genomic	Leuconostoc pseudomesenteroides		Bacillota	Bacilli	Lactobacillales	Lactobacillaceae	Leuconostoc	supervised	NCBI_RefSeq
GCF_020089375.1	GCF_020089375.1_ASM2008937v1_genomic	Leuconostoc gelidum		Bacillota	Bacilli	Lactobacillales	Lactobacillaceae	Leuconostoc	supervised	NCBI_RefSeq
GCF_019656035.1	GCF_019656035.1_ASM1965603v1_genomic	Leuconostoc lactis		Bacillota	Bacilli	Lactobacillales	Lactobacillaceae	Leuconostoc	supervised	NCBI_RefSeq
GCF_036919595.1	GCF_036919595.1_ASM3691959v1_genomic	Nostoc sp.		Cyanobacteriota	Cyanophyceae	Nostocales	Nostocaceae	Nostoc	supervised	NCBI_RefSeq
GCF_000330925.1	GCF_000330925.1_MicAerT1.0_genomic	Microcystis aeruginosa		Cyanobacteriota	Cyanophyceae	Chroococcales	Microcystaceae	Microcystis	supervised	NCBI_RefSeq
GCF_027359415.1	GCF_027359415.1_ASM2735941v1_genomic	Prochlorococcus marinus		Cyanobacteriota	Cyanophyceae	Synechococcales	Prochlorococcaceae	Prochlorococcus	supervised	NCBI_RefSeq
GCF_036917675.1	GCF_036917675.1_ASM3691767v1_genomic	Nostoc sp.		Cyanobacteriota	Cyanophyceae	Nostocales	Nostocaceae	Nostoc	supervised	NCBI_RefSeq
GCF_002608345.1	GCF_002608345.1_ASM260834v1_genomic	Nostoc linckia		Cyanobacteriota	Cyanophyceae	Nostocales	Nostocaceae	Nostoc	supervised	NCBI_RefSeq
GCF_046306815.1	GCF_046306815.1_ASM4630681v1_genomic	Microcystis sp.		Cyanobacteriota	Cyanophyceae	Chroococcales	Microcystaceae	Microcystis	supervised	NCBI_RefSeq
GCF_029379315.1	GCF_029379315.1_ASM2937931v1_genomic	Nostoc sp. S13		Cyanobacteriota	Cyanophyceae	Nostocales	Nostocaceae	Nostoc	supervised	NCBI_RefSeq
GCF_014698835.1	GCF_014698835.1_ASM1469883v1_genomic	Nostoc paludosum		Cyanobacteriota	Cyanophyceae	Nostocales	Nostocaceae	Nostoc	supervised	NCBI_RefSeq
GCF_000586015.1	GCF_000586015.1_SynSpo.0_genomic	Candidatus Synechococcus spongiarum		Cyanobacteriota	Cyanophyceae	Synechococcales	Synechococcaceae	Synechococcus	supervised	NCBI_RefSeq
GCF_047304245.1	GCF_047304245.1_ASM4730424v1_genomic	Synechococcus sp. MIT S9452		Cyanobacteriota	Cyanophyceae	Synechococcales	Synechococcaceae	Synechococcus	supervised	NCBI_RefSeq
GCF_022984265.1	GCF_022984265.1_ASM2298426v1_genomic	Synechococcus elongatus		Cyanobacteriota	Cyanophyceae	Synechococcales	Synechococcaceae	Synechococcus	supervised	NCBI_RefSeq
GCF_002115685.1	GCF_002115685.1_ASM211568v1_genomic	Leuconostoc citreum		Bacillota	Bacilli	Lactobacillales	Lactobacillaceae	Leuconostoc	supervised	NCBI_RefSeq
GCF_019655995.1	GCF_019655995.1_ASM1965599v1_genomic	Leuconostoc holzapfelii		Bacillota	Bacilli	Lactobacillales	Lactobacillaceae	Leuconostoc	supervised	NCBI_RefSeq
GCF_028330705.1	GCF_028330705.1_ASM2833070v1_genomic	Microcystis aeruginosa		Cyanobacteriota	Cyanophyceae	Chroococcales	Microcystaceae	Microcystis	supervised	NCBI_RefSeq
GCF_020246405.1	GCF_020246405.1_ASM2024640v1_genomic	Microcystis sp. M083S1		Cyanobacteriota	Cyanophyceae	Chroococcales	Microcystaceae	Microcystis	supervised	NCBI_RefSeq
GCF_014217855.1	GCF_014217855.1_ASM1421785v1_genomic	Synechococcus sp. HK01-R		Cyanobacteriota	Cyanophyceae	Synechococcales	Synechococcaceae	Synechococcus	supervised	NCBI_RefSeq
GCF_020245545.1	GCF_020245545.1_ASM2024554v1_genomic	Microcystis sp. M065S2		Cyanobacteriota	Cyanophyceae	Chroococcales	Microcystaceae	Microcystis	supervised	NCBI_RefSeq
GCF_047462395.1	GCF_047462395.1_ASM4746239v1_genomic	Synechococcus sp. H55.7		Cyanobacteriota	Cyanophyceae	Synechococcales	Synechococcaceae	Synechococcus	supervised	NCBI_RefSeq
GCF_020245825.1	GCF_020245825.1_ASM2024582v1_genomic	Microcystis sp. M176S2		Cyanobacteriota	Cyanophyceae	Chroococcales	Microcystaceae	Microcystis	supervised	NCBI_RefSeq
GCF_047461855.1	GCF_047461855.1_ASM4746185v1_genomic	Synechococcus sp. R60.3		Cyanobacteriota	Cyanophyceae	Synechococcales	Synechococcaceae	Synechococcus	supervised	NCBI_RefSeq
GCF_000312265.1	GCF_000312265.1_ASM31226v1_genomic	Microcystis aeruginosa		Cyanobacteriota	Cyanophyceae	Chroococcales	Microcystaceae	Microcystis	supervised	NCBI_RefSeq
GCF_027942295.1	GCF_027942295.1_ASM2794229v1_genomic	Pseudanabaena sp. Chao 1811		Cyanobacteriota	Cyanophyceae	Pseudanabaenales	Pseudanabaenaceae	Pseudanabaena	supervised	NCBI_RefSeq
GCF_000760355.1	GCF_000760355.1_ASM76035v1_genomic	Prochlorococcus marinus		Cyanobacteriota	Cyanophyceae	Synechococcales	Prochlorococcaceae	Prochlorococcus	supervised	NCBI_RefSeq
GCF_047725245.1	GCF_047725245.1_ASM4772524v1_genomic	Leuconostoc pseudomesenteroides		Bacillota	Bacilli	Lactobacillales	Lactobacillaceae	Leuconostoc	supervised	NCBI_RefSeq
GCF_036917975.1	GCF_036917975.1_ASM3691797v1_genomic	Nostoc sp.		Cyanobacteriota	Cyanophyceae	Nostocales	Nostocaceae	Nostoc	supervised	NCBI_RefSeq
GCF_027532015.1	GCF_027532015.1_ASM2753201v1_genomic	Microcystis sp. LE19-131.1A		Cyanobacteriota	Cyanophyceae	Chroococcales	Microcystaceae	Microcystis	supervised	NCBI_RefSeq
GCF_000012505.1	GCF_000012505.1_ASM1250v1_genomic	Synechococcus sp. CC9902		Cyanobacteriota	Cyanophyceae	Synechococcales	Synechococcaceae	Synechococcus	supervised	NCBI_RefSeq
GCF_047302725.1	GCF_047302725.1_ASM4730272v1_genomic	Prochlorococcus sp. Dvax-bc1017		Cyanobacteriota	Cyanophyceae	Synechococcales	Prochlorococcaceae	Prochlorococcus	supervised	NCBI_RefSeq
GCF_047502745.1	GCF_047502745.1_ASM4750274v1_genomic	Synechococcus sp. F70.1		Cyanobacteriota	Cyanophyceae	Synechococcales	Synechococcaceae	Synechococcus	supervised	NCBI_RefSeq
GCF_014634865.1	GCF_014634865.1_ASM1463486v1_genomic	Leuconostoc falkenbergense		Bacillota	Bacilli	Lactobacillales	Lactobacillaceae	Leuconostoc	supervised	NCBI_RefSeq
GCF_047305155.1	GCF_047305155.1_ASM4730515v1_genomic	Prochlorococcus sp. MIT 0916		Cyanobacteriota	Cyanophyceae	Synechococcales	Prochlorococcaceae	Prochlorococcus	supervised	NCBI_RefSeq
GCF_020246185.1	GCF_020246185.1_ASM2024618v1_genomic	Microcystis sp. M113S2		Cyanobacteriota	Cyanophyceae	Chroococcales	Microcystaceae	Microcystis	supervised	NCBI_RefSeq
GCF_030518695.1	GCF_030518695.1_ASM3051869v1_genomic	Thermosynechococcus sp. PP45		Cyanobacteriota	Cyanophyceae	Acaryochloridales	Thermosynechococcaceae	Thermosynechococcus	supervised	NCBI_RefSeq
GCF_019927125.1	GCF_019927125.1_ASM1992712v1_genomic	Leuconostoc mesenteroides		Bacillota	Bacilli	Lactobacillales	Lactobacillaceae	Leuconostoc	supervised	NCBI_RefSeq
GCF_038320945.1	GCF_038320945.1_ASM3832094v1_genomic	Leuconostoc mesenteroides		Bacillota	Bacilli	Lactobacillales	Lactobacillaceae	Leuconostoc	supervised	NCBI_RefSeq
GCF_018502385.1	GCF_018502385.1_ASM1850238v1_genomic	Synechococcus sp. LA31		Cyanobacteriota	Cyanophyceae	Synechococcales	Synechococcaceae	Synechococcus	supervised	NCBI_RefSeq
GCF_047727595.1	GCF_047727595.1_ASM4772759v1_genomic	Leuconostoc pseudomesenteroides		Bacillota	Bacilli	Lactobacillales	Lactobacillaceae	Leuconostoc	supervised	NCBI_RefSeq
GCF_028620055.1	GCF_028620055.1_ASM2862005v1_genomic	Leuconostoc mesenteroides		Bacillota	Bacilli	Lactobacillales	Lactobacillaceae	Leuconostoc	supervised	NCBI_RefSeq
GCF_002760375.1	GCF_002760375.1_ASM276037v1_genomic	Synechococcus sp. 60AY4M2		Cyanobacteriota	Cyanophyceae	Synechococcales	Synechococcaceae	Synechococcus	supervised	NCBI_RefSeq
GCF_020246665.1	GCF_020246665.1_ASM2024666v1_genomic	Microcystis sp. M045S1		Cyanobacteriota	Cyanophyceae	Chroococcales	Microcystaceae	Microcystis	supervised	NCBI_RefSeq
GCF_026240235.1	GCF_026240235.1_ASM2624023v1_genomic	Leuconostoc mesenteroides		Bacillota	Bacilli	Lactobacillales	Lactobacillaceae	Leuconostoc	supervised	NCBI_RefSeq
GCF_027676085.1	GCF_027676085.1_ASM2767608v1_genomic	Leuconostoc citreum		Bacillota	Bacilli	Lactobacillales	Lactobacillaceae	Leuconostoc	supervised	NCBI_RefSeq
GCF_000196515.1	GCF_000196515.1_ASM19651v1_genomic	Trichormus azollae		Cyanobacteriota	Cyanophyceae	Nostocales	Nostocaceae	Trichormus	supervised	NCBI_RefSeq
GCF_027531715.1	GCF_027531715.1_ASM2753171v1_genomic	Microcystis sp. LE19-8.1F		Cyanobacteriota	Cyanophyceae	Chroococcales	Microcystaceae	Microcystis	supervised	NCBI_RefSeq
GCF_019038465.1	GCF_019038465.1_ASM1903846v1_genomic	Synechococcus sp. CCY 0621		Cyanobacteriota	Cyanophyceae	Synechococcales	Synechococcaceae	Synechococcus	supervised	NCBI_RefSeq
GCF_029823355.1	GCF_029823355.1_ASM2982335v1_genomic	Leuconostoc pseudomesenteroides		Bacillota	Bacilli	Lactobacillales	Lactobacillaceae	Leuconostoc	supervised	NCBI_RefSeq
GCF_009913915.1	GCF_009913915.1_ASM991391v1_genomic	Leuconostoc mesenteroides		Bacillota	Bacilli	Lactobacillales	Lactobacillaceae	Leuconostoc	supervised	NCBI_RefSeq
GCF_020246215.1	GCF_020246215.1_ASM2024621v1_genomic	Microcystis sp. M112S2		Cyanobacteriota	Cyanophyceae	Chroococcales	Microcystaceae	Microcystis	supervised	NCBI_RefSeq
GCF_036918095.1	GCF_036918095.1_ASM3691809v1_genomic	Nostoc sp.		Cyanobacteriota	Cyanophyceae	Nostocales	Nostocaceae	Nostoc	supervised	NCBI_RefSeq
GCF_028328965.1	GCF_028328965.1_ASM2832896v1_genomic	Microcystis aeruginosa		Cyanobacteriota	Cyanophyceae	Chroococcales	Microcystaceae	Microcystis	supervised	NCBI_RefSeq
GCF_020088885.1	GCF_020088885.1_ASM2008888v1_genomic	Leuconostoc gasicomitatum		Bacillota	Bacilli	Lactobacillales	Lactobacillaceae	Leuconostoc	supervised	NCBI_RefSeq
GCF_014698735.1	GCF_014698735.1_ASM1469873v1_genomic	Anabaena catenula		Cyanobacteriota	Cyanophyceae	Nostocales	Nostocaceae	Anabaena	supervised	NCBI_RefSeq
GCF_026810245.1	GCF_026810245.1_ASM2681024v1_genomic	Leuconostoc pseudomesenteroides		Bacillota	Bacilli	Lactobacillales	Lactobacillaceae	Leuconostoc	supervised	NCBI_RefSeq
GCF_031583335.1	GCF_031583335.1_ASM3158333v1_genomic	Thermosynechococcus sp. WL11		Cyanobacteriota	Cyanophyceae	Acaryochloridales	Thermosynechococcaceae	Thermosynechococcus	supervised	NCBI_RefSeq
GCF_047461755.1	GCF_047461755.1_ASM4746175v1_genomic	Synechococcus sp. R65.1		Cyanobacteriota	Cyanophyceae	Synechococcales	Synechococcaceae	Synechococcus	supervised	NCBI_RefSeq
GCF_964247315.1	GCF_964247315.1_public_SRR14721954_metawrap_bin.4_genomic	uncultured Nostoc sp.		Cyanobacteriota	Cyanophyceae	Nostocales	Nostocaceae	Nostoc	supervised	NCBI_RefSeq
GCF_025188685.1	GCF_025188685.1_ASM2518868v1_genomic	Leuconostoc citreum		Bacillota	Bacilli	Lactobacillales	Lactobacillaceae	Leuconostoc	supervised	NCBI_RefSeq
GCF_020246965.1	GCF_020246965.1_ASM2024696v1_genomic	Microcystis sp. M110S1		Cyanobacteriota	Cyanophyceae	Chroococcales	Microcystaceae	Microcystis	supervised	NCBI_RefSeq
GCF_002092245.1	GCF_002092245.1_ASM209224v1_genomic	Leuconostoc mesenteroides		Bacillota	Bacilli	Lactobacillales	Lactobacillaceae	Leuconostoc	supervised	NCBI_RefSeq
GCF_047497125.1	GCF_047497125.1_ASM4749712v1_genomic	Prochlorococcus marinus		Cyanobacteriota	Cyanophyceae	Synechococcales	Prochlorococcaceae	Prochlorococcus	supervised	NCBI_RefSeq
GCF_000317065.1	GCF_000317065.1_ASM31706v1_genomic	Thalassoporum mexicanum		Cyanobacteriota	Cyanophyceae	Pseudanabaenales	Thalassoporaceae	Thalassoporum	supervised	NCBI_RefSeq
GCF_047303045.1	GCF_047303045.1_ASM4730304v1_genomic	Synechococcus sp. MIT S9508		Cyanobacteriota	Cyanophyceae	Synechococcales	Synechococcaceae	Synechococcus	supervised	NCBI_RefSeq
GCF_020245725.1	GCF_020245725.1_ASM2024572v1_genomic	Microcystis sp. M038S2		Cyanobacteriota	Cyanophyceae	Chroococcales	Microcystaceae	Microcystis	supervised	NCBI_RefSeq
GCF_014696335.1	GCF_014696335.1_ASM1469633v1_genomic	Anabaena sp. FACHB-1250		Cyanobacteriota	Cyanophyceae	Nostocales	Nostocaceae	Anabaena	supervised	NCBI_RefSeq
GCF_014634765.1	GCF_014634765.1_ASM1463476v1_genomic	Leuconostoc pseudomesenteroides		Bacillota	Bacilli	Lactobacillales	Lactobacillaceae	Leuconostoc	supervised	NCBI_RefSeq
GCF_020089285.1	GCF_020089285.1_ASM2008928v1_genomic	Leuconostoc gelidum		Bacillota	Bacilli	Lactobacillales	Lactobacillaceae	Leuconostoc	supervised	NCBI_RefSeq
GCF_028619495.1	GCF_028619495.1_ASM2861949v1_genomic	Leuconostoc mesenteroides		Bacillota	Bacilli	Lactobacillales	Lactobacillaceae	Leuconostoc	supervised	NCBI_RefSeq
GCF_023630635.1	GCF_023630635.1_ASM2363063v1_genomic	Synechococcus sp. MU1651		Cyanobacteriota	Cyanophyceae	Synechococcales	Synechococcaceae	Synechococcus	supervised	NCBI_RefSeq
GCF_002425565.1	GCF_002425565.1_ASM242556v1_genomic	Leuconostoc lactis		Bacillota	Bacilli	Lactobacillales	Lactobacillaceae	Leuconostoc	supervised	NCBI_RefSeq
GCF_025128175.1	GCF_025128175.1_ASM2512817v1_genomic	Synechococcus sp. CS-602		Cyanobacteriota	Cyanophyceae	Synechococcales	Synechococcaceae	Synechococcus	supervised	NCBI_RefSeq
GCF_008690965.1	GCF_008690965.1_ASM869096v1_genomic	Leuconostoc carnosum		Bacillota	Bacilli	Lactobacillales	Lactobacillaceae	Leuconostoc	supervised	NCBI_RefSeq
GCF_002095975.1	GCF_002095975.1_ASM209597v1_genomic	Microcystis aeruginosa		Cyanobacteriota	Cyanophyceae	Chroococcales	Microcystaceae	Microcystis	supervised	NCBI_RefSeq
GCF_028619855.1	GCF_028619855.1_ASM2861985v1_genomic	Leuconostoc mesenteroides		Bacillota	Bacilli	Lactobacillales	Lactobacillaceae	Leuconostoc	supervised	NCBI_RefSeq
GCF_014697455.1	GCF_014697455.1_ASM1469745v1_genomic	Nostoc sp. FACHB-145		Cyanobacteriota	Cyanophyceae	Nostocales	Nostocaceae	Nostoc	supervised	NCBI_RefSeq
GCF_028619755.1	GCF_028619755.1_ASM2861975v1_genomic	Leuconostoc mesenteroides		Bacillota	Bacilli	Lactobacillales	Lactobacillaceae	Leuconostoc	supervised	NCBI_RefSeq
GCF_036917415.1	GCF_036917415.1_ASM3691741v1_genomic	Nostoc sp.		Cyanobacteriota	Cyanophyceae	Nostocales	Nostocaceae	Nostoc	supervised	NCBI_RefSeq
GCF_001184245.1	GCF_001184245.1_ASM118424v1_genomic	Leuconostoc mesenteroides		Bacillota	Bacilli	Lactobacillales	Lactobacillaceae	Leuconostoc	supervised	NCBI_RefSeq
GCF_030585425.1	GCF_030585425.1_ASM3058542v1_genomic	Leuconostoc carnosum		Bacillota	Bacilli	Lactobacillales	Lactobacillaceae	Leuconostoc	supervised	NCBI_RefSeq
GCF_020245525.1	GCF_020245525.1_ASM2024552v1_genomic	Microcystis sp. M069S2		Cyanobacteriota	Cyanophyceae	Chroococcales	Microcystaceae	Microcystis	supervised	NCBI_RefSeq
GCF_943371655.1	GCF_943371655.1_JJ-MEM4D-83-5-m1-bin337_genomic	Synechococcus sp. UW140		Cyanobacteriota	Cyanophyceae	Synechococcales	Synechococcaceae	Synechococcus	supervised	NCBI_RefSeq
GCF_015207885.1	GCF_015207885.1_ASM1520788v1_genomic	Microcystis aeruginosa		Cyanobacteriota	Cyanophyceae	Chroococcales	Microcystaceae	Microcystis	supervised	NCBI_RefSeq
GCF_900322425.1	GCF_900322425.1_MFPA29A1405_assemby_v1_genomic	Leuconostoc carnosum		Bacillota	Bacilli	Lactobacillales	Lactobacillaceae	Leuconostoc	supervised	NCBI_RefSeq
GCF_027359395.1	GCF_027359395.1_ASM2735939v1_genomic	Prochlorococcus marinus		Cyanobacteriota	Cyanophyceae	Synechococcales	Prochlorococcaceae	Prochlorococcus	supervised	NCBI_RefSeq
GCF_020245745.1	GCF_020245745.1_ASM2024574v1_genomic	Microcystis sp. M037S2		Cyanobacteriota	Cyanophyceae	Chroococcales	Microcystaceae	Microcystis	supervised	NCBI_RefSeq
GCF_014207505.1	GCF_014207505.1_ASM1420750v1_genomic	Leuconostoc carnosum		Bacillota	Bacilli	Lactobacillales	Lactobacillaceae	Leuconostoc	supervised	NCBI_RefSeq
GCF_006382035.1	GCF_006382035.1_ASM638203v1_genomic	Leuconostoc pseudomesenteroides		Bacillota	Bacilli	Lactobacillales	Lactobacillaceae	Leuconostoc	supervised	NCBI_RefSeq
GCF_000015665.1	GCF_000015665.1_ASM1566v1_genomic	Prochlorococcus marinus		Cyanobacteriota	Cyanophyceae	Synechococcales	Prochlorococcaceae	Prochlorococcus	supervised	NCBI_RefSeq
GCF_028329095.1	GCF_028329095.1_ASM2832909v1_genomic	Microcystis sp. CS-574		Cyanobacteriota	Cyanophyceae	Chroococcales	Microcystaceae	Microcystis	supervised	NCBI_RefSeq
GCF_008807075.1	GCF_008807075.1_ASM880707v1_genomic	Synechococcus sp. RSCCF101		Cyanobacteriota	Cyanophyceae	Synechococcales	Synechococcaceae	Synechococcus	supervised	NCBI_RefSeq
GCF_000234825.3	GCF_000234825.3_ASM23482v3_genomic	Leuconostoc mesenteroides		Bacillota	Bacilli	Lactobacillales	Lactobacillaceae	Leuconostoc	supervised	NCBI_RefSeq
GCF_020246015.1	GCF_020246015.1_ASM2024601v1_genomic	Microcystis sp. M145S2		Cyanobacteriota	Cyanophyceae	Chroococcales	Microcystaceae	Microcystis	supervised	NCBI_RefSeq
GCF_047462415.1	GCF_047462415.1_ASM4746241v1_genomic	Synechococcus sp. H55.6		Cyanobacteriota	Cyanophyceae	Synechococcales	Synechococcaceae	Synechococcus	supervised	NCBI_RefSeq
GCF_043634175.1	GCF_043634175.1_ASM4363417v1_genomic	Leuconostoc suionicum		Bacillota	Bacilli	Lactobacillales	Lactobacillaceae	Leuconostoc	supervised	NCBI_RefSeq
GCF_002252665.1	GCF_002252665.1_ASM225266v1_genomic	Synechococcus sp. 8F6		Cyanobacteriota	Cyanophyceae	Synechococcales	Synechococcaceae	Synechococcus	supervised	NCBI_RefSeq
GCF_000737535.1	GCF_000737535.1_ASM73753v1_genomic	Synechococcus sp. KORDI-100		Cyanobacteriota	Cyanophyceae	Synechococcales	Synechococcaceae	Synechococcus	supervised	NCBI_RefSeq
GCF_015553465.1	GCF_015553465.1_ASM1555346v1_genomic	Leuconostoc lactis		Bacillota	Bacilli	Lactobacillales	Lactobacillaceae	Leuconostoc	supervised	NCBI_RefSeq
GCF_036917395.1	GCF_036917395.1_ASM3691739v1_genomic	Nostoc sp.		Cyanobacteriota	Cyanophyceae	Nostocales	Nostocaceae	Nostoc	supervised	NCBI_RefSeq
GCF_028619735.1	GCF_028619735.1_ASM2861973v1_genomic	Leuconostoc mesenteroides		Bacillota	Bacilli	Lactobacillales	Lactobacillaceae	Leuconostoc	supervised	NCBI_RefSeq
GCF_003443655.1	GCF_003443655.1_ASM344365v1_genomic	Nostoc sphaeroides		Cyanobacteriota	Cyanophyceae	Nostocales	Nostocaceae	Nostoc	supervised	NCBI_RefSeq
GCF_004332405.1	GCF_004332405.1_ASM433240v1_genomic	Synechococcus sp. BS56D		Cyanobacteriota	Cyanophyceae	Synechococcales	Synechococcaceae	Synechococcus	supervised	NCBI_RefSeq
GCF_964186745.1	GCF_964186745.1_AMBP-0460_genomic	Leuconostoc citreum		Bacillota	Bacilli	Lactobacillales	Lactobacillaceae	Leuconostoc	supervised	NCBI_RefSeq
GCF_019325105.1	GCF_019325105.1_ASM1932510v1_genomic	Prochlorococcus marinus		Cyanobacteriota	Cyanophyceae	Synechococcales	Prochlorococcaceae	Prochlorococcus	supervised	NCBI_RefSeq
GCF_046309415.1	GCF_046309415.1_ASM4630941v1_genomic	Microcystis sp.		Cyanobacteriota	Cyanophyceae	Chroococcales	Microcystaceae	Microcystis	supervised	NCBI_RefSeq
GCF_047720865.1	GCF_047720865.1_ASM4772086v1_genomic	Leuconostoc pseudomesenteroides		Bacillota	Bacilli	Lactobacillales	Lactobacillaceae	Leuconostoc	supervised	NCBI_RefSeq
GCF_000760095.1	GCF_000760095.1_ASM76009v1_genomic	Prochlorococcus marinus		Cyanobacteriota	Cyanophyceae	Synechococcales	Prochlorococcaceae	Prochlorococcus	supervised	NCBI_RefSeq
GCF_964187085.1	GCF_964187085.1_AMBP-0451_genomic	Leuconostoc citreum		Bacillota	Bacilli	Lactobacillales	Lactobacillaceae	Leuconostoc	supervised	NCBI_RefSeq
GCF_020245625.1	GCF_020245625.1_ASM2024562v1_genomic	Microcystis sp. M049S2		Cyanobacteriota	Cyanophyceae	Chroococcales	Microcystaceae	Microcystis	supervised	NCBI_RefSeq
GCF_025188785.1	GCF_025188785.1_ASM2518878v1_genomic	Leuconostoc citreum		Bacillota	Bacilli	Lactobacillales	Lactobacillaceae	Leuconostoc	supervised	NCBI_RefSeq
GCF_030269065.1	GCF_030269065.1_ASM3026906v1_genomic	Leuconostoc mesenteroides		Bacillota	Bacilli	Lactobacillales	Lactobacillaceae	Leuconostoc	supervised	NCBI_RefSeq
GCF_009711975.1	GCF_009711975.1_ASM971197v1_genomic	Anabaena sp. UHCC 0204		Cyanobacteriota	Cyanophyceae	Nostocales	Nostocaceae	Anabaena	supervised	NCBI_RefSeq
GCF_024054375.1	GCF_024054375.1_ASM2405437v1_genomic	Leuconostoc fallax		Bacillota	Bacilli	Lactobacillales	Lactobacillaceae	Leuconostoc	supervised	NCBI_RefSeq
GCF_902536725.1	GCF_902536725.1_AG-349-G23_genomic	uncultured Prochlorococcus sp.		Cyanobacteriota	Cyanophyceae	Synechococcales	Prochlorococcaceae	Prochlorococcus	supervised	NCBI_RefSeq
GCF_024498575.1	GCF_024498575.1_ASM2449857v1_genomic	Leuconostoc mesenteroides		Bacillota	Bacilli	Lactobacillales	Lactobacillaceae	Leuconostoc	supervised	NCBI_RefSeq
GCF_002760415.1	GCF_002760415.1_ASM276041v1_genomic	Synechococcus sp. 65AY6A5		Cyanobacteriota	Cyanophyceae	Synechococcales	Synechococcaceae	Synechococcus	supervised	NCBI_RefSeq
GCF_963870205.1	GCF_963870205.1_ena-yuan-GCF_001597855.1_genomic	Anabaena sp. CA = ATCC 33047		Cyanobacteriota	Cyanophyceae	Nostocales	Nostocaceae	Anabaena	supervised	NCBI_RefSeq
GCF_023743945.1	GCF_023743945.1_ASM2374394v1_genomic	Leuconostoc mesenteroides		Bacillota	Bacilli	Lactobacillales	Lactobacillaceae	Leuconostoc	supervised	NCBI_RefSeq
GCF_000759885.1	GCF_000759885.1_ASM75988v1_genomic	Prochlorococcus marinus		Cyanobacteriota	Cyanophyceae	Synechococcales	Prochlorococcaceae	Prochlorococcus	supervised	NCBI_RefSeq
GCF_900473895.1	GCF_900473895.1_N32_genomic	Synechococcus sp. N32		Cyanobacteriota	Cyanophyceae	Synechococcales	Synechococcaceae	Synechococcus	supervised	NCBI_RefSeq
GCF_900290445.1	GCF_900290445.1_Le_mesenteroides_CECT_9217_Spades_Prokka_genomic	Leuconostoc mesenteroides		Bacillota	Bacilli	Lactobacillales	Lactobacillaceae	Leuconostoc	supervised	NCBI_RefSeq
GCF_963870435.1	GCF_963870435.1_ena-yuan-GCF_001693295.1_genomic	Picosynechococcus sp. PCC 8807		Cyanobacteriota	Cyanophyceae	Chroococcales	Geminocystaceae	Picosynechococcus	supervised	NCBI_RefSeq
GCF_036918295.1	GCF_036918295.1_ASM3691829v1_genomic	Nostoc sp.		Cyanobacteriota	Cyanophyceae	Nostocales	Nostocaceae	Nostoc	supervised	NCBI_RefSeq
GCF_000312705.1	GCF_000312705.1_ASM31270v1_genomic	Anabaena sp. 90		Cyanobacteriota	Cyanophyceae	Nostocales	Nostocaceae	Anabaena	supervised	NCBI_RefSeq
GCF_025127995.1	GCF_025127995.1_ASM2512799v1_genomic	Synechococcus sp. CS-1332		Cyanobacteriota	Cyanophyceae	Synechococcales	Synechococcaceae	Synechococcus	supervised	NCBI_RefSeq
GCF_014696825.1	GCF_014696825.1_ASM1469682v1_genomic	Anabaena sphaerica		Cyanobacteriota	Cyanophyceae	Nostocales	Nostocaceae	Anabaena	supervised	NCBI_RefSeq
GCF_019325065.1	GCF_019325065.1_ASM1932506v1_genomic	Prochlorococcus marinus		Cyanobacteriota	Cyanophyceae	Synechococcales	Prochlorococcaceae	Prochlorococcus	supervised	NCBI_RefSeq
GCF_028618945.1	GCF_028618945.1_ASM2861894v1_genomic	Leuconostoc mesenteroides		Bacillota	Bacilli	Lactobacillales	Lactobacillaceae	Leuconostoc	supervised	NCBI_RefSeq
GCF_036917915.1	GCF_036917915.1_ASM3691791v1_genomic	Nostoc sp.		Cyanobacteriota	Cyanophyceae	Nostocales	Nostocaceae	Nostoc	supervised	NCBI_RefSeq
GCF_036917615.1	GCF_036917615.1_ASM3691761v1_genomic	Nostoc sp.		Cyanobacteriota	Cyanophyceae	Nostocales	Nostocaceae	Nostoc	supervised	NCBI_RefSeq
GCF_025188485.1	GCF_025188485.1_ASM2518848v1_genomic	Leuconostoc citreum		Bacillota	Bacilli	Lactobacillales	Lactobacillaceae	Leuconostoc	supervised	NCBI_RefSeq
GCF_964247095.1	GCF_964247095.1_public_SRR11456921_metawrap_bin.3_genomic	uncultured Nostoc sp.		Cyanobacteriota	Cyanophyceae	Nostocales	Nostocaceae	Nostoc	supervised	NCBI_RefSeq
GCF_028619555.1	GCF_028619555.1_ASM2861955v1_genomic	Leuconostoc mesenteroides		Bacillota	Bacilli	Lactobacillales	Lactobacillaceae	Leuconostoc	supervised	NCBI_RefSeq
GCF_025188295.1	GCF_025188295.1_ASM2518829v1_genomic	Leuconostoc mesenteroides		Bacillota	Bacilli	Lactobacillales	Lactobacillaceae	Leuconostoc	supervised	NCBI_RefSeq
GCF_029636065.1	GCF_029636065.1_ASM2963606v1_genomic	Synechococcus sp. CCFWC 502		Cyanobacteriota	Cyanophyceae	Synechococcales	Synechococcaceae	Synechococcus	supervised	NCBI_RefSeq
GCF_020088915.1	GCF_020088915.1_ASM2008891v1_genomic	Leuconostoc gasicomitatum		Bacillota	Bacilli	Lactobacillales	Lactobacillaceae	Leuconostoc	supervised	NCBI_RefSeq
GCF_003255835.1	GCF_003255835.1_ASM325583v1_genomic	Leuconostoc mesenteroides		Bacillota	Bacilli	Lactobacillales	Lactobacillaceae	Leuconostoc	supervised	NCBI_RefSeq
GCF_006406185.1	GCF_006406185.1_ASM640618v1_genomic	Leuconostoc mesenteroides		Bacillota	Bacilli	Lactobacillales	Lactobacillaceae	Leuconostoc	supervised	NCBI_RefSeq
GCF_012933595.1	GCF_012933595.1_ASM1293359v1_genomic	Prochlorococcus sp.P1363		Cyanobacteriota	Cyanophyceae	Synechococcales	Prochlorococcaceae	Prochlorococcus	supervised	NCBI_RefSeq
GCF_001184265.1	GCF_001184265.1_ASM118426v1_genomic	Leuconostoc mesenteroides		Bacillota	Bacilli	Lactobacillales	Lactobacillaceae	Leuconostoc	supervised	NCBI_RefSeq
GCF_025188575.1	GCF_025188575.1_ASM2518857v1_genomic	Leuconostoc citreum		Bacillota	Bacilli	Lactobacillales	Lactobacillaceae	Leuconostoc	supervised	NCBI_RefSeq
GCF_045559975.1	GCF_045559975.1_ASM4555997v1_genomic	Parasynechococcus sp.		Cyanobacteriota	Cyanophyceae	Synechococcales	Prochlorococcaceae	Parasynechococcus	supervised	NCBI_RefSeq
GCF_025188365.1	GCF_025188365.1_ASM2518836v1_genomic	Leuconostoc mesenteroides		Bacillota	Bacilli	Lactobacillales	Lactobacillaceae	Leuconostoc	supervised	NCBI_RefSeq
GCF_023630655.1	GCF_023630655.1_ASM2363065v1_genomic	Synechococcus sp. MU1655		Cyanobacteriota	Cyanophyceae	Synechococcales	Synechococcaceae	Synechococcus	supervised	NCBI_RefSeq
GCF_014696355.1	GCF_014696355.1_ASM1469635v1_genomic	Pseudanabaena sp. FACHB-1998		Cyanobacteriota	Cyanophyceae	Pseudanabaenales	Pseudanabaenaceae	Pseudanabaena	supervised	NCBI_RefSeq
GCF_047502685.1	GCF_047502685.1_ASM4750268v1_genomic	Synechococcus sp. OH20		Cyanobacteriota	Cyanophyceae	Synechococcales	Synechococcaceae	Synechococcus	supervised	NCBI_RefSeq
GCF_002092735.1	GCF_002092735.1_ASM209273v1_genomic	Leuconostoc mesenteroides		Bacillota	Bacilli	Lactobacillales	Lactobacillaceae	Leuconostoc	supervised	NCBI_RefSeq
GCF_047461735.1	GCF_047461735.1_ASM4746173v1_genomic	Synechococcus sp. R6-6		Cyanobacteriota	Cyanophyceae	Synechococcales	Synechococcaceae	Synechococcus	supervised	NCBI_RefSeq
GCF_020514275.1	GCF_020514275.1_ASM2051427v1_genomic	Synechococcus sp. HBA1120		Cyanobacteriota	Cyanophyceae	Synechococcales	Synechococcaceae	Synechococcus	supervised	NCBI_RefSeq
GCF_007989505.1	GCF_007989505.1_ASM798950v1_genomic	Leuconostoc mesenteroides		Bacillota	Bacilli	Lactobacillales	Lactobacillaceae	Leuconostoc	supervised	NCBI_RefSeq
GCF_020245845.1	GCF_020245845.1_ASM2024584v1_genomic	Microcystis sp. M172S2		Cyanobacteriota	Cyanophyceae	Chroococcales	Microcystaceae	Microcystis	supervised	NCBI_RefSeq
GCF_029823155.1	GCF_029823155.1_ASM2982315v1_genomic	Leuconostoc falkenbergense		Bacillota	Bacilli	Lactobacillales	Lactobacillaceae	Leuconostoc	supervised	NCBI_RefSeq
GCF_022984195.1	GCF_022984195.1_ASM2298419v1_genomic	Synechococcus elongatus		Cyanobacteriota	Cyanophyceae	Synechococcales	Synechococcaceae	Synechococcus	supervised	NCBI_RefSeq
GCF_002245985.1	GCF_002245985.1_ASM224598v1_genomic	Nostoc sp. 'Peltigera membranacea cyanobiont' 232		Cyanobacteriota	Cyanophyceae	Nostocales	Nostocaceae	Nostoc	supervised	NCBI_RefSeq
GCF_000760195.1	GCF_000760195.1_ASM76019v1_genomic	Prochlorococcus sp. MIT 0602		Cyanobacteriota	Cyanophyceae	Synechococcales	Prochlorococcaceae	Prochlorococcus	supervised	NCBI_RefSeq
GCF_036917875.1	GCF_036917875.1_ASM3691787v1_genomic	Nostoc sp.		Cyanobacteriota	Cyanophyceae	Nostocales	Nostocaceae	Nostoc	supervised	NCBI_RefSeq
GCF_046507635.1	GCF_046507635.1_ASM4650763v1_genomic	Leuconostoc suionicum		Bacillota	Bacilli	Lactobacillales	Lactobacillaceae	Leuconostoc	supervised	NCBI_RefSeq
GCF_002025445.1	GCF_002025445.1_KWv02_genomic	Microcystis aeruginosa		Cyanobacteriota	Cyanophyceae	Chroococcales	Microcystaceae	Microcystis	supervised	NCBI_RefSeq
GCF_028618725.1	GCF_028618725.1_ASM2861872v1_genomic	Leuconostoc mesenteroides		Bacillota	Bacilli	Lactobacillales	Lactobacillaceae	Leuconostoc	supervised	NCBI_RefSeq
GCF_902374135.1	GCF_902374135.1_MGYG-HGUT-01341_genomic	Leuconostoc mesenteroides		Bacillota	Bacilli	Lactobacillales	Lactobacillaceae	Leuconostoc	supervised	NCBI_RefSeq
GCF_020246605.1	GCF_020246605.1_ASM2024660v1_genomic	Microcystis sp. M048S1		Cyanobacteriota	Cyanophyceae	Chroococcales	Microcystaceae	Microcystis	supervised	NCBI_RefSeq
GCF_002804045.1	GCF_002804045.1_ASM280404v1_genomic	Leuconostoc citreum		Bacillota	Bacilli	Lactobacillales	Lactobacillaceae	Leuconostoc	supervised	NCBI_RefSeq
GCF_943371325.1	GCF_943371325.1_JJ-ME9A6-316-8-m1-bin336_genomic	Synechococcus sp. UW140		Cyanobacteriota	Cyanophyceae	Synechococcales	Synechococcaceae	Synechococcus	supervised	NCBI_RefSeq
GCF_025211315.1	GCF_025211315.1_ASM2521131v1_genomic	Leuconostoc falkenbergense		Bacillota	Bacilli	Lactobacillales	Lactobacillaceae	Leuconostoc	supervised	NCBI_RefSeq
GCF_000759875.1	GCF_000759875.1_ASM75987v1_genomic	Prochlorococcus marinus		Cyanobacteriota	Cyanophyceae	Synechococcales	Prochlorococcaceae	Prochlorococcus	supervised	NCBI_RefSeq
GCF_036916695.1	GCF_036916695.1_ASM3691669v1_genomic	Nostoc sp.		Cyanobacteriota	Cyanophyceae	Nostocales	Nostocaceae	Nostoc	supervised	NCBI_RefSeq
GCF_046306685.1	GCF_046306685.1_ASM4630668v1_genomic	Microcystis sp.		Cyanobacteriota	Cyanophyceae	Chroococcales	Microcystaceae	Microcystis	supervised	NCBI_RefSeq
GCF_047462195.1	GCF_047462195.1_ASM4746219v1_genomic	Synechococcus sp. R3-13		Cyanobacteriota	Cyanophyceae	Synechococcales	Synechococcaceae	Synechococcus	supervised	NCBI_RefSeq
GCF_047727405.1	GCF_047727405.1_ASM4772740v1_genomic	Leuconostoc falkenbergense		Bacillota	Bacilli	Lactobacillales	Lactobacillaceae	Leuconostoc	supervised	NCBI_RefSeq
GCF_009913935.1	GCF_009913935.1_ASM991393v1_genomic	Leuconostoc mesenteroides		Bacillota	Bacilli	Lactobacillales	Lactobacillaceae	Leuconostoc	supervised	NCBI_RefSeq
GCF_014634805.1	GCF_014634805.1_ASM1463480v1_genomic	Leuconostoc falkenbergense		Bacillota	Bacilli	Lactobacillales	Lactobacillaceae	Leuconostoc	supervised	NCBI_RefSeq
GCF_030019555.1	GCF_030019555.1_ASM3001955v1_genomic	Leuconostoc suionicum		Bacillota	Bacilli	Lactobacillales	Lactobacillaceae	Leuconostoc	supervised	NCBI_RefSeq
GCF_027531725.1	GCF_027531725.1_ASM2753172v1_genomic	Microcystis sp. LE19-55.1A		Cyanobacteriota	Cyanophyceae	Chroococcales	Microcystaceae	Microcystis	supervised	NCBI_RefSeq
GCF_000196855.1	GCF_000196855.1_ASM19685v1_genomic	Leuconostoc gasicomitatum		Bacillota	Bacilli	Lactobacillales	Lactobacillaceae	Leuconostoc	supervised	NCBI_RefSeq
GCF_012933605.1	GCF_012933605.1_ASM1293360v1_genomic	Prochlorococcus sp. P1344		Cyanobacteriota	Cyanophyceae	Synechococcales	Prochlorococcaceae	Prochlorococcus	supervised	NCBI_RefSeq
GCF_019926925.1	GCF_019926925.1_ASM1992692v1_genomic	Leuconostoc mesenteroides		Bacillota	Bacilli	Lactobacillales	Lactobacillaceae	Leuconostoc	supervised	NCBI_RefSeq
GCF_036919895.1	GCF_036919895.1_ASM3691989v1_genomic	Nostoc sp.		Cyanobacteriota	Cyanophyceae	Nostocales	Nostocaceae	Nostoc	supervised	NCBI_RefSeq
GCF_963885345.1	GCF_963885345.1_ena-yuan-GCF_006937785.1_genomic	Pseudanabaena sp. UWO311		Cyanobacteriota	Cyanophyceae	Pseudanabaenales	Pseudanabaenaceae	Pseudanabaena	supervised	NCBI_RefSeq
GCF_003011125.1	GCF_003011125.1_ASM301112v1_genomic	Synechococcus lacustris		Cyanobacteriota	Cyanophyceae	Synechococcales	Synechococcaceae	Synechococcus	supervised	NCBI_RefSeq
GCF_030017075.1	GCF_030017075.1_ASM3001707v1_genomic	Leuconostoc falkenbergense		Bacillota	Bacilli	Lactobacillales	Lactobacillaceae	Leuconostoc	supervised	NCBI_RefSeq
GCF_020089425.1	GCF_020089425.1_ASM2008942v1_genomic	Leuconostoc gelidum		Bacillota	Bacilli	Lactobacillales	Lactobacillaceae	Leuconostoc	supervised	NCBI_RefSeq
GCF_943372525.1	GCF_943372525.1_JJ-MIK16A5-260-1-mx-bin673_genomic	Synechococcus sp. UW140		Cyanobacteriota	Cyanophyceae	Synechococcales	Synechococcaceae	Synechococcus	supervised	NCBI_RefSeq
GCF_019137795.1	GCF_019137795.1_ASM1913779v1_genomic	Picosynechococcus sp. PCC 7002		Cyanobacteriota	Cyanophyceae	Chroococcales	Geminocystaceae	Picosynechococcus	supervised	NCBI_RefSeq
GCF_900473955.1	GCF_900473955.1_GEYO_genomic	Synechococcus sp. GEYO		Cyanobacteriota	Cyanophyceae	Synechococcales	Synechococcaceae	Synechococcus	supervised	NCBI_RefSeq
GCF_028619145.1	GCF_028619145.1_ASM2861914v1_genomic	Leuconostoc mesenteroides		Bacillota	Bacilli	Lactobacillales	Lactobacillaceae	Leuconostoc	supervised	NCBI_RefSeq
GCF_017114985.1	GCF_017114985.1_ASM1711498v1_genomic	Nostoc sp. JL33		Cyanobacteriota	Cyanophyceae	Nostocales	Nostocaceae	Nostoc	supervised	NCBI_RefSeq
GCF_008579445.1	GCF_008579445.1_ASM857944v1_genomic	Microcystis aeruginosa		Cyanobacteriota	Cyanophyceae	Chroococcales	Microcystaceae	Microcystis	supervised	NCBI_RefSeq
GCF_008107645.1	GCF_008107645.1_ASM810764v1_genomic	Leuconostoc litchii		Bacillota	Bacilli	Lactobacillales	Lactobacillaceae	Leuconostoc	supervised	NCBI_RefSeq
GCF_000012465.1	GCF_000012465.1_ASM1246v1_genomic	Prochlorococcus marinus		Cyanobacteriota	Cyanophyceae	Synechococcales	Prochlorococcaceae	Prochlorococcus	supervised	NCBI_RefSeq
GCF_026222535.1	GCF_026222535.1_ASM2622253v1_genomic	Microcystis aeruginosa		Cyanobacteriota	Cyanophyceae	Chroococcales	Microcystaceae	Microcystis	supervised	NCBI_RefSeq
GCF_008689685.1	GCF_008689685.1_ASM868968v1_genomic	Leuconostoc mesenteroides		Bacillota	Bacilli	Lactobacillales	Lactobacillaceae	Leuconostoc	supervised	NCBI_RefSeq
GCF_000715475.1	GCF_000715475.1_ASM71547v1_genomic	Picosynechococcus sp. NKBG042902		Cyanobacteriota	Cyanophyceae	Chroococcales	Geminocystaceae	Picosynechococcus	supervised	NCBI_RefSeq
GCF_020245895.1	GCF_020245895.1_ASM2024589v1_genomic	Microcystis sp. M162S2		Cyanobacteriota	Cyanophyceae	Chroococcales	Microcystaceae	Microcystis	supervised	NCBI_RefSeq
GCF_047461475.1	GCF_047461475.1_ASM4746147v1_genomic	Synechococcus sp. WC10meta		Cyanobacteriota	Cyanophyceae	Synechococcales	Synechococcaceae	Synechococcus	supervised	NCBI_RefSeq
GCF_032007065.1	GCF_032007065.1_ASM3200706v1_genomic	Leuconostoc lactis		Bacillota	Bacilli	Lactobacillales	Lactobacillaceae	Leuconostoc	supervised	NCBI_RefSeq
GCF_002591805.1	GCF_002591805.1_ASM259180v1_genomic	Leuconostoc citreum		Bacillota	Bacilli	Lactobacillales	Lactobacillaceae	Leuconostoc	supervised	NCBI_RefSeq
GCF_000760155.1	GCF_000760155.1_ASM76015v1_genomic	Prochlorococcus marinus		Cyanobacteriota	Cyanophyceae	Synechococcales	Prochlorococcaceae	Prochlorococcus	supervised	NCBI_RefSeq
GCF_014696385.1	GCF_014696385.1_ASM1469638v1_genomic	Pseudanabaena mucicola		Cyanobacteriota	Cyanophyceae	Pseudanabaenales	Pseudanabaenaceae	Pseudanabaena	supervised	NCBI_RefSeq
GCF_035343835.1	GCF_035343835.1_ASM3534383v1_genomic	Nostocoides sp.		Actinomycetota	Actinomycetes	Micrococcales	Intrasporangiaceae	Nostocoides	supervised	NCBI_RefSeq
GCF_028331085.1	GCF_028331085.1_ASM2833108v1_genomic	Anabaena sp. CS-542/02		Cyanobacteriota	Cyanophyceae	Nostocales	Nostocaceae	Anabaena	supervised	NCBI_RefSeq
GCF_014279595.1	GCF_014279595.1_ASM1427959v1_genomic	Synechococcus sp. RS9909		Cyanobacteriota	Cyanophyceae	Synechococcales	Synechococcaceae	Synechococcus	supervised	NCBI_RefSeq
GCF_007954525.1	GCF_007954525.1_ASM795452v1_genomic	Leuconostoc carnosum		Bacillota	Bacilli	Lactobacillales	Lactobacillaceae	Leuconostoc	supervised	NCBI_RefSeq
GCF_964186945.1	GCF_964186945.1_AMBP-0458_genomic	Leuconostoc pseudomesenteroides		Bacillota	Bacilli	Lactobacillales	Lactobacillaceae	Leuconostoc	supervised	NCBI_RefSeq
GCF_015840715.1	GCF_015840715.1_ASM1584071v1_genomic	Synechococcus sp. CBW1004		Cyanobacteriota	Cyanophyceae	Synechococcales	Synechococcaceae	Synechococcus	supervised	NCBI_RefSeq
GCF_036917735.1	GCF_036917735.1_ASM3691773v1_genomic	Nostoc sp.		Cyanobacteriota	Cyanophyceae	Nostocales	Nostocaceae	Nostoc	supervised	NCBI_RefSeq
GCF_047461915.1	GCF_047461915.1_ASM4746191v1_genomic	Synechococcus sp. R55.5		Cyanobacteriota	Cyanophyceae	Synechococcales	Synechococcaceae	Synechococcus	supervised	NCBI_RefSeq
GCF_000298875.1	GCF_000298875.1_ASM29887v1_genomic	Leuconostoc gelidum		Bacillota	Bacilli	Lactobacillales	Lactobacillaceae	Leuconostoc	supervised	NCBI_RefSeq
GCF_964187045.1	GCF_964187045.1_AMBF-0233_genomic	Leuconostoc citreum		Bacillota	Bacilli	Lactobacillales	Lactobacillaceae	Leuconostoc	supervised	NCBI_RefSeq
GCF_015714705.1	GCF_015714705.1_ASM1571470v1_genomic	Nostoc sp. NZL		Cyanobacteriota	Cyanophyceae	Nostocales	Nostocaceae	Nostoc	supervised	NCBI_RefSeq
GCF_025211425.1	GCF_025211425.1_ASM2521142v1_genomic	Leuconostoc falkenbergense		Bacillota	Bacilli	Lactobacillales	Lactobacillaceae	Leuconostoc	supervised	NCBI_RefSeq
GCF_029823215.1	GCF_029823215.1_ASM2982321v1_genomic	Leuconostoc mesenteroides		Bacillota	Bacilli	Lactobacillales	Lactobacillaceae	Leuconostoc	supervised	NCBI_RefSeq
GCF_014466085.1	GCF_014466085.1_ASM1446608v1_genomic	Thermosynechococcus sp. OHK43		Cyanobacteriota	Cyanophyceae	Acaryochloridales	Thermosynechococcaceae	Thermosynechococcus	supervised	NCBI_RefSeq
GCF_020246135.1	GCF_020246135.1_ASM2024613v1_genomic	Microcystis sp. M135S2		Cyanobacteriota	Cyanophyceae	Chroococcales	Microcystaceae	Microcystis	supervised	NCBI_RefSeq
GCF_900474185.1	GCF_900474185.1_UW69_genomic	Synechococcus sp. UW69		Cyanobacteriota	Cyanophyceae	Synechococcales	Synechococcaceae	Synechococcus	supervised	NCBI_RefSeq
GCF_023743995.1	GCF_023743995.1_ASM2374399v1_genomic	Leuconostoc mesenteroides		Bacillota	Bacilli	Lactobacillales	Lactobacillaceae	Leuconostoc	supervised	NCBI_RefSeq
GCF_003433375.1	GCF_003433375.1_ASM343337v1_genomic	Leuconostoc mesenteroides		Bacillota	Bacilli	Lactobacillales	Lactobacillaceae	Leuconostoc	supervised	NCBI_RefSeq
GCF_963920915.1	GCF_963920915.1_CCY9926_genomic	Nostoc sp. PCC 9305		Cyanobacteriota	Cyanophyceae	Nostocales	Nostocaceae	Nostoc	supervised	NCBI_RefSeq
GCF_020244715.1	GCF_020244715.1_ASM2024471v1_genomic	Microcystis sp. M57BS1		Cyanobacteriota	Cyanophyceae	Chroococcales	Microcystaceae	Microcystis	supervised	NCBI_RefSeq
GCF_000013205.1	GCF_000013205.1_ASM1320v1_genomic	Synechococcus sp. JA-3-3Ab		Cyanobacteriota	Cyanophyceae	Synechococcales	Synechococcaceae	Synechococcus	supervised	NCBI_RefSeq
GCF_900474245.1	GCF_900474245.1_UW179B_genomic	Synechococcus sp. UW179B		Cyanobacteriota	Cyanophyceae	Synechococcales	Synechococcaceae	Synechococcus	supervised	NCBI_RefSeq
GCF_047502715.1	GCF_047502715.1_ASM4750271v1_genomic	Synechococcus sp. H55.10		Cyanobacteriota	Cyanophyceae	Synechococcales	Synechococcaceae	Synechococcus	supervised	NCBI_RefSeq
GCF_965137125.1	GCF_965137125.1_CIP110986T_genomic	Leuconostoc rapi		Bacillota	Bacilli	Lactobacillales	Lactobacillaceae	Leuconostoc	supervised	NCBI_RefSeq
GCF_035638895.1	GCF_035638895.1_ASM3563889v1_genomic	Nostoc sp.		Cyanobacteriota	Cyanophyceae	Nostocales	Nostocaceae	Nostoc	supervised	NCBI_RefSeq
GCF_001693255.1	GCF_001693255.1_ASM169325v1_genomic	Picosynechococcus sp. PCC 7003		Cyanobacteriota	Cyanophyceae	Chroococcales	Geminocystaceae	Picosynechococcus	supervised	NCBI_RefSeq
GCF_023218865.1	GCF_023218865.1_ASM2321886v1_genomic	Leuconostoc citreum		Bacillota	Bacilli	Lactobacillales	Lactobacillaceae	Leuconostoc	supervised	NCBI_RefSeq
GCF_019927065.1	GCF_019927065.1_ASM1992706v1_genomic	Leuconostoc mesenteroides		Bacillota	Bacilli	Lactobacillales	Lactobacillaceae	Leuconostoc	supervised	NCBI_RefSeq
GCF_014698415.1	GCF_014698415.1_ASM1469841v1_genomic	Synechococcus elongatus		Cyanobacteriota	Cyanophyceae	Synechococcales	Synechococcaceae	Synechococcus	supervised	NCBI_RefSeq
GCF_028619265.1	GCF_028619265.1_ASM2861926v1_genomic	Leuconostoc mesenteroides		Bacillota	Bacilli	Lactobacillales	Lactobacillaceae	Leuconostoc	supervised	NCBI_RefSeq
GCF_047305015.1	GCF_047305015.1_ASM4730501v1_genomic	Prochlorococcus sp. MIT 1304		Cyanobacteriota	Cyanophyceae	Synechococcales	Prochlorococcaceae	Prochlorococcus	supervised	NCBI_RefSeq
GCF_046306435.1	GCF_046306435.1_ASM4630643v1_genomic	Microcystis sp.		Cyanobacteriota	Cyanophyceae	Chroococcales	Microcystaceae	Microcystis	supervised	NCBI_RefSeq
GCF_021172085.1	GCF_021172085.1_ASM2117208v1_genomic	Microcystis aeruginosa		Cyanobacteriota	Cyanophyceae	Chroococcales	Microcystaceae	Microcystis	supervised	NCBI_RefSeq
GCF_963875825.1	GCF_963875825.1_ena-yuan-GCF_002813575.1_genomic	Nostoc flagelliforme		Cyanobacteriota	Cyanophyceae	Nostocales	Nostocaceae	Nostoc	supervised	NCBI_RefSeq
GCF_028619395.1	GCF_028619395.1_ASM2861939v1_genomic	Leuconostoc mesenteroides		Bacillota	Bacilli	Lactobacillales	Lactobacillaceae	Leuconostoc	supervised	NCBI_RefSeq
GCF_020246545.1	GCF_020246545.1_ASM2024654v1_genomic	Microcystis sp. M058S1		Cyanobacteriota	Cyanophyceae	Chroococcales	Microcystaceae	Microcystis	supervised	NCBI_RefSeq
GCF_028620115.1	GCF_028620115.1_ASM2862011v1_genomic	Leuconostoc mesenteroides		Bacillota	Bacilli	Lactobacillales	Lactobacillaceae	Leuconostoc	supervised	NCBI_RefSeq
GCF_014696465.1	GCF_014696465.1_ASM1469646v1_genomic	Anabaena cylindrica		Cyanobacteriota	Cyanophyceae	Nostocales	Nostocaceae	Anabaena	supervised	NCBI_RefSeq
GCF_004368765.1	GCF_004368765.1_ASM436876v1_genomic	Leuconostoc mesenteroides		Bacillota	Bacilli	Lactobacillales	Lactobacillaceae	Leuconostoc	supervised	NCBI_RefSeq
GCF_006861605.1	GCF_006861605.1_ASM686160v1_genomic	Pseudanabaena sp. UWO310		Cyanobacteriota	Cyanophyceae	Pseudanabaenales	Pseudanabaenaceae	Pseudanabaena	supervised	NCBI_RefSeq
GCF_007095705.1	GCF_007095705.1_ASM709570v1_genomic	Microcystis sp. Msp_OC_L_20101000_S702		Cyanobacteriota	Cyanophyceae	Chroococcales	Microcystaceae	Microcystis	supervised	NCBI_RefSeq
GCF_001632045.1	GCF_001632045.1_ASM163204v1_genomic	Prochlorococcus marinus		Cyanobacteriota	Cyanophyceae	Synechococcales	Prochlorococcaceae	Prochlorococcus	supervised	NCBI_RefSeq
GCF_024345415.1	GCF_024345415.1_ASM2434541v1_genomic	Synechococcus sp. Tobar12-5m-g		Cyanobacteriota	Cyanophyceae	Synechococcales	Synechococcaceae	Synechococcus	supervised	NCBI_RefSeq
GCF_047302795.1	GCF_047302795.1_ASM4730279v1_genomic	Prochlorococcus marinus		Cyanobacteriota	Cyanophyceae	Synechococcales	Prochlorococcaceae	Prochlorococcus	supervised	NCBI_RefSeq
GCF_025211285.1	GCF_025211285.1_ASM2521128v1_genomic	Leuconostoc suionicum		Bacillota	Bacilli	Lactobacillales	Lactobacillaceae	Leuconostoc	supervised	NCBI_RefSeq
GCF_020245405.1	GCF_020245405.1_ASM2024540v1_genomic	Microcystis sp. M099S2		Cyanobacteriota	Cyanophyceae	Chroococcales	Microcystaceae	Microcystis	supervised	NCBI_RefSeq
GCF_016127255.1	GCF_016127255.1_ASM1612725v1_genomic	Leuconostoc pseudomesenteroides		Bacillota	Bacilli	Lactobacillales	Lactobacillaceae	Leuconostoc	supervised	NCBI_RefSeq
GCF_047462535.1	GCF_047462535.1_ASM4746253v1_genomic	Synechococcus sp. B60.2		Cyanobacteriota	Cyanophyceae	Synechococcales	Synechococcaceae	Synechococcus	supervised	NCBI_RefSeq
GCF_000312165.1	GCF_000312165.1_ASM31216v1_genomic	Microcystis aeruginosa		Cyanobacteriota	Cyanophyceae	Chroococcales	Microcystaceae	Microcystis	supervised	NCBI_RefSeq
GCF_036917555.1	GCF_036917555.1_ASM3691755v1_genomic	Nostoc sp.		Cyanobacteriota	Cyanophyceae	Nostocales	Nostocaceae	Nostoc	supervised	NCBI_RefSeq
GCF_019927205.1	GCF_019927205.1_ASM1992720v1_genomic	Leuconostoc mesenteroides		Bacillota	Bacilli	Lactobacillales	Lactobacillaceae	Leuconostoc	supervised	NCBI_RefSeq
GCF_002154725.1	GCF_002154725.1_ASM215472v1_genomic	Nostoc sp. 106C		Cyanobacteriota	Cyanophyceae	Nostocales	Nostocaceae	Nostoc	supervised	NCBI_RefSeq
GCF_014696905.1	GCF_014696905.1_ASM1469690v1_genomic	Nostoc sp. FACHB-190		Cyanobacteriota	Cyanophyceae	Nostocales	Nostocaceae	Nostoc	supervised	NCBI_RefSeq
GCF_028619915.1	GCF_028619915.1_ASM2861991v1_genomic	Leuconostoc mesenteroides		Bacillota	Bacilli	Lactobacillales	Lactobacillaceae	Leuconostoc	supervised	NCBI_RefSeq
GCF_020245965.1	GCF_020245965.1_ASM2024596v1_genomic	Microcystis sp. M158S2		Cyanobacteriota	Cyanophyceae	Chroococcales	Microcystaceae	Microcystis	supervised	NCBI_RefSeq
GCF_002607965.1	GCF_002607965.1_ASM260796v1_genomic	Nostoc linckia		Cyanobacteriota	Cyanophyceae	Nostocales	Nostocaceae	Nostoc	supervised	NCBI_RefSeq
GCF_000760055.1	GCF_000760055.1_ASM76005v1_genomic	Prochlorococcus marinus		Cyanobacteriota	Cyanophyceae	Synechococcales	Prochlorococcaceae	Prochlorococcus	supervised	NCBI_RefSeq
GCF_046316385.1	GCF_046316385.1_ASM4631638v1_genomic	Microcystis sp.		Cyanobacteriota	Cyanophyceae	Chroococcales	Microcystaceae	Microcystis	supervised	NCBI_RefSeq
GCF_047356775.1	GCF_047356775.1_CIB_Lmes_genomic	Leuconostoc mesenteroides		Bacillota	Bacilli	Lactobacillales	Lactobacillaceae	Leuconostoc	supervised	NCBI_RefSeq
GCF_003846445.2	GCF_003846445.2_ASM384644v2_genomic	Synechococcus elongatus		Cyanobacteriota	Cyanophyceae	Synechococcales	Synechococcaceae	Synechococcus	supervised	NCBI_RefSeq
GCF_028618765.1	GCF_028618765.1_ASM2861876v1_genomic	Leuconostoc mesenteroides		Bacillota	Bacilli	Lactobacillales	Lactobacillaceae	Leuconostoc	supervised	NCBI_RefSeq
GCF_945905385.1	GCF_945905385.1_ZE-13nov19-350_genomic	Synechococcus sp. UW140		Cyanobacteriota	Cyanophyceae	Synechococcales	Synechococcaceae	Synechococcus	supervised	NCBI_RefSeq
GCF_020244575.1	GCF_020244575.1_ASM2024457v1_genomic	Microcystis sp. M61BS1		Cyanobacteriota	Cyanophyceae	Chroococcales	Microcystaceae	Microcystis	supervised	NCBI_RefSeq
GCF_000332135.1	GCF_000332135.1_ASM33213v1_genomic	Anabaena sp. PCC 7108		Cyanobacteriota	Cyanophyceae	Nostocales	Nostocaceae	Anabaena	supervised	NCBI_RefSeq
GCF_943372175.1	GCF_943372175.1_JJ-MEM5D2-223-1-mx-bin669_genomic	Synechococcus sp. UW140		Cyanobacteriota	Cyanophyceae	Synechococcales	Synechococcaceae	Synechococcus	supervised	NCBI_RefSeq
GCF_028619005.1	GCF_028619005.1_ASM2861900v1_genomic	Leuconostoc mesenteroides		Bacillota	Bacilli	Lactobacillales	Lactobacillaceae	Leuconostoc	supervised	NCBI_RefSeq
GCF_000166715.1	GCF_000166715.1_ASM16671v1_genomic	Leuconostoc gelidum		Bacillota	Bacilli	Lactobacillales	Lactobacillaceae	Leuconostoc	supervised	NCBI_RefSeq
GCF_034092465.1	GCF_034092465.1_ASM3409246v1_genomic	Prochlorococcus sp. MIT 1223		Cyanobacteriota	Cyanophyceae	Synechococcales	Prochlorococcaceae	Prochlorococcus	supervised	NCBI_RefSeq
GCF_036917195.1	GCF_036917195.1_ASM3691719v1_genomic	Nostoc sp.		Cyanobacteriota	Cyanophyceae	Nostocales	Nostocaceae	Nostoc	supervised	NCBI_RefSeq
GCF_036917835.1	GCF_036917835.1_ASM3691783v1_genomic	Nostoc sp.		Cyanobacteriota	Cyanophyceae	Nostocales	Nostocaceae	Nostoc	supervised	NCBI_RefSeq
GCF_047502655.1	GCF_047502655.1_ASM4750265v1_genomic	Synechococcus sp. R5-12		Cyanobacteriota	Cyanophyceae	Synechococcales	Synechococcaceae	Synechococcus	supervised	NCBI_RefSeq
GCF_004167235.1	GCF_004167235.1_ASM416723v1_genomic	Leuconostoc lactis		Bacillota	Bacilli	Lactobacillales	Lactobacillaceae	Leuconostoc	supervised	NCBI_RefSeq
GCF_000153805.1	GCF_000153805.1_ASM15380v1_genomic	Synechococcus sp. BL107		Cyanobacteriota	Cyanophyceae	Synechococcales	Synechococcaceae	Synechococcus	supervised	NCBI_RefSeq
GCF_030361025.1	GCF_030361025.1_ASM3036102v1_genomic	Leuconostoc falkenbergense		Bacillota	Bacilli	Lactobacillales	Lactobacillaceae	Leuconostoc	supervised	NCBI_RefSeq
GCF_047304685.1	GCF_047304685.1_ASM4730468v1_genomic	Prochlorococcus sp. MIT 9311		Cyanobacteriota	Cyanophyceae	Synechococcales	Prochlorococcaceae	Prochlorococcus	supervised	NCBI_RefSeq
GCF_027530875.1	GCF_027530875.1_ASM2753087v1_genomic	Microcystis sp. LE17-20A		Cyanobacteriota	Cyanophyceae	Chroococcales	Microcystaceae	Microcystis	supervised	NCBI_RefSeq
GCF_013414845.1	GCF_013414845.1_ASM1341484v1_genomic	Leuconostoc sp. DB-1		Bacillota	Bacilli	Lactobacillales	Lactobacillaceae	Leuconostoc	supervised	NCBI_RefSeq
GCF_014280175.1	GCF_014280175.1_ASM1428017v1_genomic	Synechococcus sp. A15-28		Cyanobacteriota	Cyanophyceae	Synechococcales	Synechococcaceae	Synechococcus	supervised	NCBI_RefSeq
GCF_964242865.1	GCF_964242865.1_public_SRR1531545_metawrap_bin.1_genomic	uncultured Nostoc sp.		Cyanobacteriota	Cyanophyceae	Nostocales	Nostocaceae	Nostoc	supervised	NCBI_RefSeq
GCF_019324925.1	GCF_019324925.1_ASM1932492v1_genomic	Prochlorococcus marinus		Cyanobacteriota	Cyanophyceae	Synechococcales	Prochlorococcaceae	Prochlorococcus	supervised	NCBI_RefSeq
GCF_007095515.1	GCF_007095515.1_ASM709551v1_genomic	Microcystis sp. M_QC_C_20170808_M2Col		Cyanobacteriota	Cyanophyceae	Chroococcales	Microcystaceae	Microcystis	supervised	NCBI_RefSeq
GCA_016432935.1	GCA_016432935.1_ASM1643293v1_genomic	Benedenia humboldti		Platyhelminthes	Monogenea	Capsalidea	Capsalidae	Benedenia	unsupervised	NCBI_GenBank
GCA_964198615.1	GCA_964198615.1_ucAstSpeb1.1_alternate_haplotype_genomic	Asterochloris sp. CNOR2		Chlorophyta	Trebouxiophyceae	Trebouxiales	Trebouxiaceae	Asterochloris	unsupervised	NCBI_GenBank
GCA_025991245.1	GCA_025991245.1_GpartN1_1.0_genomic	Galdieria partita		Rhodophyta	Bangiophyceae	Galdieriales	Galdieriaceae	Galdieria	unsupervised	NCBI_GenBank
GCA_003144295.1	GCA_003144295.1_Acain1_genomic	Acaromyces ingoldii		Basidiomycota	Exobasidiomycetes	Exobasidiales	Cryptobasidiaceae	Acaromyces	unsupervised	NCBI_GenBank
GCA_006232345.1	GCA_006232345.1_ASM623234v1_genomic	Galdieria phlegrea		Rhodophyta	Bangiophyceae	Galdieriales	Galdieriaceae	Galdieria	unsupervised	NCBI_GenBank
GCA_013995675.1	GCA_013995675.1_ASM1399567v1_genomic	Cyanidiococcus yangmingshanensis		Rhodophyta	Bangiophyceae	Cyanidiales	Cyanidiaceae	Cyanidiococcus	unsupervised	NCBI_GenBank
GCA_026184775.1	GCA_026184775.1_ASM2618477v1_genomic	Cyanidium caldarium		Rhodophyta	Bangiophyceae	Cyanidiales	Cyanidiaceae	Cyanidium	unsupervised	NCBI_GenBank
GCA_000950615.1	GCA_000950615.1_AUS-COTS_V0.5_genomic	Acanthaster planci		Echinodermata	Asteroidea	Valvatida	Acanthasteridae	Acanthaster	unsupervised	NCBI_GenBank
GCA_000002975.1	GCA_000002975.1_ASM297v1_genomic	Guillardia theta			Cryptophyceae	Pyrenomonadales	Geminigeraceae	Guillardia	unsupervised	NCBI_GenBank
GCA_000091205.1	GCA_000091205.1_ASM9120v1_genomic	Cyanidioschyzon merolae		Rhodophyta	Bangiophyceae	Cyanidiales	Cyanidiaceae	Cyanidioschyzon	unsupervised	NCBI_GenBank
GCA_026122185.1	GCA_026122185.1_ASM2612218v1_genomic	Cyanidiococcus yangmingshanensis		Rhodophyta	Bangiophyceae	Cyanidiales	Cyanidiaceae	Cyanidiococcus	unsupervised	NCBI_GenBank
GCA_001659865.1	GCA_001659865.1_Angomonas_deanei_v1.0_genomic	Angomonas deanei		Euglenozoa	Kinetoplastea	Trypanosomatida	Trypanosomatidae	Angomonas	unsupervised	NCBI_GenBank
GCA_006232315.1	GCA_006232315.1_ASM623231v1_genomic	Cyanidioschyzon merolae		Rhodophyta	Bangiophyceae	Cyanidiales	Cyanidiaceae	Cyanidioschyzon	unsupervised	NCBI_GenBank
GCF_000836335.1	GCF_000836335.1	Cryptococcus bacillisporus		Basidiomycota	Tremellomycetes	Tremellales	Cryptococcaceae	Cryptococcus	unsupervised	NCBI_RefSeq
GCF_033174715.1	GCF_033174715.1_ASM3317471v1_genomic	Leuconostoc citreum		Bacillota	Bacilli	Lactobacillales	Lactobacillaceae	Leuconostoc	supervised	NCBI_RefSeq
GCF_020245605.1	GCF_020245605.1_ASM2024560v1_genomic	Microcystis sp. M061S2		Cyanobacteriota	Cyanophyceae	Chroococcales	Microcystaceae	Microcystis	supervised	NCBI_RefSeq
GCF_047725105.1	GCF_047725105.1_ASM4772510v1_genomic	Leuconostoc pseudomesenteroides		Bacillota	Bacilli	Lactobacillales	Lactobacillaceae	Leuconostoc	supervised	NCBI_RefSeq
GCF_020089085.1	GCF_020089085.1_ASM2008908v1_genomic	Leuconostoc gasicomitatum		Bacillota	Bacilli	Lactobacillales	Lactobacillaceae	Leuconostoc	supervised	NCBI_RefSeq
GCF_047303025.1	GCF_047303025.1_ASM4730302v1_genomic	Synechococcus sp. MIT S1220		Cyanobacteriota	Cyanophyceae	Synechococcales	Synechococcaceae	Synechococcus	supervised	NCBI_RefSeq
GCF_028619415.1	GCF_028619415.1_ASM2861941v1_genomic	Leuconostoc mesenteroides		Bacillota	Bacilli	Lactobacillales	Lactobacillaceae	Leuconostoc	supervised	NCBI_RefSeq
GCF_020244875.1	GCF_020244875.1_ASM2024487v1_genomic	Microcystis sp. M44BS1		Cyanobacteriota	Cyanophyceae	Chroococcales	Microcystaceae	Microcystis	supervised	NCBI_RefSeq
GCF_010196425.1	GCF_010196425.1_ASM1019642v1_genomic	Microcystis aeruginosa		Cyanobacteriota	Cyanophyceae	Chroococcales	Microcystaceae	Microcystis	supervised	NCBI_RefSeq
GCF_008689755.1	GCF_008689755.1_ASM868975v1_genomic	Leuconostoc carnosum		Bacillota	Bacilli	Lactobacillales	Lactobacillaceae	Leuconostoc	supervised	NCBI_RefSeq
GCF_000757845.1	GCF_000757845.1_ASM75784v1_genomic	Prochlorococcus sp. MIT 0604		Cyanobacteriota	Cyanophyceae	Synechococcales	Prochlorococcaceae	Prochlorococcus	supervised	NCBI_RefSeq
GCF_031583185.1	GCF_031583185.1_ASM3158318v1_genomic	Thermosynechococcus sp. PP22		Cyanobacteriota	Cyanophyceae	Acaryochloridales	Thermosynechococcaceae	Thermosynechococcus	supervised	NCBI_RefSeq
GCF_014279895.1	GCF_014279895.1_ASM1427989v1_genomic	Synechococcus sp. M16.1		Cyanobacteriota	Cyanophyceae	Synechococcales	Synechococcaceae	Synechococcus	supervised	NCBI_RefSeq
GCF_001693275.1	GCF_001693275.1_ASM169327v1_genomic	Picosynechococcus sp. PCC 7117		Cyanobacteriota	Cyanophyceae	Chroococcales	Geminocystaceae	Picosynechococcus	supervised	NCBI_RefSeq
GCF_020246845.1	GCF_020246845.1_ASM2024684v1_genomic	Microcystis sp. M034S1		Cyanobacteriota	Cyanophyceae	Chroococcales	Microcystaceae	Microcystis	supervised	NCBI_RefSeq
GCF_046343395.1	GCF_046343395.1_ASM4634339v1_genomic	Microcystis sp.		Cyanobacteriota	Cyanophyceae	Chroococcales	Microcystaceae	Microcystis	supervised	NCBI_RefSeq
GCF_036841425.1	GCF_036841425.1_ASM3684142v1_genomic	Leuconostoc lactis		Bacillota	Bacilli	Lactobacillales	Lactobacillaceae	Leuconostoc	supervised	NCBI_RefSeq
GCF_001672085.1	GCF_001672085.1_ASM167208v1_genomic	Anabaena sp. AL93		Cyanobacteriota	Cyanophyceae	Nostocales	Nostocaceae	Anabaena	supervised	NCBI_RefSeq
GCF_001989455.1	GCF_001989455.1_ASM198945v1_genomic	Prochlorococcus sp. RS04		Cyanobacteriota	Cyanophyceae	Synechococcales	Prochlorococcaceae	Prochlorococcus	supervised	NCBI_RefSeq
GCF_019656055.1	GCF_019656055.1_ASM1965605v1_genomic	Leuconostoc miyukkimchii		Bacillota	Bacilli	Lactobacillales	Lactobacillaceae	Leuconostoc	supervised	NCBI_RefSeq
GCF_041320655.1	GCF_041320655.1_ASM4132065v1_genomic	Leuconostoc lactis		Bacillota	Bacilli	Lactobacillales	Lactobacillaceae	Leuconostoc	supervised	NCBI_RefSeq
GCF_028330675.1	GCF_028330675.1_ASM2833067v1_genomic	Microcystis aeruginosa		Cyanobacteriota	Cyanophyceae	Chroococcales	Microcystaceae	Microcystis	supervised	NCBI_RefSeq
GCF_017695975.1	GCF_017695975.1_ASM1769597v1_genomic	Prochlorococcus marinus		Cyanobacteriota	Cyanophyceae	Synechococcales	Prochlorococcaceae	Prochlorococcus	supervised	NCBI_RefSeq
GCF_013403485.1	GCF_013403485.1_ASM1340348v1_genomic	Leuconostoc gasicomitatum		Bacillota	Bacilli	Lactobacillales	Lactobacillaceae	Leuconostoc	supervised	NCBI_RefSeq
GCF_900009505.1	GCF_900009505.1_ASM90000950v1_genomic	Leuconostoc inhae		Bacillota	Bacilli	Lactobacillales	Lactobacillaceae	Leuconostoc	supervised	NCBI_RefSeq
GCF_014698475.1	GCF_014698475.1_ASM1469847v1_genomic	Nostoc spongiaeforme		Cyanobacteriota	Cyanophyceae	Nostocales	Nostocaceae	Nostoc	supervised	NCBI_RefSeq
GCF_046306515.1	GCF_046306515.1_ASM4630651v1_genomic	Microcystis sp.		Cyanobacteriota	Cyanophyceae	Chroococcales	Microcystaceae	Microcystis	supervised	NCBI_RefSeq
GCF_047302905.1	GCF_047302905.1_ASM4730290v1_genomic	Prochlorococcus marinus		Cyanobacteriota	Cyanophyceae	Synechococcales	Prochlorococcaceae	Prochlorococcus	supervised	NCBI_RefSeq
GCF_000011485.1	GCF_000011485.1_ASM1148v1_genomic	Prochlorococcus marinus		Cyanobacteriota	Cyanophyceae	Synechococcales	Prochlorococcaceae	Prochlorococcus	supervised	NCBI_RefSeq
GCF_047461975.1	GCF_047461975.1_ASM4746197v1_genomic	Synechococcus sp. R55.3		Cyanobacteriota	Cyanophyceae	Synechococcales	Synechococcaceae	Synechococcus	supervised	NCBI_RefSeq
GCF_020514015.1	GCF_020514015.1_ASM2051401v1_genomic	Synechococcus sp. MU1650		Cyanobacteriota	Cyanophyceae	Synechococcales	Synechococcaceae	Synechococcus	supervised	NCBI_RefSeq
GCF_027359475.1	GCF_027359475.1_ASM2735947v1_genomic	Prochlorococcus marinus		Cyanobacteriota	Cyanophyceae	Synechococcales	Prochlorococcaceae	Prochlorococcus	supervised	NCBI_RefSeq
GCF_031583355.1	GCF_031583355.1_ASM3158335v1_genomic	Thermosynechococcus sp. WL17		Cyanobacteriota	Cyanophyceae	Acaryochloridales	Thermosynechococcaceae	Thermosynechococcus	supervised	NCBI_RefSeq
GCF_018336555.1	GCF_018336555.1_ASM1833655v1_genomic	Leuconostoc mesenteroides		Bacillota	Bacilli	Lactobacillales	Lactobacillaceae	Leuconostoc	supervised	NCBI_RefSeq
GCF_024543065.1	GCF_024543065.1_ASM2454306v1_genomic	Leuconostoc citreum		Bacillota	Bacilli	Lactobacillales	Lactobacillaceae	Leuconostoc	supervised	NCBI_RefSeq
GCF_047461675.1	GCF_047461675.1_ASM4746167v1_genomic	Synechococcus sp. R70.1		Cyanobacteriota	Cyanophyceae	Synechococcales	Synechococcaceae	Synechococcus	supervised	NCBI_RefSeq
GCF_024345915.1	GCF_024345915.1_ASM2434591v1_genomic	Synechococcus sp. Cruz-9H2		Cyanobacteriota	Cyanophyceae	Synechococcales	Synechococcaceae	Synechococcus	supervised	NCBI_RefSeq
GCF_008326545.1	GCF_008326545.1_ASM832654v1_genomic	Leuconostoc citreum		Bacillota	Bacilli	Lactobacillales	Lactobacillaceae	Leuconostoc	supervised	NCBI_RefSeq
GCF_047502635.1	GCF_047502635.1_ASM4750263v1_genomic	Synechococcus sp. RC10B2		Cyanobacteriota	Cyanophyceae	Synechococcales	Synechococcaceae	Synechococcus	supervised	NCBI_RefSeq
GCF_024158625.1	GCF_024158625.1_ASM2415862v1_genomic	Leuconostoc citreum		Bacillota	Bacilli	Lactobacillales	Lactobacillaceae	Leuconostoc	supervised	NCBI_RefSeq
GCF_001632065.1	GCF_001632065.1_ASM163206v1_genomic	Prochlorococcus marinus		Cyanobacteriota	Cyanophyceae	Synechococcales	Prochlorococcaceae	Prochlorococcus	supervised	NCBI_RefSeq
GCF_047461555.1	GCF_047461555.1_ASM4746155v1_genomic	Synechococcus sp. WC101		Cyanobacteriota	Cyanophyceae	Synechococcales	Synechococcaceae	Synechococcus	supervised	NCBI_RefSeq
GCF_047303165.1	GCF_047303165.1_ASM4730316v1_genomic	Prochlorococcus sp. MIT 1312		Cyanobacteriota	Cyanophyceae	Synechococcales	Prochlorococcaceae	Prochlorococcus	supervised	NCBI_RefSeq
GCF_902519915.1	GCF_902519915.1_AG-894-I06_genomic	uncultured Prochlorococcus sp.		Cyanobacteriota	Cyanophyceae	Synechococcales	Prochlorococcaceae	Prochlorococcus	supervised	NCBI_RefSeq
GCF_046306095.1	GCF_046306095.1_ASM4630609v1_genomic	Microcystis sp.		Cyanobacteriota	Cyanophyceae	Chroococcales	Microcystaceae	Microcystis	supervised	NCBI_RefSeq
GCF_002117185.1	GCF_002117185.1_ASM211718v1_genomic	Leuconostoc mesenteroides		Bacillota	Bacilli	Lactobacillales	Lactobacillaceae	Leuconostoc	supervised	NCBI_RefSeq
GCF_025128115.1	GCF_025128115.1_ASM2512811v1_genomic	Synechococcus sp. CS-1326		Cyanobacteriota	Cyanophyceae	Synechococcales	Synechococcaceae	Synechococcus	supervised	NCBI_RefSeq
GCF_020089505.1	GCF_020089505.1_ASM2008950v1_genomic	Leuconostoc gelidum		Bacillota	Bacilli	Lactobacillales	Lactobacillaceae	Leuconostoc	supervised	NCBI_RefSeq
GCF_020088855.1	GCF_020088855.1_ASM2008885v1_genomic	Leuconostoc gasicomitatum		Bacillota	Bacilli	Lactobacillales	Lactobacillaceae	Leuconostoc	supervised	NCBI_RefSeq
GCF_028620175.1	GCF_028620175.1_ASM2862017v1_genomic	Leuconostoc mesenteroides		Bacillota	Bacilli	Lactobacillales	Lactobacillaceae	Leuconostoc	supervised	NCBI_RefSeq
GCF_036917535.1	GCF_036917535.1_ASM3691753v1_genomic	Nostoc sp.		Cyanobacteriota	Cyanophyceae	Nostocales	Nostocaceae	Nostoc	supervised	NCBI_RefSeq
GCF_034531215.2	GCF_034531215.2_ASM3453121v2_genomic	Nostoc sp. ChiSLP03a		Cyanobacteriota	Cyanophyceae	Nostocales	Nostocaceae	Nostoc	supervised	NCBI_RefSeq
GCF_025211255.1	GCF_025211255.1_ASM2521125v1_genomic	Leuconostoc suionicum		Bacillota	Bacilli	Lactobacillales	Lactobacillaceae	Leuconostoc	supervised	NCBI_RefSeq
GCF_963895405.1	GCF_963895405.1_ena-yuan-GCF_019137795.1_genomic	Picosynechococcus sp. PCC 7002		Cyanobacteriota	Cyanophyceae	Chroococcales	Geminocystaceae	Picosynechococcus	supervised	NCBI_RefSeq
GCF_027532545.1	GCF_027532545.1_ASM2753254v1_genomic	Microcystis sp. LE19-59.1C		Cyanobacteriota	Cyanophyceae	Chroococcales	Microcystaceae	Microcystis	supervised	NCBI_RefSeq
GCF_025122295.1	GCF_025122295.1_ASM2512229v1_genomic	Leuconostoc citreum		Bacillota	Bacilli	Lactobacillales	Lactobacillaceae	Leuconostoc	supervised	NCBI_RefSeq
GCF_032096975.1	GCF_032096975.1_ASM3209697v1_genomic	Leuconostoc lactis		Bacillota	Bacilli	Lactobacillales	Lactobacillaceae	Leuconostoc	supervised	NCBI_RefSeq
GCF_020089445.1	GCF_020089445.1_ASM2008944v1_genomic	Leuconostoc gelidum		Bacillota	Bacilli	Lactobacillales	Lactobacillaceae	Leuconostoc	supervised	NCBI_RefSeq
GCF_008386235.1	GCF_008386235.1_ASM838623v1_genomic	Thermosynechococcus sp. CL-1		Cyanobacteriota	Cyanophyceae	Acaryochloridales	Thermosynechococcaceae	Thermosynechococcus	supervised	NCBI_RefSeq
GCF_001712795.1	GCF_001712795.1_ASM171279v1_genomic	Nostoc sp. KVJ20		Cyanobacteriota	Cyanophyceae	Nostocales	Nostocaceae	Nostoc	supervised	NCBI_RefSeq
GCF_014279795.1	GCF_014279795.1_ASM1427979v1_genomic	Synechococcus sp. PROS-7-1		Cyanobacteriota	Cyanophyceae	Synechococcales	Synechococcaceae	Synechococcus	supervised	NCBI_RefSeq
GCF_002092315.1	GCF_002092315.1_ASM209231v1_genomic	Leuconostoc mesenteroides		Bacillota	Bacilli	Lactobacillales	Lactobacillaceae	Leuconostoc	supervised	NCBI_RefSeq
GCF_026486025.1	GCF_026486025.1_ASM2648602v1_genomic	Leuconostoc falkenbergense		Bacillota	Bacilli	Lactobacillales	Lactobacillaceae	Leuconostoc	supervised	NCBI_RefSeq
GCF_043558685.1	GCF_043558685.1_ASM4355868v1_genomic	Leuconostoc lactis		Bacillota	Bacilli	Lactobacillales	Lactobacillaceae	Leuconostoc	supervised	NCBI_RefSeq
GCF_025188655.1	GCF_025188655.1_ASM2518865v1_genomic	Leuconostoc citreum		Bacillota	Bacilli	Lactobacillales	Lactobacillaceae	Leuconostoc	supervised	NCBI_RefSeq
GCF_020246905.1	GCF_020246905.1_ASM2024690v1_genomic	Microcystis sp. M011S1		Cyanobacteriota	Cyanophyceae	Chroococcales	Microcystaceae	Microcystis	supervised	NCBI_RefSeq
GCF_019927005.1	GCF_019927005.1_ASM1992700v1_genomic	Leuconostoc mesenteroides		Bacillota	Bacilli	Lactobacillales	Lactobacillaceae	Leuconostoc	supervised	NCBI_RefSeq
GCF_046306875.1	GCF_046306875.1_ASM4630687v1_genomic	Microcystis sp.		Cyanobacteriota	Cyanophyceae	Chroococcales	Microcystaceae	Microcystis	supervised	NCBI_RefSeq
GCF_002092455.1	GCF_002092455.1_ASM209245v1_genomic	Leuconostoc mesenteroides		Bacillota	Bacilli	Lactobacillales	Lactobacillaceae	Leuconostoc	supervised	NCBI_RefSeq
GCF_036919795.1	GCF_036919795.1_ASM3691979v1_genomic	Nostoc sp.		Cyanobacteriota	Cyanophyceae	Nostocales	Nostocaceae	Nostoc	supervised	NCBI_RefSeq
GCF_020881495.1	GCF_020881495.1_ASM2088149v1_genomic	Leuconostoc pseudomesenteroides		Bacillota	Bacilli	Lactobacillales	Lactobacillaceae	Leuconostoc	supervised	NCBI_RefSeq
GCF_003945305.1	GCF_003945305.1_ASM394530v1_genomic	Microcystis viridis		Cyanobacteriota	Cyanophyceae	Chroococcales	Microcystaceae	Microcystis	supervised	NCBI_RefSeq
GCF_020246465.1	GCF_020246465.1_ASM2024646v1_genomic	Microcystis sp. M074S1		Cyanobacteriota	Cyanophyceae	Chroococcales	Microcystaceae	Microcystis	supervised	NCBI_RefSeq
GCF_028329685.1	GCF_028329685.1_ASM2832968v1_genomic	Microcystis aeruginosa		Cyanobacteriota	Cyanophyceae	Chroococcales	Microcystaceae	Microcystis	supervised	NCBI_RefSeq
GCF_022984345.1	GCF_022984345.1_ASM2298434v1_genomic	Synechococcus elongatus		Cyanobacteriota	Cyanophyceae	Synechococcales	Synechococcaceae	Synechococcus	supervised	NCBI_RefSeq
GCF_016908715.1	GCF_016908715.1_ASM1690871v1_genomic	Leuconostoc rapi		Bacillota	Bacilli	Lactobacillales	Lactobacillaceae	Leuconostoc	supervised	NCBI_RefSeq
GCF_001050535.1	GCF_001050535.1_ASM105053v1_genomic	Nostocoides australiense		Actinomycetota	Actinomycetes	Micrococcales	Intrasporangiaceae	Nostocoides	supervised	NCBI_RefSeq
GCF_045111275.1	GCF_045111275.1_ASM4511127v1_genomic	Leuconostoc mesenteroides		Bacillota	Bacilli	Lactobacillales	Lactobacillaceae	Leuconostoc	supervised	NCBI_RefSeq
GCF_036918225.1	GCF_036918225.1_ASM3691822v1_genomic	Nostoc sp.		Cyanobacteriota	Cyanophyceae	Nostocales	Nostocaceae	Nostoc	supervised	NCBI_RefSeq
GCF_001885655.1	GCF_001885655.1_ASM188565v1_genomic	Microcystis aeruginosa		Cyanobacteriota	Cyanophyceae	Chroococcales	Microcystaceae	Microcystis	supervised	NCBI_RefSeq
GCF_028619975.1	GCF_028619975.1_ASM2861997v1_genomic	Leuconostoc mesenteroides		Bacillota	Bacilli	Lactobacillales	Lactobacillaceae	Leuconostoc	supervised	NCBI_RefSeq
GCF_047461835.1	GCF_047461835.1_ASM4746183v1_genomic	Synechococcus sp. R60.1		Cyanobacteriota	Cyanophyceae	Synechococcales	Synechococcaceae	Synechococcus	supervised	NCBI_RefSeq
GCF_020247025.1	GCF_020247025.1_ASM2024702v1_genomic	Microcystis sp. M109S1		Cyanobacteriota	Cyanophyceae	Chroococcales	Microcystaceae	Microcystis	supervised	NCBI_RefSeq
GCF_006381855.1	GCF_006381855.1_ASM638185v1_genomic	Leuconostoc citreum		Bacillota	Bacilli	Lactobacillales	Lactobacillaceae	Leuconostoc	supervised	NCBI_RefSeq
GCF_048657185.1	GCF_048657185.1_ASM4865718v1_genomic	Leuconostoc mesenteroides		Bacillota	Bacilli	Lactobacillales	Lactobacillaceae	Leuconostoc	supervised	NCBI_RefSeq
GCF_028619195.1	GCF_028619195.1_ASM2861919v1_genomic	Leuconostoc mesenteroides		Bacillota	Bacilli	Lactobacillales	Lactobacillaceae	Leuconostoc	supervised	NCBI_RefSeq
GCF_000759935.1	GCF_000759935.1_ASM75993v1_genomic	Prochlorococcus marinus		Cyanobacteriota	Cyanophyceae	Synechococcales	Prochlorococcaceae	Prochlorococcus	supervised	NCBI_RefSeq
GCF_036324385.1	GCF_036324385.1_ASM3632438v1_genomic	Leuconostoc mesenteroides		Bacillota	Bacilli	Lactobacillales	Lactobacillaceae	Leuconostoc	supervised	NCBI_RefSeq
GCF_036917855.1	GCF_036917855.1_ASM3691785v1_genomic	Nostoc sp.		Cyanobacteriota	Cyanophyceae	Nostocales	Nostocaceae	Nostoc	supervised	NCBI_RefSeq
GCF_047302745.1	GCF_047302745.1_ASM4730274v1_genomic	Prochlorococcus marinus		Cyanobacteriota	Cyanophyceae	Synechococcales	Prochlorococcaceae	Prochlorococcus	supervised	NCBI_RefSeq
GCF_047305135.1	GCF_047305135.1_ASM4730513v1_genomic	Prochlorococcus sp. MIT 9123		Cyanobacteriota	Cyanophyceae	Synechococcales	Prochlorococcaceae	Prochlorococcus	supervised	NCBI_RefSeq
GCF_007954665.1	GCF_007954665.1_ASM795466v1_genomic	Leuconostoc lactis		Bacillota	Bacilli	Lactobacillales	Lactobacillaceae	Leuconostoc	supervised	NCBI_RefSeq
GCF_000015705.1	GCF_000015705.1_ASM1570v1_genomic	Prochlorococcus marinus		Cyanobacteriota	Cyanophyceae	Synechococcales	Prochlorococcaceae	Prochlorococcus	supervised	NCBI_RefSeq
GCF_029602415.1	GCF_029602415.1_Pcat_genomic	Pseudanabaena catenata		Cyanobacteriota	Cyanophyceae	Pseudanabaenales	Pseudanabaenaceae	Pseudanabaena	supervised	NCBI_RefSeq
GCF_045527685.1	GCF_045527685.1_ASM4552768v1_genomic	Leuconostoc mesenteroides		Bacillota	Bacilli	Lactobacillales	Lactobacillaceae	Leuconostoc	supervised	NCBI_RefSeq
GCF_030369975.1	GCF_030369975.1_ASM3036997v1_genomic	Leuconostoc mesenteroides		Bacillota	Bacilli	Lactobacillales	Lactobacillaceae	Leuconostoc	supervised	NCBI_RefSeq
GCF_014927285.1	GCF_014927285.1_ASM1492728v1_genomic	Leuconostoc citreum		Bacillota	Bacilli	Lactobacillales	Lactobacillaceae	Leuconostoc	supervised	NCBI_RefSeq
GCF_017696205.1	GCF_017696205.1_ASM1769620v1_genomic	Prochlorococcus marinus		Cyanobacteriota	Cyanophyceae	Synechococcales	Prochlorococcaceae	Prochlorococcus	supervised	NCBI_RefSeq
GCF_900461615.1	GCF_900461615.1_51765_D01_genomic	Leuconostoc mesenteroides		Bacillota	Bacilli	Lactobacillales	Lactobacillaceae	Leuconostoc	supervised	NCBI_RefSeq
GCF_019927145.1	GCF_019927145.1_ASM1992714v1_genomic	Leuconostoc mesenteroides		Bacillota	Bacilli	Lactobacillales	Lactobacillaceae	Leuconostoc	supervised	NCBI_RefSeq
GCF_008579325.1	GCF_008579325.1_ASM857932v1_genomic	Microcystis aeruginosa		Cyanobacteriota	Cyanophyceae	Chroococcales	Microcystaceae	Microcystis	supervised	NCBI_RefSeq
GCF_028619295.1	GCF_028619295.1_ASM2861929v1_genomic	Leuconostoc mesenteroides		Bacillota	Bacilli	Lactobacillales	Lactobacillaceae	Leuconostoc	supervised	NCBI_RefSeq
GCF_007095505.1	GCF_007095505.1_ASM709550v1_genomic	Microcystis sp. M_QC_C_20170808_M3Col		Cyanobacteriota	Cyanophyceae	Chroococcales	Microcystaceae	Microcystis	supervised	NCBI_RefSeq
GCF_025211365.1	GCF_025211365.1_ASM2521136v1_genomic	Leuconostoc falkenbergense		Bacillota	Bacilli	Lactobacillales	Lactobacillaceae	Leuconostoc	supervised	NCBI_RefSeq
GCF_008690805.1	GCF_008690805.1_ASM869080v1_genomic	Leuconostoc mesenteroides		Bacillota	Bacilli	Lactobacillales	Lactobacillaceae	Leuconostoc	supervised	NCBI_RefSeq
GCF_013343235.1	GCF_013343235.1_ASM1334323v1_genomic	Nostoc sp. TCL240-02		Cyanobacteriota	Cyanophyceae	Nostocales	Nostocaceae	Nostoc	supervised	NCBI_RefSeq
GCF_020246205.1	GCF_020246205.1_ASM2024620v1_genomic	Microcystis sp. M116S2		Cyanobacteriota	Cyanophyceae	Chroococcales	Microcystaceae	Microcystis	supervised	NCBI_RefSeq
GCF_024346075.1	GCF_024346075.1_ASM2434607v1_genomic	Synechococcus sp. Cruz CV12-2-Slac-r		Cyanobacteriota	Cyanophyceae	Synechococcales	Synechococcaceae	Synechococcus	supervised	NCBI_RefSeq
GCF_014280215.1	GCF_014280215.1_ASM1428021v1_genomic	Synechococcus sp. A15-127		Cyanobacteriota	Cyanophyceae	Synechococcales	Synechococcaceae	Synechococcus	supervised	NCBI_RefSeq
GCF_047721145.1	GCF_047721145.1_ASM4772114v1_genomic	Leuconostoc falkenbergense		Bacillota	Bacilli	Lactobacillales	Lactobacillaceae	Leuconostoc	supervised	NCBI_RefSeq
GCF_030323025.1	GCF_030323025.1_ASM3032302v1_genomic	Pseudanabaena mucicola		Cyanobacteriota	Cyanophyceae	Pseudanabaenales	Pseudanabaenaceae	Pseudanabaena	supervised	NCBI_RefSeq
GCF_000760275.1	GCF_000760275.1_ASM76027v1_genomic	Prochlorococcus marinus		Cyanobacteriota	Cyanophyceae	Synechococcales	Prochlorococcaceae	Prochlorococcus	supervised	NCBI_RefSeq
GCF_014280075.1	GCF_014280075.1_ASM1428007v1_genomic	Synechococcus sp. A15-62		Cyanobacteriota	Cyanophyceae	Synechococcales	Synechococcaceae	Synechococcus	supervised	NCBI_RefSeq
GCF_014279755.1	GCF_014279755.1_ASM1427975v1_genomic	Synechococcus sp. PROS-U-1		Cyanobacteriota	Cyanophyceae	Synechococcales	Synechococcaceae	Synechococcus	supervised	NCBI_RefSeq
GCF_024800665.1	GCF_024800665.1_ASM2480066v1_genomic	Leuconostoc citreum		Bacillota	Bacilli	Lactobacillales	Lactobacillaceae	Leuconostoc	supervised	NCBI_RefSeq
GCF_036919475.1	GCF_036919475.1_ASM3691947v1_genomic	Nostoc sp.		Cyanobacteriota	Cyanophyceae	Nostocales	Nostocaceae	Nostoc	supervised	NCBI_RefSeq
GCF_964065235.1	GCF_964065235.1_Leuconostoc_pseudomesenteroides_CIRM-BIA2446_genomic	Leuconostoc pseudomesenteroides		Bacillota	Bacilli	Lactobacillales	Lactobacillaceae	Leuconostoc	supervised	NCBI_RefSeq
GCF_024345775.1	GCF_024345775.1_ASM2434577v1_genomic	Synechococcus sp. JJ3a-Johnson		Cyanobacteriota	Cyanophyceae	Synechococcales	Synechococcaceae	Synechococcus	supervised	NCBI_RefSeq
GCF_028620225.1	GCF_028620225.1_ASM2862022v1_genomic	Leuconostoc mesenteroides		Bacillota	Bacilli	Lactobacillales	Lactobacillaceae	Leuconostoc	supervised	NCBI_RefSeq
GCF_000179255.1	GCF_000179255.1_ASM17925v1_genomic	Synechococcus sp. CB0205		Cyanobacteriota	Cyanophyceae	Synechococcales	Synechococcaceae	Synechococcus	supervised	NCBI_RefSeq
GCF_047497135.1	GCF_047497135.1_ASM4749713v1_genomic	Synechococcus sp. MIT S9504		Cyanobacteriota	Cyanophyceae	Synechococcales	Synechococcaceae	Synechococcus	supervised	NCBI_RefSeq
GCF_934193555.1	GCF_934193555.1_ERR7738260_bin.101_genomic	uncultured Leuconostoc sp.		Bacillota	Bacilli	Lactobacillales	Lactobacillaceae	Leuconostoc	supervised	NCBI_RefSeq
GCF_017115145.1	GCF_017115145.1_ASM1711514v1_genomic	Nostoc sp. NMS1		Cyanobacteriota	Cyanophyceae	Nostocales	Nostocaceae	Nostoc	supervised	NCBI_RefSeq
GCF_017696015.1	GCF_017696015.1_ASM1769601v1_genomic	Prochlorococcus marinus		Cyanobacteriota	Cyanophyceae	Synechococcales	Prochlorococcaceae	Prochlorococcus	supervised	NCBI_RefSeq
GCF_045919585.1	GCF_045919585.1_ASM4591958v1_genomic	Leuconostoc mesenteroides		Bacillota	Bacilli	Lactobacillales	Lactobacillaceae	Leuconostoc	supervised	NCBI_RefSeq
GCF_001998805.1	GCF_001998805.1_ASM199880v1_genomic	Leuconostoc garlicum		Bacillota	Bacilli	Lactobacillales	Lactobacillaceae	Leuconostoc	supervised	NCBI_RefSeq
GCF_028618795.1	GCF_028618795.1_ASM2861879v1_genomic	Leuconostoc mesenteroides		Bacillota	Bacilli	Lactobacillales	Lactobacillaceae	Leuconostoc	supervised	NCBI_RefSeq
GCF_036917635.1	GCF_036917635.1_ASM3691763v1_genomic	Nostoc sp.		Cyanobacteriota	Cyanophyceae	Nostocales	Nostocaceae	Nostoc	supervised	NCBI_RefSeq
GCF_002608225.1	GCF_002608225.1_ASM260822v1_genomic	Nostoc linckia		Cyanobacteriota	Cyanophyceae	Nostocales	Nostocaceae	Nostoc	supervised	NCBI_RefSeq
GCF_030382115.1	GCF_030382115.1_ASM3038211v1_genomic	Nostoc sp. GT001		Cyanobacteriota	Cyanophyceae	Nostocales	Nostocaceae	Nostoc	supervised	NCBI_RefSeq
GCF_034530975.2	GCF_034530975.2_ASM3453097v2_genomic	Nostoc sp. DedQUE07		Cyanobacteriota	Cyanophyceae	Nostocales	Nostocaceae	Nostoc	supervised	NCBI_RefSeq
GCF_020245175.1	GCF_020245175.1_ASM2024517v1_genomic	Microcystis sp. M26BS1		Cyanobacteriota	Cyanophyceae	Chroococcales	Microcystaceae	Microcystis	supervised	NCBI_RefSeq
GCF_000011465.1	GCF_000011465.1_ASM1146v1_genomic	Prochlorococcus marinus		Cyanobacteriota	Cyanophyceae	Synechococcales	Prochlorococcaceae	Prochlorococcus	supervised	NCBI_RefSeq
GCF_047305115.1	GCF_047305115.1_ASM4730511v1_genomic	Prochlorococcus sp. MED1		Cyanobacteriota	Cyanophyceae	Synechococcales	Prochlorococcaceae	Prochlorococcus	supervised	NCBI_RefSeq
GCF_022447305.1	GCF_022447305.1_ASM2244730v1_genomic	Prochlorococcus sp. ALOHA_ZT_50		Cyanobacteriota	Cyanophyceae	Synechococcales	Prochlorococcaceae	Prochlorococcus	supervised	NCBI_RefSeq
GCF_002425485.1	GCF_002425485.1_ASM242548v1_genomic	Leuconostoc lactis		Bacillota	Bacilli	Lactobacillales	Lactobacillaceae	Leuconostoc	supervised	NCBI_RefSeq
GCF_018257035.1	GCF_018257035.1_ASM1825703v1_genomic	Leuconostoc suionicum		Bacillota	Bacilli	Lactobacillales	Lactobacillaceae	Leuconostoc	supervised	NCBI_RefSeq
GCF_034092375.1	GCF_034092375.1_ASM3409237v1_genomic	Prochlorococcus sp. MIT 1300		Cyanobacteriota	Cyanophyceae	Synechococcales	Prochlorococcaceae	Prochlorococcus	supervised	NCBI_RefSeq
GCF_020514205.1	GCF_020514205.1_ASM2051420v1_genomic	Synechococcus sp. MU1625		Cyanobacteriota	Cyanophyceae	Synechococcales	Synechococcaceae	Synechococcus	supervised	NCBI_RefSeq
GCF_008326505.1	GCF_008326505.1_ASM832650v1_genomic	Leuconostoc citreum		Bacillota	Bacilli	Lactobacillales	Lactobacillaceae	Leuconostoc	supervised	NCBI_RefSeq
GCF_020245085.1	GCF_020245085.1_ASM2024508v1_genomic	Microcystis sp. M34BS1		Cyanobacteriota	Cyanophyceae	Chroococcales	Microcystaceae	Microcystis	supervised	NCBI_RefSeq
GCF_047462435.1	GCF_047462435.1_ASM4746243v1_genomic	Synechococcus sp. H55.5		Cyanobacteriota	Cyanophyceae	Synechococcales	Synechococcaceae	Synechococcus	supervised	NCBI_RefSeq
GCF_020245865.1	GCF_020245865.1_ASM2024586v1_genomic	Microcystis sp. M169S2		Cyanobacteriota	Cyanophyceae	Chroococcales	Microcystaceae	Microcystis	supervised	NCBI_RefSeq
GCF_047304785.1	GCF_047304785.1_ASM4730478v1_genomic	Prochlorococcus sp. MIT 1327		Cyanobacteriota	Cyanophyceae	Synechococcales	Prochlorococcaceae	Prochlorococcus	supervised	NCBI_RefSeq
GCF_000737575.1	GCF_000737575.1_ASM73757v1_genomic	Synechococcus sp. KORDI-49		Cyanobacteriota	Cyanophyceae	Synechococcales	Synechococcaceae	Synechococcus	supervised	NCBI_RefSeq
GCF_031583375.1	GCF_031583375.1_ASM3158337v1_genomic	Thermosynechococcus sp. WL15		Cyanobacteriota	Cyanophyceae	Acaryochloridales	Thermosynechococcaceae	Thermosynechococcus	supervised	NCBI_RefSeq
GCF_000239935.1	GCF_000239935.1_ASM23993v2_genomic	Leuconostoc citreum		Bacillota	Bacilli	Lactobacillales	Lactobacillaceae	Leuconostoc	supervised	NCBI_RefSeq
GCF_900452955.1	GCF_900452955.1_49923_C01_genomic	Leuconostoc mesenteroides		Bacillota	Bacilli	Lactobacillales	Lactobacillaceae	Leuconostoc	supervised	NCBI_RefSeq
GCF_047302765.1	GCF_047302765.1_ASM4730276v1_genomic	Prochlorococcus marinus		Cyanobacteriota	Cyanophyceae	Synechococcales	Prochlorococcaceae	Prochlorococcus	supervised	NCBI_RefSeq
GCF_030269345.1	GCF_030269345.1_ASM3026934v1_genomic	Leuconostoc lactis		Bacillota	Bacilli	Lactobacillales	Lactobacillaceae	Leuconostoc	supervised	NCBI_RefSeq
GCF_000161795.2	GCF_000161795.2_ASM16179v2_genomic	Synechococcus sp. WH 8109		Cyanobacteriota	Cyanophyceae	Synechococcales	Synechococcaceae	Synechococcus	supervised	NCBI_RefSeq
GCF_036917075.1	GCF_036917075.1_ASM3691707v1_genomic	Nostoc sp.		Cyanobacteriota	Cyanophyceae	Nostocales	Nostocaceae	Nostoc	supervised	NCBI_RefSeq
GCF_047502705.1	GCF_047502705.1_ASM4750270v1_genomic	Synechococcus sp. H70.1		Cyanobacteriota	Cyanophyceae	Synechococcales	Synechococcaceae	Synechococcus	supervised	NCBI_RefSeq
GCF_003019735.1	GCF_003019735.1_ASM301973v1_genomic	Microcystis sp. MC19		Cyanobacteriota	Cyanophyceae	Chroococcales	Microcystaceae	Microcystis	supervised	NCBI_RefSeq
GCF_046312975.1	GCF_046312975.1_ASM4631297v1_genomic	Microcystis sp.		Cyanobacteriota	Cyanophyceae	Chroococcales	Microcystaceae	Microcystis	supervised	NCBI_RefSeq
GCF_020246445.1	GCF_020246445.1_ASM2024644v1_genomic	Microcystis sp. M078S1		Cyanobacteriota	Cyanophyceae	Chroococcales	Microcystaceae	Microcystis	supervised	NCBI_RefSeq
GCF_036453025.1	GCF_036453025.1_ASM3645302v1_genomic	Leuconostoc gelidum		Bacillota	Bacilli	Lactobacillales	Lactobacillaceae	Leuconostoc	supervised	NCBI_RefSeq
GCF_020088965.1	GCF_020088965.1_ASM2008896v1_genomic	Leuconostoc gasicomitatum		Bacillota	Bacilli	Lactobacillales	Lactobacillaceae	Leuconostoc	supervised	NCBI_RefSeq
GCF_034931405.1	GCF_034931405.1_ASM3493140v1_genomic	Anabaena sp. UHCC 0451		Cyanobacteriota	Cyanophyceae	Nostocales	Nostocaceae	Anabaena	supervised	NCBI_RefSeq
GCF_007095585.1	GCF_007095585.1_ASM709558v1_genomic	Microcystis sp. M_OC_Ca_00000000_C217Col		Cyanobacteriota	Cyanophyceae	Chroococcales	Microcystaceae	Microcystis	supervised	NCBI_RefSeq
GCF_902616385.1	GCF_902616385.1_AG-919-J11_genomic	uncultured Prochlorococcus sp.		Cyanobacteriota	Cyanophyceae	Synechococcales	Prochlorococcaceae	Prochlorococcus	supervised	NCBI_RefSeq
GCF_030544905.1	GCF_030544905.1_ASM3054490v1_genomic	Synechococcus elongatus		Cyanobacteriota	Cyanophyceae	Synechococcales	Synechococcaceae	Synechococcus	supervised	NCBI_RefSeq
GCF_002886025.1	GCF_002886025.1_ASM288602v1_genomic	Leuconostoc mesenteroides		Bacillota	Bacilli	Lactobacillales	Lactobacillaceae	Leuconostoc	supervised	NCBI_RefSeq
GCF_020246925.1	GCF_020246925.1_ASM2024692v1_genomic	Microcystis sp. M112S1		Cyanobacteriota	Cyanophyceae	Chroococcales	Microcystaceae	Microcystis	supervised	NCBI_RefSeq
GCF_025128135.1	GCF_025128135.1_ASM2512813v1_genomic	Synechococcus sp. CS-1325		Cyanobacteriota	Cyanophyceae	Synechococcales	Synechococcaceae	Synechococcus	supervised	NCBI_RefSeq
GCF_028619365.1	GCF_028619365.1_ASM2861936v1_genomic	Leuconostoc mesenteroides		Bacillota	Bacilli	Lactobacillales	Lactobacillaceae	Leuconostoc	supervised	NCBI_RefSeq
GCF_002092465.1	GCF_002092465.1_ASM209246v1_genomic	Leuconostoc mesenteroides		Bacillota	Bacilli	Lactobacillales	Lactobacillaceae	Leuconostoc	supervised	NCBI_RefSeq
GCF_030017175.1	GCF_030017175.1_ASM3001717v1_genomic	Leuconostoc falkenbergense		Bacillota	Bacilli	Lactobacillales	Lactobacillaceae	Leuconostoc	supervised	NCBI_RefSeq
GCF_019325045.1	GCF_019325045.1_ASM1932504v1_genomic	Prochlorococcus marinus		Cyanobacteriota	Cyanophyceae	Synechococcales	Prochlorococcaceae	Prochlorococcus	supervised	NCBI_RefSeq
GCF_031583535.1	GCF_031583535.1_ASM3158353v1_genomic	Thermosynechococcus sp. HY591		Cyanobacteriota	Cyanophyceae	Acaryochloridales	Thermosynechococcaceae	Thermosynechococcus	supervised	NCBI_RefSeq
GCF_004102585.1	GCF_004102585.1_ASM410258v1_genomic	Leuconostoc mesenteroides		Bacillota	Bacilli	Lactobacillales	Lactobacillaceae	Leuconostoc	supervised	NCBI_RefSeq
GCF_020246785.1	GCF_020246785.1_ASM2024678v1_genomic	Microcystis sp. M022S1		Cyanobacteriota	Cyanophyceae	Chroococcales	Microcystaceae	Microcystis	supervised	NCBI_RefSeq
GCF_036917935.1	GCF_036917935.1_ASM3691793v1_genomic	Nostoc sp.		Cyanobacteriota	Cyanophyceae	Nostocales	Nostocaceae	Nostoc	supervised	NCBI_RefSeq
GCF_031192385.1	GCF_031192385.1_ASM3119238v1_genomic	Leuconostoc mesenteroides		Bacillota	Bacilli	Lactobacillales	Lactobacillaceae	Leuconostoc	supervised	NCBI_RefSeq
GCF_020089365.1	GCF_020089365.1_ASM2008936v1_genomic	Leuconostoc gelidum		Bacillota	Bacilli	Lactobacillales	Lactobacillaceae	Leuconostoc	supervised	NCBI_RefSeq
GCF_019656075.1	GCF_019656075.1_ASM1965607v1_genomic	Leuconostoc palmae		Bacillota	Bacilli	Lactobacillales	Lactobacillaceae	Leuconostoc	supervised	NCBI_RefSeq
GCF_028618895.1	GCF_028618895.1_ASM2861889v1_genomic	Leuconostoc mesenteroides		Bacillota	Bacilli	Lactobacillales	Lactobacillaceae	Leuconostoc	supervised	NCBI_RefSeq
GCF_040516045.1	GCF_040516045.1_ASM4051604v1_genomic	Leuconostoc mesenteroides		Bacillota	Bacilli	Lactobacillales	Lactobacillaceae	Leuconostoc	supervised	NCBI_RefSeq
GCF_047461575.1	GCF_047461575.1_ASM4746157v1_genomic	Synechococcus sp. W60.1		Cyanobacteriota	Cyanophyceae	Synechococcales	Synechococcaceae	Synechococcus	supervised	NCBI_RefSeq
GCF_943372695.1	GCF_943372695.1_JJ-ME644-99-1-mx-bin661_genomic	Synechococcus sp. UW140		Cyanobacteriota	Cyanophyceae	Synechococcales	Synechococcaceae	Synechococcus	supervised	NCBI_RefSeq
GCF_025211155.1	GCF_025211155.1_ASM2521115v1_genomic	Leuconostoc suionicum		Bacillota	Bacilli	Lactobacillales	Lactobacillaceae	Leuconostoc	supervised	NCBI_RefSeq
GCF_022832635.1	GCF_022832635.1_ASM2283263v1_genomic	Leuconostoc citreum		Bacillota	Bacilli	Lactobacillales	Lactobacillaceae	Leuconostoc	supervised	NCBI_RefSeq
GCF_001989415.1	GCF_001989415.1_ASM198941v1_genomic	Prochlorococcus sp. RSP50		Cyanobacteriota	Cyanophyceae	Synechococcales	Prochlorococcaceae	Prochlorococcus	supervised	NCBI_RefSeq
GCF_047461815.1	GCF_047461815.1_ASM4746181v1_genomic	Synechococcus sp. R6-10		Cyanobacteriota	Cyanophyceae	Synechococcales	Synechococcaceae	Synechococcus	supervised	NCBI_RefSeq
GCF_001578075.1	GCF_001578075.1_ASM157807v1_genomic	Microcystis aeruginosa		Cyanobacteriota	Cyanophyceae	Chroococcales	Microcystaceae	Microcystis	supervised	NCBI_RefSeq
GCF_047304675.1	GCF_047304675.1_ASM4730467v1_genomic	Prochlorococcus marinus		Cyanobacteriota	Cyanophyceae	Synechococcales	Prochlorococcaceae	Prochlorococcus	supervised	NCBI_RefSeq
GCF_020245505.1	GCF_020245505.1_ASM2024550v1_genomic	Microcystis sp. M080S2		Cyanobacteriota	Cyanophyceae	Chroococcales	Microcystaceae	Microcystis	supervised	NCBI_RefSeq
GCF_009498715.2	GCF_009498715.2_ASM949871v2_genomic	Synechococcus elongatus		Cyanobacteriota	Cyanophyceae	Synechococcales	Synechococcaceae	Synechococcus	supervised	NCBI_RefSeq
GCF_008690875.1	GCF_008690875.1_ASM869087v1_genomic	Leuconostoc carnosum		Bacillota	Bacilli	Lactobacillales	Lactobacillaceae	Leuconostoc	supervised	NCBI_RefSeq
GCF_014698305.1	GCF_014698305.1_ASM1469830v1_genomic	Anabaena lutea		Cyanobacteriota	Cyanophyceae	Nostocales	Nostocaceae	Anabaena	supervised	NCBI_RefSeq
GCF_028330745.1	GCF_028330745.1_ASM2833074v1_genomic	Microcystis aeruginosa		Cyanobacteriota	Cyanophyceae	Chroococcales	Microcystaceae	Microcystis	supervised	NCBI_RefSeq
GCF_020858715.1	GCF_020858715.1_ASM2085871v1_genomic	Leuconostoc pseudomesenteroides		Bacillota	Bacilli	Lactobacillales	Lactobacillaceae	Leuconostoc	supervised	NCBI_RefSeq
GCF_002287365.1	GCF_002287365.1_ASM228736v1_genomic	Leuconostoc lactis		Bacillota	Bacilli	Lactobacillales	Lactobacillaceae	Leuconostoc	supervised	NCBI_RefSeq
GCF_025122205.1	GCF_025122205.1_ASM2512220v1_genomic	Leuconostoc citreum		Bacillota	Bacilli	Lactobacillales	Lactobacillaceae	Leuconostoc	supervised	NCBI_RefSeq
GCF_001264245.1	GCF_001264245.1_ASM126424v1_genomic	Microcystis panniformis		Cyanobacteriota	Cyanophyceae	Chroococcales	Microcystaceae	Microcystis	supervised	NCBI_RefSeq
GCF_002370415.1	GCF_002370415.1_ASM237041v1_genomic	Leuconostoc mesenteroides		Bacillota	Bacilli	Lactobacillales	Lactobacillaceae	Leuconostoc	supervised	NCBI_RefSeq
GCF_030161775.1	GCF_030161775.1_ASM3016177v1_genomic	Leuconostoc litchii		Bacillota	Bacilli	Lactobacillales	Lactobacillaceae	Leuconostoc	supervised	NCBI_RefSeq
GCF_010747425.1	GCF_010747425.1_ASM1074742v1_genomic	Nostoc sp. UIC 10630		Cyanobacteriota	Cyanophyceae	Nostocales	Nostocaceae	Nostoc	supervised	NCBI_RefSeq
GCF_028331215.1	GCF_028331215.1_ASM2833121v1_genomic	Microcystis aeruginosa		Cyanobacteriota	Cyanophyceae	Chroococcales	Microcystaceae	Microcystis	supervised	NCBI_RefSeq
GCF_045111195.1	GCF_045111195.1_ASM4511119v1_genomic	Leuconostoc mesenteroides		Bacillota	Bacilli	Lactobacillales	Lactobacillaceae	Leuconostoc	supervised	NCBI_RefSeq
GCF_002092135.1	GCF_002092135.1_ASM209213v1_genomic	Leuconostoc mesenteroides		Bacillota	Bacilli	Lactobacillales	Lactobacillaceae	Leuconostoc	supervised	NCBI_RefSeq
GCF_963243745.1	GCF_963243745.1_LzLMG22198_assembly_genomic	Levilactobacillus zymae		Bacillota	Bacilli	Lactobacillales	Lactobacillaceae	Levilactobacillus	supervised	NCBI_RefSeq
GCF_000186385.1	GCF_000186385.1_ASM18638v1_genomic	Deinococcus maricopensis		Deinococcota	Deinococci	Deinococcales	Deinococcaceae	Deinococcus	supervised	NCBI_RefSeq
GCF_030440575.1	GCF_030440575.1_ASM3044057v1_genomic	Corynebacterium ciconiae		Actinomycetota	Actinomycetes	Mycobacteriales	Corynebacteriaceae	Corynebacterium	supervised	NCBI_RefSeq
GCF_002116695.1	GCF_002116695.1_ASM211669v1_genomic	Acidianus manzaensis		Thermoproteota	Thermoprotei	Sulfolobales	Sulfolobaceae	Acidianus	supervised	NCBI_RefSeq
GCF_007741555.1	GCF_007741555.1_ASM774155v1_genomic	Stieleria marina		Planctomycetota	Planctomycetia	Pirellulales	Pirellulaceae	Stieleria	supervised	NCBI_RefSeq
GCF_025133285.1	GCF_025133285.1_ASM2513328v1_genomic	Streptomyces carpaticus		Actinomycetota	Actinomycetes	Kitasatosporales	Streptomycetaceae	Streptomyces	supervised	NCBI_RefSeq
GCF_000013445.1	GCF_000013445.1_ASM1344v1_genomic	Methanospirillum hungatei		Methanobacteriota	Methanomicrobia	Methanomicrobiales	Methanospirillaceae	Methanospirillum	supervised	NCBI_RefSeq
GCF_024346675.1	GCF_024346675.1_ASM2434667v1_genomic	Photobacterium sanguinicancri		Pseudomonadota	Gammaproteobacteria	Vibrionales	Vibrionaceae	Photobacterium	supervised	NCBI_RefSeq
GCF_009817885.1	GCF_009817885.1_ASM981788v1_genomic	Serratia rhizosphaerae		Pseudomonadota	Gammaproteobacteria	Enterobacterales	Yersiniaceae	Serratia	supervised	NCBI_RefSeq
GCF_000013085.1	GCF_000013085.1_ASM1308v1_genomic	Rhodospirillum rubrum		Pseudomonadota	Alphaproteobacteria	Rhodospirillales	Rhodospirillaceae	Rhodospirillum	supervised	NCBI_RefSeq
GCF_000585495.1	GCF_000585495.1_ASM58549v1_genomic	Thermococcus nautili		Methanobacteriota	Thermococci	Thermococcales	Thermococcaceae	Thermococcus	supervised	NCBI_RefSeq
GCF_000092185.1	GCF_000092185.1_ASM9218v1_genomic	Thermosphaera aggregans		Thermoproteota	Thermoprotei	Desulfurococcales	Desulfurococcaceae	Thermosphaera	supervised	NCBI_RefSeq
GCF_964019665.1	GCF_964019665.1_icCanRufa1.Spiroplasma_sp_1.1_genomic	Spiroplasma endosymbiont of Cantharis rufa		Mycoplasmatota	Mollicutes	Entomoplasmatales	Spiroplasmataceae	Spiroplasma	supervised	NCBI_RefSeq
GCF_010731575.1	GCF_010731575.1_ASM1073157v1_genomic	Mycolicibacterium monacense		Actinomycetota	Actinomycetes	Mycobacteriales	Mycobacteriaceae	Mycolicibacterium	supervised	NCBI_RefSeq
GCF_028830055.1	GCF_028830055.1_ASM2883005v1_genomic	Pseudomonas serboccidentalis		Pseudomonadota	Gammaproteobacteria	Pseudomonadales	Pseudomonadaceae	Pseudomonas	supervised	NCBI_RefSeq
GCF_026651875.1	GCF_026651875.1_ASM2665187v1_genomic	Alicyclobacillus fastidiosus		Bacillota	Bacilli	Bacillales	Alicyclobacillaceae	Alicyclobacillus	supervised	NCBI_RefSeq
GCF_046774455.1	GCF_046774455.1_ASM4677445v1_genomic	Metamycoplasma buccale		Mycoplasmatota		Mycoplasmoidales	Metamycoplasmataceae	Metamycoplasma	supervised	NCBI_RefSeq
GCF_964028525.1	GCF_964028525.1_idPorMacu1.Wolbachia_sp_1.1_genomic	Wolbachia endosymbiont (group A) of Portevinia maculata		Pseudomonadota	Alphaproteobacteria	Rickettsiales	Anaplasmataceae	Wolbachia	supervised	NCBI_RefSeq
GCF_000195315.1	GCF_000195315.1_ASM19531v1_genomic	Coriobacterium glomerans		Actinomycetota	Coriobacteriia	Coriobacteriales	Coriobacteriaceae	Coriobacterium	supervised	NCBI_RefSeq
GCF_003325475.1	GCF_003325475.1_ASM332547v1_genomic	Chromobacterium phragmitis		Pseudomonadota	Betaproteobacteria	Neisseriales	Chromobacteriaceae	Chromobacterium	supervised	NCBI_RefSeq
GCF_012979535.1	GCF_012979535.1_ASM1297953v1_genomic	Sphingomonas lacunae		Pseudomonadota	Alphaproteobacteria	Sphingomonadales	Sphingomonadaceae	Sphingomonas	supervised	NCBI_RefSeq
GCF_900476055.1	GCF_900476055.1_53750_F01_genomic	Streptococcus australis		Bacillota	Bacilli	Lactobacillales	Streptococcaceae	Streptococcus	supervised	NCBI_RefSeq
GCF_013423865.1	GCF_013423865.1_ASM1342386v1_genomic	Limosilactobacillus mucosae		Bacillota	Bacilli	Lactobacillales	Lactobacillaceae	Limosilactobacillus	supervised	NCBI_RefSeq
GCF_047715405.1	GCF_047715405.1_ASM4771540v1_genomic	Halosimplex rarum		Methanobacteriota	Halobacteria	Halobacteriales	Haloarculaceae	Halosimplex	supervised	NCBI_RefSeq
GCF_001679665.1	GCF_001679665.1_ASM167966v1_genomic	Candidatus Viadribacter manganicus		Pseudomonadota	Alphaproteobacteria	Hyphomonadales	Hyphomonadaceae	Candidatus Viadribacter	supervised	NCBI_RefSeq
GCF_900478115.1	GCF_900478115.1_50618_D02_genomic	Rhodococcus coprophilus		Actinomycetota	Actinomycetes	Mycobacteriales	Nocardiaceae	Rhodococcus	supervised	NCBI_RefSeq
GCF_000009045.1	GCF_000009045.1_ASM904v1_genomic	Bacillus subtilis		Bacillota	Bacilli	Bacillales	Bacillaceae	Bacillus	supervised	NCBI_RefSeq
GCF_001878675.1	GCF_001878675.1_ASM187867v1_genomic	Virgibacillus halodenitrificans		Bacillota	Bacilli	Bacillales	Bacillaceae	Virgibacillus	supervised	NCBI_RefSeq
GCF_964028205.1	GCF_964028205.1_ilXylAreo1.Wolbachia_sp_1.1_genomic	Wolbachia endosymbiont (group B) of Xylocampa areola		Pseudomonadota	Alphaproteobacteria	Rickettsiales	Anaplasmataceae	Wolbachia	supervised	NCBI_RefSeq
GCF_003814005.1	GCF_003814005.1_ASM381400v1_genomic	Corynebacterium pseudopelargi		Actinomycetota	Actinomycetes	Mycobacteriales	Corynebacteriaceae	Corynebacterium	supervised	NCBI_RefSeq
GCF_001687625.2	GCF_001687625.2_ASM168762v2_genomic	Planococcus maritimus		Bacillota	Bacilli	Bacillales	Caryophanaceae	Planococcus	supervised	NCBI_RefSeq
GCF_000018285.1	GCF_000018285.1_ASM1828v1_genomic	Shewanella pealeana		Pseudomonadota	Gammaproteobacteria	Alteromonadales	Shewanellaceae	Shewanella	supervised	NCBI_RefSeq
GCF_001509405.1	GCF_001509405.1_ASM150940v1_genomic	Aeromicrobium erythreum		Actinomycetota	Actinomycetes	Propionibacteriales	Nocardioidaceae	Aeromicrobium	supervised	NCBI_RefSeq
GCF_028736055.1	GCF_028736055.1_ASM2873605v1_genomic	Arthrobacter agilis		Actinomycetota	Actinomycetes	Micrococcales	Micrococcaceae	Arthrobacter	supervised	NCBI_RefSeq
GCF_021184025.1	GCF_021184025.1_ASM2118402v1_genomic	Rhodopseudomonas boonkerdii		Pseudomonadota	Alphaproteobacteria	Hyphomicrobiales	Nitrobacteraceae	Rhodopseudomonas	supervised	NCBI_RefSeq
GCF_947250475.1	GCF_947250475.1_ilApoBetu1.Wolbachia_sp_1.1_genomic	Wolbachia endosymbiont (group B) of Apotomis betuletana		Pseudomonadota	Alphaproteobacteria	Rickettsiales	Anaplasmataceae	Wolbachia	supervised	NCBI_RefSeq
GCF_004087915.1	GCF_004087915.1_ASM408791v1_genomic	Geovibrio thiophilus		Deferribacterota	Deferribacteres	Deferribacterales	Geovibrionaceae	Geovibrio	supervised	NCBI_RefSeq
GCF_029338395.1	GCF_029338395.1_ASM2933839v1_genomic	Halorussus caseinilyticus		Methanobacteriota	Halobacteria	Halobacteriales	Haladaptataceae	Halorussus	supervised	NCBI_RefSeq
GCF_000002435.2	GCF_000002435.2_UU_WB_2.1_genomic	Giardia duodenalis		Fornicata		Diplomonadida	Hexamitidae	Giardia	supervised	NCBI_RefSeq
GCF_003240565.2	GCF_003240565.2_ASM324056v2_genomic	Rhizobium tumorigenes		Pseudomonadota	Alphaproteobacteria	Hyphomicrobiales	Rhizobiaceae	Rhizobium	supervised	NCBI_RefSeq
GCF_026427595.1	GCF_026427595.1_ASM2642759v1_genomic	Alkalimarinus sediminis		Pseudomonadota	Gammaproteobacteria	Alteromonadales	Alteromonadaceae	Alkalimarinus	supervised	NCBI_RefSeq
GCF_036345035.1	GCF_036345035.1_ASM3634503v1_genomic	Streptomyces pseudovenezuelae		Actinomycetota	Actinomycetes	Kitasatosporales	Streptomycetaceae	Streptomyces	supervised	NCBI_RefSeq
GCF_036010405.1	GCF_036010405.1_ASM3601040v1_genomic	Kitasatospora purpeofusca		Actinomycetota	Actinomycetes	Kitasatosporales	Streptomycetaceae	Kitasatospora	supervised	NCBI_RefSeq
GCF_000212395.1	GCF_000212395.1_ASM21239v1_genomic	Thermodesulfobium narugense		Thermodesulfobiota	Thermodesulfobiia	Thermodesulfobiales	Thermodesulfobiaceae	Thermodesulfobium	supervised	NCBI_RefSeq
GCF_000241955.1	GCF_000241955.1_ASM24195v1_genomic	Rahnella aquatilis		Pseudomonadota	Gammaproteobacteria	Enterobacterales	Yersiniaceae	Rahnella	supervised	NCBI_RefSeq
GCF_002803985.1	GCF_002803985.1_ASM280398v1_genomic	Williamsoniiplasma luminosum		Mycoplasmatota	Mollicutes	Entomoplasmatales		Williamsoniiplasma	supervised	NCBI_RefSeq
GCF_001632775.1	GCF_001632775.1_ASM163277v1_genomic	Dokdonella koreensis		Pseudomonadota	Gammaproteobacteria	Lysobacterales	Rhodanobacteraceae	Dokdonella	supervised	NCBI_RefSeq
GCF_964030925.1	GCF_964030925.1_idVilMode1.Spiroplasma_sp_1.1_genomic	Spiroplasma endosymbiont of Villa modesta		Mycoplasmatota	Mollicutes	Entomoplasmatales	Spiroplasmataceae	Spiroplasma	supervised	NCBI_RefSeq
GCF_000204925.1	GCF_000204925.1_ASM20492v1_genomic	Metallosphaera cuprina		Thermoproteota	Thermoprotei	Sulfolobales	Sulfolobaceae	Metallosphaera	supervised	NCBI_RefSeq
GCF_001687605.2	GCF_001687605.2_ASM168760v2_genomic	Planococcus plakortidis		Bacillota	Bacilli	Bacillales	Caryophanaceae	Planococcus	supervised	NCBI_RefSeq
GCF_009739535.1	GCF_009739535.1_ASM973953v1_genomic	Lentilactobacillus kefiri		Bacillota	Bacilli	Lactobacillales	Lactobacillaceae	Lentilactobacillus	supervised	NCBI_RefSeq
GCF_030534335.1	GCF_030534335.1_ASM3053433v1_genomic	Marivirga harenae		Bacteroidota	Cytophagia	Cytophagales	Marivirgaceae	Marivirga	supervised	NCBI_RefSeq
GCF_020510565.1	GCF_020510565.1_ASM2051056v1_genomic	Ferribacterium limneticum		Pseudomonadota	Betaproteobacteria	Rhodocyclales	Azonexaceae	Ferribacterium	supervised	NCBI_RefSeq
GCF_000828655.1	GCF_000828655.1_ASM82865v1_genomic	Thermotoga caldifontis		Thermotogota	Thermotogae	Thermotogales	Thermotogaceae	Thermotoga	supervised	NCBI_RefSeq
GCF_008632455.1	GCF_008632455.1_ASM863245v1_genomic	Methylomonas rhizoryzae		Pseudomonadota	Gammaproteobacteria	Methylococcales	Methylococcaceae	Methylomonas	supervised	NCBI_RefSeq
GCF_010450895.1	GCF_010450895.1_ASM1045089v1_genomic	Rhizobium daejeonense		Pseudomonadota	Alphaproteobacteria	Hyphomicrobiales	Rhizobiaceae	Rhizobium	supervised	NCBI_RefSeq
GCF_001720195.1	GCF_001720195.1_ASM172019v2_genomic	Cryptococcus depauperatus		Basidiomycota	Tremellomycetes	Tremellales	Cryptococcaceae	Cryptococcus	supervised	NCBI_RefSeq
GCF_030520105.1	GCF_030520105.1_ASM3052010v1_genomic	Candidatus Fervidibacter sacchari		Candidatus Fervidibacterota				Candidatus Fervidibacter	supervised	NCBI_RefSeq
GCF_000214215.1	GCF_000214215.1_ASM21421v1_genomic	Marinomonas posidonica		Pseudomonadota	Gammaproteobacteria	Oceanospirillales	Oceanospirillaceae	Marinomonas	supervised	NCBI_RefSeq
GCF_002288005.1	GCF_002288005.1_ASM228800v1_genomic	Candidatus Nanopelagicus hibericus		Actinomycetota	Actinomycetes	Candidatus Nanopelagicales	Candidatus Nanopelagicaceae	Candidatus Nanopelagicus	supervised	NCBI_RefSeq
GCF_019623905.1	GCF_019623905.1_ASM1962390v1_genomic	Neotabrizicola shimadae		Pseudomonadota	Alphaproteobacteria	Rhodobacterales	Paracoccaceae	Neotabrizicola	supervised	NCBI_RefSeq
GCF_040267745.1	GCF_040267745.1_ASM4026774v1_genomic	Heyndrickxia faecalis		Bacillota	Bacilli	Bacillales	Bacillaceae	Heyndrickxia	supervised	NCBI_RefSeq
GCF_007475525.1	GCF_007475525.1_ASM747552v1_genomic	Methylacidiphilum kamchatkense		Verrucomicrobiota	Methylacidiphilae	Methylacidiphilales	Methylacidiphilaceae	Methylacidiphilum (ex Ratnadevi et al. 2023)	supervised	NCBI_RefSeq
GCF_000233695.2	GCF_000233695.2_ASM23369v3_genomic	Desulfobacter postgatei		Thermodesulfobacteriota	Desulfobacteria	Desulfobacterales	Desulfobacteraceae	Desulfobacter	supervised	NCBI_RefSeq
GCF_025263685.1	GCF_025263685.1_ASM2526368v1_genomic	Geoalkalibacter halelectricus		Thermodesulfobacteriota	Desulfuromonadia	Desulfuromonadales	Geoalkalibacteraceae	Geoalkalibacter	supervised	NCBI_RefSeq
GCF_000022365.1	GCF_000022365.1_ASM2236v1_genomic	Thermococcus gammatolerans		Methanobacteriota	Thermococci	Thermococcales	Thermococcaceae	Thermococcus	supervised	NCBI_RefSeq
GCF_009762775.1	GCF_009762775.1_ASM976277v1_genomic	Maribellus comscasis		Bacteroidota	Bacteroidia	Marinilabiliales	Prolixibacteraceae	Maribellus	supervised	NCBI_RefSeq
GCF_025244825.1	GCF_025244825.1_ASM2524482v1_genomic	Arthrobacter jinronghuae		Actinomycetota	Actinomycetes	Micrococcales	Micrococcaceae	Arthrobacter	supervised	NCBI_RefSeq
GCF_019334125.1	GCF_019334125.1_ASM1933412v1_genomic	Rhodococcus globerulus		Actinomycetota	Actinomycetes	Mycobacteriales	Nocardiaceae	Rhodococcus	supervised	NCBI_RefSeq
GCF_900187175.1	GCF_900187175.1_51342_A02_genomic	Odoribacter splanchnicus		Bacteroidota	Bacteroidia	Bacteroidales	Odoribacteraceae	Odoribacter	supervised	NCBI_RefSeq
GCF_030438115.2	GCF_030438115.2_ASM3043811v2_genomic	Borreliella japonica		Spirochaetota	Spirochaetia	Spirochaetales	Borreliaceae	Borreliella	supervised	NCBI_RefSeq
GCF_002215585.1	GCF_002215585.1_ASM221558v1_genomic	Shewanella marisflavi		Pseudomonadota	Gammaproteobacteria	Alteromonadales	Shewanellaceae	Shewanella	supervised	NCBI_RefSeq
GCF_047456275.1	GCF_047456275.1_118465_genomic	Acetobacterium carbinolicum		Bacillota	Clostridia	Eubacteriales	Eubacteriaceae	Acetobacterium	supervised	NCBI_RefSeq
GCF_000018365.1	GCF_000018365.1_ASM1836v1_genomic	Thermococcus onnurineus		Methanobacteriota	Thermococci	Thermococcales	Thermococcaceae	Thermococcus	supervised	NCBI_RefSeq
GCF_046245125.1	GCF_046245125.1_Bartonella_heixiaziensis_Strain_RE21_genomic	Bartonella heixiaziensis		Pseudomonadota	Alphaproteobacteria	Hyphomicrobiales	Bartonellaceae	Bartonella	supervised	NCBI_RefSeq
GCF_000746025.2	GCF_000746025.2_ASM74602v2_genomic	Thermanaerosceptrum fracticalcis		Bacillota	Clostridia	Eubacteriales	Peptococcaceae	Thermanaerosceptrum	supervised	NCBI_RefSeq
GCF_021227995.1	GCF_021227995.1_ASM2122799v1_genomic	Novosphingobium kaempferiae		Pseudomonadota	Alphaproteobacteria	Sphingomonadales	Sphingomonadaceae	Novosphingobium	supervised	NCBI_RefSeq
GCF_001685435.2	GCF_001685435.2_ASM168543v3_genomic	Salimicrobium jeotgali		Bacillota	Bacilli	Bacillales	Bacillaceae	Salimicrobium	supervised	NCBI_RefSeq
GCF_000304475.1	GCF_000304475.1_Ka_CBS2517_genomic	Kazachstania africana		Ascomycota	Saccharomycetes	Saccharomycetales	Saccharomycetaceae	Kazachstania	supervised	NCBI_RefSeq
GCF_029625435.1	GCF_029625435.1_ASM2962543v1_genomic	Arcanobacterium canis		Actinomycetota	Actinomycetes	Actinomycetales	Actinomycetaceae	Arcanobacterium	supervised	NCBI_RefSeq
GCF_020091425.1	GCF_020091425.1_ASM2009142v1_genomic	Parabacteroides goldsteinii		Bacteroidota	Bacteroidia	Bacteroidales	Tannerellaceae	Parabacteroides	supervised	NCBI_RefSeq
GCF_033472595.1	GCF_033472595.1_ASM3347259v1_genomic	Methanoculleus receptaculi		Methanobacteriota	Methanomicrobia	Methanomicrobiales	Methanomicrobiaceae	Methanoculleus	supervised	NCBI_RefSeq
GCF_000011105.1	GCF_000011105.1_ASM1110v1_genomic	Pyrococcus horikoshii		Methanobacteriota	Thermococci	Thermococcales	Thermococcaceae	Pyrococcus	supervised	NCBI_RefSeq
GCF_000235605.1	GCF_000235605.1_ASM23560v1_genomic	Desulfosporosinus orientis		Bacillota	Clostridia	Eubacteriales	Desulfitobacteriaceae	Desulfosporosinus	supervised	NCBI_RefSeq
GCF_004208415.1	GCF_004208415.1_ASM420841v1_genomic	Ktedonosporobacter rubrisoli		Chloroflexota	Ktedonobacteria	Ktedonobacterales	Ktedonosporobacteraceae	Ktedonosporobacter	supervised	NCBI_RefSeq
GCF_030285625.1	GCF_030285625.1_ASM3028562v1_genomic	Amycolatopsis carbonis		Actinomycetota	Actinomycetes	Pseudonocardiales	Pseudonocardiaceae	Amycolatopsis	supervised	NCBI_RefSeq
GCF_000020125.1	GCF_000020125.1_ASM2012v1_genomic	Paraburkholderia phytofirmans		Pseudomonadota	Betaproteobacteria	Burkholderiales	Burkholderiaceae	Paraburkholderia	supervised	NCBI_RefSeq
GCF_004295585.1	GCF_004295585.1_ASM429558v1_genomic	Cohnella abietis		Bacillota	Bacilli	Bacillales	Paenibacillaceae	Cohnella	supervised	NCBI_RefSeq
GCF_041320245.1	GCF_041320245.1_ASM4132024v1_genomic	Citrobacter meridianamericanus		Pseudomonadota	Gammaproteobacteria	Enterobacterales	Enterobacteriaceae	Citrobacter	supervised	NCBI_RefSeq
GCF_000006445.2	GCF_000006445.2_ASM644v2_genomic	Debaryomyces hansenii		Ascomycota	Pichiomycetes	Serinales	Debaryomycetaceae	Debaryomyces	supervised	NCBI_RefSeq
GCF_003691365.1	GCF_003691365.1_ASM369136v1_genomic	Commensalibacter melissae		Pseudomonadota	Alphaproteobacteria	Acetobacterales	Acetobacteraceae	Commensalibacter	supervised	NCBI_RefSeq
GCF_003114835.2	GCF_003114835.2_ASM311483v3_genomic	Leptospira kobayashii		Spirochaetota	Spirochaetia	Leptospirales	Leptospiraceae	Leptospira	supervised	NCBI_RefSeq
GCF_027474525.2	GCF_027474525.2_ASM2747452v2_genomic	Flavobacterium lacustre		Bacteroidota	Flavobacteriia	Flavobacteriales	Flavobacteriaceae	Flavobacterium	supervised	NCBI_RefSeq
GCF_000023785.1	GCF_000023785.1_ASM2378v1_genomic	Hirschia baltica		Pseudomonadota	Alphaproteobacteria	Hyphomonadales	Hyphomonadaceae	Hirschia	supervised	NCBI_RefSeq
GCF_000213215.1	GCF_000213215.1_ASM21321v1_genomic	Acidianus hospitalis		Thermoproteota	Thermoprotei	Sulfolobales	Sulfolobaceae	Acidianus	supervised	NCBI_RefSeq
GCF_032050975.1	GCF_032050975.1_ASM3205097v1_genomic	Candidatus Nitrospira allomarina		Nitrospirota	Nitrospiria	Nitrospirales	Nitrospiraceae	Nitrospira	supervised	NCBI_RefSeq
GCF_918697755.1	GCF_918697755.1_Spiroplasma_endosymbiont_Phyllotreta_cruciferae_genomic	Spiroplasma endosymbiont of Phyllotreta cruciferae		Mycoplasmatota	Mollicutes	Entomoplasmatales	Spiroplasmataceae	Spiroplasma	supervised	NCBI_RefSeq
GCF_023115355.1	GCF_023115355.1_ASM2311535v1_genomic	Halocatena salina		Methanobacteriota	Halobacteria	Halobacteriales	Natronomonadaceae	Halocatena	supervised	NCBI_RefSeq
GCF_000024625.1	GCF_000024625.1_ASM2462v1_genomic	Methanocaldococcus vulcanius		Methanobacteriota	Methanococci	Methanococcales	Methanocaldococcaceae	Methanocaldococcus	supervised	NCBI_RefSeq
GCF_900105425.1	GCF_900105425.1_IMG-taxon_2630968293_annotated_assembly_genomic	Winogradskyella sediminis		Bacteroidota	Flavobacteriia	Flavobacteriales	Flavobacteriaceae	Winogradskyella	supervised	NCBI_RefSeq
GCF_900187355.1	GCF_900187355.1_51342_E02_genomic	Legionella lansingensis		Pseudomonadota	Gammaproteobacteria	Legionellales	Legionellaceae	Legionella	supervised	NCBI_RefSeq
GCF_964030825.1	GCF_964030825.1_icPolPter2.Spiroplasma_sp_1.1_genomic	Spiroplasma endosymbiont of Polydrusus pterygomalis		Mycoplasmatota	Mollicutes	Entomoplasmatales	Spiroplasmataceae	Spiroplasma	supervised	NCBI_RefSeq
GCF_030294945.1	GCF_030294945.1_SGFS_1.0_genomic	Streptomyces graminofaciens		Actinomycetota	Actinomycetes	Kitasatosporales	Streptomycetaceae	Streptomyces	supervised	NCBI_RefSeq
GCF_023022985.1	GCF_023022985.1_ASM2302298v1_genomic	Arthrobacter gengyunqii		Actinomycetota	Actinomycetes	Micrococcales	Micrococcaceae	Arthrobacter	supervised	NCBI_RefSeq
GCF_029338355.1	GCF_029338355.1_ASM2933835v1_genomic	Halosegnis marinus		Methanobacteriota	Halobacteria	Halobacteriales	Natronomonadaceae	Halosegnis	supervised	NCBI_RefSeq
GCF_011304195.1	GCF_011304195.1_ASM1130419v1_genomic	Vagococcus hydrophili		Bacillota	Bacilli	Lactobacillales	Enterococcaceae	Vagococcus	supervised	NCBI_RefSeq
GCF_002139935.1	GCF_002139935.1_ASM213993v1_genomic	Campylobacter lanienae		Campylobacterota	Epsilonproteobacteria	Campylobacterales	Campylobacteraceae	Campylobacter	supervised	NCBI_RefSeq
GCF_900105025.1	GCF_900105025.1_IMG-taxon_2636416177_annotated_assembly_genomic	Parafannyhessea umbonata		Actinomycetota	Coriobacteriia	Coriobacteriales	Atopobiaceae	Parafannyhessea	supervised	NCBI_RefSeq
GCF_001535545.1	GCF_001535545.1_ASM153554v1_genomic	Thermus parvatiensis		Deinococcota	Deinococci	Thermales	Thermaceae	Thermus	supervised	NCBI_RefSeq
GCF_035930445.1	GCF_035930445.1_ASM3593044v1_genomic	Sphingopyxis chilensis		Pseudomonadota	Alphaproteobacteria	Sphingomonadales	Sphingopyxidaceae	Sphingopyxis	supervised	NCBI_RefSeq
GCF_030406905.1	GCF_030406905.1_ASM3040690v1_genomic	Streptomyces chengbuensis		Actinomycetota	Actinomycetes	Kitasatosporales	Streptomycetaceae	Streptomyces	supervised	NCBI_RefSeq
GCF_000980835.1	GCF_000980835.1_ASM98083v1_genomic	Corynebacterium kutscheri		Actinomycetota	Actinomycetes	Mycobacteriales	Corynebacteriaceae	Corynebacterium	supervised	NCBI_RefSeq
GCF_016804345.1	GCF_016804345.1_ASM1680434v1_genomic	Rhodococcus ruber		Actinomycetota	Actinomycetes	Mycobacteriales	Nocardiaceae	Rhodococcus	supervised	NCBI_RefSeq
GCF_030505655.1	GCF_030505655.1_ASM3050565v1_genomic	Raoultella ornithinolytica		Pseudomonadota	Gammaproteobacteria	Enterobacterales	Enterobacteriaceae	Raoultella	supervised	NCBI_RefSeq
GCF_000427095.1	GCF_000427095.1_T49_genomic	Chthonomonas calidirosea		Armatimonadota	Chthonomonadia	Chthonomonadales	Chthonomonadaceae	Chthonomonas	supervised	NCBI_RefSeq
GCF_038086725.1	GCF_038086725.1_ASM3808672v1_genomic	Photobacterium damselae		Pseudomonadota	Gammaproteobacteria	Vibrionales	Vibrionaceae	Photobacterium	supervised	NCBI_RefSeq
GCF_000021985.1	GCF_000021985.1_ASM2198v1_genomic	Thioalkalivibrio sulfidiphilus		Pseudomonadota	Gammaproteobacteria	Chromatiales	Ectothiorhodospiraceae	Thioalkalivibrio	supervised	NCBI_RefSeq
GCF_902810445.1	GCF_902810445.1_RJ19_genomic	Candidatus Nitrosacidococcus tergens		Pseudomonadota	Gammaproteobacteria	Chromatiales	Chromatiaceae	Candidatus Nitrosacidococcus	supervised	NCBI_RefSeq
GCF_001660485.1	GCF_001660485.1_ASM166048v1_genomic	Agromyces aureus		Actinomycetota	Actinomycetes	Micrococcales	Microbacteriaceae	Agromyces	supervised	NCBI_RefSeq
GCF_000009765.2	GCF_000009765.2_ASM976v2_genomic	Streptomyces avermitilis		Actinomycetota	Actinomycetes	Kitasatosporales	Streptomycetaceae	Streptomyces	supervised	NCBI_RefSeq
GCF_026965555.1	GCF_026965555.1_ASM2696555v1_genomic	Nannocystis punicea		Myxococcota		Nannocystales	Nannocystaceae	Nannocystis	supervised	NCBI_RefSeq
GCF_001011115.1	GCF_001011115.1_ASM101111v1_genomic	Halanaeroarchaeum sulfurireducens		Methanobacteriota	Halobacteria	Halobacteriales	Halobacteriaceae	Halanaeroarchaeum	supervised	NCBI_RefSeq
GCF_005222225.1	GCF_005222225.1_ASM522222v1_genomic	Salinimonas lutimaris		Pseudomonadota	Gammaproteobacteria	Alteromonadales	Alteromonadaceae	Salinimonas	supervised	NCBI_RefSeq
GCF_000591055.1	GCF_000591055.1_ASM59105v1_genomic	Natronomonas moolapensis		Methanobacteriota	Halobacteria	Halobacteriales	Natronomonadaceae	Natronomonas	supervised	NCBI_RefSeq
GCF_031834595.1	GCF_031834595.1_ASM3183459v1_genomic	Stenotrophomonas oahuensis		Pseudomonadota	Gammaproteobacteria	Lysobacterales	Lysobacteraceae	Stenotrophomonas	supervised	NCBI_RefSeq
GCF_000024885.1	GCF_000024885.1_ASM2488v1_genomic	Sulfurospirillum deleyianum		Campylobacterota	Epsilonproteobacteria	Campylobacterales	Sulfurospirillaceae	Sulfurospirillum	supervised	NCBI_RefSeq
GCF_013347305.1	GCF_013347305.1_ASM1334730v1_genomic	Paenibacillus barcinonensis		Bacillota	Bacilli	Bacillales	Paenibacillaceae	Paenibacillus	supervised	NCBI_RefSeq
GCF_900637755.1	GCF_900637755.1_52579_F01_genomic	Providencia rustigianii		Pseudomonadota	Gammaproteobacteria	Enterobacterales	Morganellaceae	Providencia	supervised	NCBI_RefSeq
GCF_014058705.1	GCF_014058705.1_ASM1405870v1_genomic	Aureimonas mangrovi		Pseudomonadota	Alphaproteobacteria	Hyphomicrobiales	Aurantimonadaceae	Aureimonas	supervised	NCBI_RefSeq
GCF_000022965.1	GCF_000022965.1_ASM2296v1_genomic	Bifidobacterium animalis		Actinomycetota	Actinomycetes	Bifidobacteriales	Bifidobacteriaceae	Bifidobacterium	supervised	NCBI_RefSeq
GCF_005083985.2	GCF_005083985.2_ASM508398v2_genomic	Caminibacter pacificus		Campylobacterota	Epsilonproteobacteria	Nautiliales	Nautiliaceae	Caminibacter	supervised	NCBI_RefSeq
GCF_014946775.2	GCF_014946775.2_ASM1494677v2_genomic	Pectobacterium quasiaquaticum		Pseudomonadota	Gammaproteobacteria	Enterobacterales	Pectobacteriaceae	Pectobacterium	supervised	NCBI_RefSeq
GCF_918315375.1	GCF_918315375.1_Harlequin_wolbachia_genomic	Wolbachia endosymbiont of Chironomus riparius		Pseudomonadota	Alphaproteobacteria	Rickettsiales	Anaplasmataceae	Wolbachia	supervised	NCBI_RefSeq
GCF_020526085.1	GCF_020526085.1_ASM2052608v1_genomic	Klebsiella africana		Pseudomonadota	Gammaproteobacteria	Enterobacterales	Enterobacteriaceae	Klebsiella	supervised	NCBI_RefSeq
GCF_012295525.1	GCF_012295525.1_ASM1229552v1_genomic	Oxynema aestuarii		Cyanobacteriota	Cyanophyceae	Oscillatoriales	Oscillatoriaceae	Oxynema	supervised	NCBI_RefSeq
GCF_027186265.1	GCF_027186265.1_ASM2718626v1_genomic	Lentibacillus daqui		Bacillota	Bacilli	Bacillales	Bacillaceae	Lentibacillus	supervised	NCBI_RefSeq
GCF_007971685.1	GCF_007971685.1_ASM797168v1_genomic	Wolbachia pipientis		Pseudomonadota	Alphaproteobacteria	Rickettsiales	Anaplasmataceae	Wolbachia	supervised	NCBI_RefSeq
GCF_037157805.1	GCF_037157805.1_ASM3715780v1_genomic	Pendulispora rubella		Myxococcota	Myxococcia	Myxococcales	Pendulisporaceae	Pendulispora	supervised	NCBI_RefSeq
GCF_018394375.1	GCF_018394375.1_ASM1839437v1_genomic	Pseudomonas syringae		Pseudomonadota	Gammaproteobacteria	Pseudomonadales	Pseudomonadaceae	Pseudomonas	supervised	NCBI_RefSeq
GCF_000194115.1	GCF_000194115.1_ASM19411v1_genomic	Lactobacillus amylovorus		Bacillota	Bacilli	Lactobacillales	Lactobacillaceae	Lactobacillus	supervised	NCBI_RefSeq
GCF_031852275.1	GCF_031852275.1_ASM3185227v1_genomic	Halovalidus salilacus		Methanobacteriota	Halobacteria	Halobacteriales	Natrialbaceae	Halovalidus	supervised	NCBI_RefSeq
GCF_023221575.1	GCF_023221575.1_ASM2322157v1_genomic	Geomonas paludis		Thermodesulfobacteriota	Desulfuromonadia	Geobacterales	Geobacteraceae	Geomonas	supervised	NCBI_RefSeq
GCF_900638385.1	GCF_900638385.1_57566_E02_genomic	Actinobacillus delphinicola		Pseudomonadota	Gammaproteobacteria	Pasteurellales	Pasteurellaceae	Actinobacillus	supervised	NCBI_RefSeq
GCF_000212735.1	GCF_000212735.1_ASM21273v1_genomic	Haliscomenobacter hydrossis		Bacteroidota	Saprospiria	Saprospirales	Haliscomenobacteraceae	Haliscomenobacter	supervised	NCBI_RefSeq
GCF_017348895.1	GCF_017348895.1_ASM1734889v1_genomic	Clostridium gasigenes		Bacillota	Clostridia	Eubacteriales	Clostridiaceae	Clostridium	supervised	NCBI_RefSeq
GCF_001718875.1	GCF_001718875.1_ASM171887v1_genomic	Burkholderia singularis		Pseudomonadota	Betaproteobacteria	Burkholderiales	Burkholderiaceae	Burkholderia	supervised	NCBI_RefSeq
GCF_000725425.1	GCF_000725425.1_ASM72542v1_genomic	Palaeococcus pacificus		Methanobacteriota	Thermococci	Thermococcales	Thermococcaceae	Palaeococcus	supervised	NCBI_RefSeq
GCF_023703775.1	GCF_023703775.1_ASM2370377v1_genomic	Haloplanus halophilus		Methanobacteriota	Halobacteria	Halobacteriales	Haloferacaceae	Haloplanus	supervised	NCBI_RefSeq
GCF_017355405.1	GCF_017355405.1_ASM1735540v1_genomic	Roseomonas haemaphysalidis		Pseudomonadota	Alphaproteobacteria	Acetobacterales	Roseomonadaceae	Roseomonas	supervised	NCBI_RefSeq
GCF_014268755.2	GCF_014268755.2_ASM1426875v2_genomic	Pseudomonas vanderleydeniana		Pseudomonadota	Gammaproteobacteria	Pseudomonadales	Pseudomonadaceae	Pseudomonas	supervised	NCBI_RefSeq
GCF_010727475.1	GCF_010727475.1_ASM1072747v1_genomic	Mycolicibacterium mageritense		Actinomycetota	Actinomycetes	Mycobacteriales	Mycobacteriaceae	Mycolicibacterium	supervised	NCBI_RefSeq
GCF_963677365.1	GCF_963677365.1_piTriSpec1.Marinifilum_fragile_1.1_genomic	Marinifilum fragile		Bacteroidota	Bacteroidia	Marinilabiliales	Marinifilaceae	Marinifilum	supervised	NCBI_RefSeq
GCF_003856835.1	GCF_003856835.1_ASM385683v1_genomic	Haloplanus aerogenes		Methanobacteriota	Halobacteria	Halobacteriales	Haloferacaceae	Haloplanus	supervised	NCBI_RefSeq
GCF_016893685.1	GCF_016893685.1_ASM1689368v1_genomic	Citrobacter cronae		Pseudomonadota	Gammaproteobacteria	Enterobacterales	Enterobacteriaceae	Citrobacter	supervised	NCBI_RefSeq
GCF_030758635.1	GCF_030758635.1_ASM3075863v1_genomic	Gilliamella apis		Pseudomonadota	Gammaproteobacteria	Orbales	Orbaceae	Gilliamella	supervised	NCBI_RefSeq
GCF_002896855.1	GCF_002896855.1_ASM289685v1_genomic	Clostridium thermosuccinogenes		Bacillota	Clostridia	Eubacteriales	Clostridiaceae	Clostridium	supervised	NCBI_RefSeq
GCF_004214815.1	GCF_004214815.1_ASM421481v1_genomic	Aliarcobacter thereius		Campylobacterota	Epsilonproteobacteria	Campylobacterales	Arcobacteraceae	Aliarcobacter	supervised	NCBI_RefSeq
GCF_030253495.1	GCF_030253495.1_ASM3025349v1_genomic	Actinomyces israelii		Actinomycetota	Actinomycetes	Actinomycetales	Actinomycetaceae	Actinomyces	supervised	NCBI_RefSeq
GCF_000226315.1	GCF_000226315.1_ASM22631v1_genomic	Micavibrio aeruginosavorus		Bdellovibrionota	Bdellovibrionia	Bdellovibrionales	Pseudobdellovibrionaceae	Micavibrio	supervised	NCBI_RefSeq
GCF_006228385.1	GCF_006228385.1_ASM622838v1_genomic	Salinimonas iocasae		Pseudomonadota	Gammaproteobacteria	Alteromonadales	Alteromonadaceae	Salinimonas	supervised	NCBI_RefSeq
GCF_000306885.1	GCF_000306885.1_ASM30688v1_genomic	Wolbachia endosymbiont of Onchocerca ochengi		Pseudomonadota	Alphaproteobacteria	Rickettsiales	Anaplasmataceae	Wolbachia	supervised	NCBI_RefSeq
GCF_024704525.1	GCF_024704525.1_ASM2470452v1_genomic	Pandoraea commovens		Pseudomonadota	Betaproteobacteria	Burkholderiales	Burkholderiaceae	Pandoraea	supervised	NCBI_RefSeq
GCF_900660495.1	GCF_900660495.1_50648_F01-3_genomic	Mycoplasmopsis gallinacea		Mycoplasmatota		Mycoplasmoidales	Metamycoplasmataceae	Mycoplasmopsis	supervised	NCBI_RefSeq
GCF_005843985.1	GCF_005843985.1_ASM584398v1_genomic	Caminibacter mediatlanticus		Campylobacterota	Epsilonproteobacteria	Nautiliales	Nautiliaceae	Caminibacter	supervised	NCBI_RefSeq
GCF_045689595.1	GCF_045689595.1_ASM4568959v1_genomic	Humidisolicoccus flavus		Actinomycetota	Actinomycetes	Micrococcales	Microbacteriaceae	Humidisolicoccus	supervised	NCBI_RefSeq
GCF_900083515.1	GCF_900083515.1_ASM90008351v1_genomic	Cuniculiplasma divulgatum		Thermoplasmatota	Thermoplasmata	Thermoplasmatales	Cuniculiplasmataceae	Cuniculiplasma	supervised	NCBI_RefSeq
GCF_010977555.1	GCF_010977555.1_ASM1097755v1_genomic	Caulobacter rhizosphaerae		Pseudomonadota	Alphaproteobacteria	Caulobacterales	Caulobacteraceae	Caulobacter	supervised	NCBI_RefSeq
GCF_041242975.1	GCF_041242975.1_ASM4124297v1_genomic	Xanthomonas medicagonis		Pseudomonadota	Gammaproteobacteria	Lysobacterales	Lysobacteraceae	Xanthomonas	supervised	NCBI_RefSeq
GCF_001584225.1	GCF_001584225.1_ASM158422v1_genomic	Collimonas pratensis		Pseudomonadota	Betaproteobacteria	Burkholderiales	Oxalobacteraceae	Collimonas	supervised	NCBI_RefSeq
GCF_013343195.2	GCF_013343195.2_ASM1334319v3_genomic	Flavobacterium psychrophilum		Bacteroidota	Flavobacteriia	Flavobacteriales	Flavobacteriaceae	Flavobacterium	supervised	NCBI_RefSeq
GCF_001547975.1	GCF_001547975.1_ASM154797v1_genomic	Mycoplasmopsis arginini		Mycoplasmatota		Mycoplasmoidales	Metamycoplasmataceae	Mycoplasmopsis	supervised	NCBI_RefSeq
GCF_029633915.1	GCF_029633915.1_ASM2963391v1_genomic	Methanomicrobium antiquum		Methanobacteriota	Methanomicrobia	Methanomicrobiales	Methanomicrobiaceae	Methanomicrobium	supervised	NCBI_RefSeq
GCF_034376865.1	GCF_034376865.1_ASM3437686v1_genomic	Sulfitobacter faviae		Pseudomonadota	Alphaproteobacteria	Rhodobacterales	Roseobacteraceae	Sulfitobacter	supervised	NCBI_RefSeq
GCF_000012825.1	GCF_000012825.1_ASM1282v1_genomic	Phocaeicola vulgatus		Bacteroidota	Bacteroidia	Bacteroidales	Bacteroidaceae	Phocaeicola	supervised	NCBI_RefSeq
GCF_037201915.1	GCF_037201915.1_ASM3720191v1_genomic	Haloplanus salilacus		Methanobacteriota	Halobacteria	Halobacteriales	Haloferacaceae	Haloplanus	supervised	NCBI_RefSeq
GCF_017742995.1	GCF_017742995.1_ASM1774299v1_genomic	Pseudoalteromonas viridis		Pseudomonadota	Gammaproteobacteria	Alteromonadales	Pseudoalteromonadaceae	Pseudoalteromonas	supervised	NCBI_RefSeq
GCF_000246985.2	GCF_000246985.2_ASM24698v3_genomic	Thermococcus litoralis		Methanobacteriota	Thermococci	Thermococcales	Thermococcaceae	Thermococcus	supervised	NCBI_RefSeq
GCF_040955415.1	GCF_040955415.1_ASM4095541v1_genomic	Castellaniella ginsengisoli		Pseudomonadota	Betaproteobacteria	Burkholderiales	Alcaligenaceae	Castellaniella	supervised	NCBI_RefSeq
GCF_001482365.1	GCF_001482365.1_ASM148236v1_genomic	Kocuria flava		Actinomycetota	Actinomycetes	Micrococcales	Micrococcaceae	Kocuria	supervised	NCBI_RefSeq
GCF_030060435.1	GCF_030060435.1_ASM3006043v1_genomic	Vibrio harveyi		Pseudomonadota	Gammaproteobacteria	Vibrionales	Vibrionaceae	Vibrio	supervised	NCBI_RefSeq
GCF_014068355.1	GCF_014068355.1_ASM1406835v1_genomic	Mycoplasma tullyi		Mycoplasmatota	Mollicutes	Mycoplasmatales	Mycoplasmataceae	Mycoplasma	supervised	NCBI_RefSeq
GCF_024205945.1	GCF_024205945.1_ASM2420594v1_genomic	Macrococcus equipercicus		Bacillota	Bacilli	Bacillales	Staphylococcaceae	Macrococcus	supervised	NCBI_RefSeq
GCF_020614395.1	GCF_020614395.1_ASM2061439v1_genomic	Salarchaeum japonicum		Methanobacteriota	Halobacteria	Halobacteriales	Halobacteriaceae	Salarchaeum	supervised	NCBI_RefSeq
GCF_000092125.1	GCF_000092125.1_ASM9212v1_genomic	Allomeiothermus silvanus		Deinococcota	Deinococci	Thermales	Thermaceae	Allomeiothermus	supervised	NCBI_RefSeq
GCF_963681955.1	GCF_963681955.1_FLM11_genomic	Pseudomonas paraveronii		Pseudomonadota	Gammaproteobacteria	Pseudomonadales	Pseudomonadaceae	Pseudomonas	supervised	NCBI_RefSeq
GCF_009035845.1	GCF_009035845.1_ASM903584v1_genomic	Acinetobacter baumannii		Pseudomonadota	Gammaproteobacteria	Moraxellales	Moraxellaceae	Acinetobacter	supervised	NCBI_RefSeq
GCF_045208505.1	GCF_045208505.1_ASM4520850v1_genomic	Streptomyces decoyicus		Actinomycetota	Actinomycetes	Kitasatosporales	Streptomycetaceae	Streptomyces	supervised	NCBI_RefSeq
GCF_024346835.1	GCF_024346835.1_ASM2434683v1_genomic	Vibrio comitans		Pseudomonadota	Gammaproteobacteria	Vibrionales	Vibrionaceae	Vibrio	supervised	NCBI_RefSeq
GCF_000021905.1	GCF_000021905.1_ASM2190v1_genomic	Desulfatibacillum aliphaticivorans		Thermodesulfobacteriota	Desulfobacteria	Desulfobacterales	Desulfatibacillaceae	Desulfatibacillum	supervised	NCBI_RefSeq
GCF_008805035.1	GCF_008805035.1_ASM880503v1_genomic	Eikenella exigua		Pseudomonadota	Betaproteobacteria	Neisseriales	Neisseriaceae	Eikenella	supervised	NCBI_RefSeq
GCF_029635775.1	GCF_029635775.1_ASM2963577v1_genomic	Vibrio misgurnus		Pseudomonadota	Gammaproteobacteria	Vibrionales	Vibrionaceae	Vibrio	supervised	NCBI_RefSeq
GCF_008831545.1	GCF_008831545.1_ASM883154v1_genomic	Halorussus halophilus		Methanobacteriota	Halobacteria	Halobacteriales	Haladaptataceae	Halorussus	supervised	NCBI_RefSeq
GCF_964031165.1	GCF_964031165.1_icRhaLign2.Rickettsiella_sp_1.1_genomic	Rickettsiella endosymbiont of Rhagonycha lignosa		Pseudomonadota	Gammaproteobacteria	Legionellales	Coxiellaceae	Rickettsiella	supervised	NCBI_RefSeq
GCF_014905115.1	GCF_014905115.1_ASM1490511v1_genomic	Sulfurimonas sediminis		Campylobacterota	Epsilonproteobacteria	Campylobacterales	Sulfurimonadaceae	Sulfurimonas	supervised	NCBI_RefSeq
GCF_011388215.1	GCF_011388215.1_ASM1138821v1_genomic	Hydrogenophaga crocea		Pseudomonadota	Betaproteobacteria	Burkholderiales	Comamonadaceae	Hydrogenophaga	supervised	NCBI_RefSeq
GCF_001941825.1	GCF_001941825.1_ASM194182v1_genomic	Massilia putida		Pseudomonadota	Betaproteobacteria	Burkholderiales	Oxalobacteraceae	Massilia	supervised	NCBI_RefSeq
GCF_000020625.1	GCF_000020625.1_ASM2062v1_genomic	Prosthecochloris aestuarii		Chlorobiota	Chlorobiia	Chlorobiales	Chlorobiaceae	Prosthecochloris	supervised	NCBI_RefSeq
GCF_006542665.1	GCF_006542665.1_Acom_1.0_genomic	Alistipes communis		Bacteroidota	Bacteroidia	Bacteroidales	Rikenellaceae	Alistipes	supervised	NCBI_RefSeq
GCF_023499275.1	GCF_023499275.1_ASM2349927v1_genomic	Lactococcus petauri		Bacillota	Bacilli	Lactobacillales	Streptococcaceae	Lactococcus	supervised	NCBI_RefSeq
GCF_036492425.1	GCF_036492425.1_ASM3649242v1_genomic	Persicobacter psychrovividus		Bacteroidota	Cytophagia	Cytophagales	Persicobacteraceae	Persicobacter	supervised	NCBI_RefSeq
GCF_023653455.2	GCF_023653455.2_PaeniGhoniBeadS11_Gal1968_092023_genomic	Paraclostridium ghonii		Bacillota	Clostridia	Peptostreptococcales	Peptostreptococcaceae	Paraclostridium	supervised	NCBI_RefSeq
GCF_000785495.1	GCF_000785495.1_ASM78549v1_genomic	Pimelobacter simplex		Actinomycetota	Actinomycetes	Propionibacteriales	Nocardioidaceae	Pimelobacter	supervised	NCBI_RefSeq
GCF_040529335.1	GCF_040529335.1_ASM4052933v1_genomic	Streptomyces tabacisoli		Actinomycetota	Actinomycetes	Kitasatosporales	Streptomycetaceae	Streptomyces	supervised	NCBI_RefSeq
GCF_000340795.1	GCF_000340795.1_ASM34079v1_genomic	Candidatus Kinetoplastidibacterium desouzai		Pseudomonadota	Betaproteobacteria			Candidatus Kinetoplastidibacterium	supervised	NCBI_RefSeq
GCF_023700225.1	GCF_023700225.1_ASM2370022v1_genomic	Acetobacterium wieringae		Bacillota	Clostridia	Eubacteriales	Eubacteriaceae	Acetobacterium	supervised	NCBI_RefSeq
GCF_024347535.1	GCF_024347535.1_ASM2434753v1_genomic	Vibrio kanaloae		Pseudomonadota	Gammaproteobacteria	Vibrionales	Vibrionaceae	Vibrio	supervised	NCBI_RefSeq
GCF_000280925.3	GCF_000280925.3_ASM28092v3_genomic	Pseudomyxococcus hansupus		Myxococcota	Myxococcia	Myxococcales	Myxococcaceae	Pseudomyxococcus	supervised	NCBI_RefSeq
GCF_005952805.1	GCF_005952805.1_ASM595280v1_genomic	Inhella inkyongensis		Pseudomonadota	Betaproteobacteria	Burkholderiales	Sphaerotilaceae	Inhella	supervised	NCBI_RefSeq
GCF_947250795.1	GCF_947250795.1_iyNomFabr1.Wolbachia_sp_1.1_genomic	Wolbachia endosymbiont (group A) of Nomada fabriciana		Pseudomonadota	Alphaproteobacteria	Rickettsiales	Anaplasmataceae	Wolbachia	supervised	NCBI_RefSeq
GCF_045348165.1	GCF_045348165.1_ASM4534816v1_genomic	Flavobacterium soyae		Bacteroidota	Flavobacteriia	Flavobacteriales	Flavobacteriaceae	Flavobacterium	supervised	NCBI_RefSeq
GCF_000196095.1	GCF_000196095.1_ASM19609v1_genomic	Vibrio parahaemolyticus		Pseudomonadota	Gammaproteobacteria	Vibrionales	Vibrionaceae	Vibrio	supervised	NCBI_RefSeq
GCF_000336465.1	GCF_000336465.1_ASM33646v1_genomic	Pseudomonas poae		Pseudomonadota	Gammaproteobacteria	Pseudomonadales	Pseudomonadaceae	Pseudomonas	supervised	NCBI_RefSeq
GCF_001552035.1	GCF_001552035.1_ASM155203v1_genomic	Streptococcus agalactiae		Bacillota	Bacilli	Lactobacillales	Streptococcaceae	Streptococcus	supervised	NCBI_RefSeq
GCF_001577775.1	GCF_001577775.1_ASM157777v1_genomic	Pyrococcus kukulkanii		Methanobacteriota	Thermococci	Thermococcales	Thermococcaceae	Pyrococcus	supervised	NCBI_RefSeq
GCF_025919725.1	GCF_025919725.1_ASM2591972v1_genomic	Flavobacterium agricola		Bacteroidota	Flavobacteriia	Flavobacteriales	Flavobacteriaceae	Flavobacterium	supervised	NCBI_RefSeq
GCF_026871175.1	GCF_026871175.1_ASM2687117v2_genomic	Listeria newyorkensis		Bacillota	Bacilli	Bacillales	Listeriaceae	Listeria	supervised	NCBI_RefSeq
GCF_002310795.1	GCF_002310795.1_ASM231079v1_genomic	Pseudoalteromonas issachenkonii		Pseudomonadota	Gammaproteobacteria	Alteromonadales	Pseudoalteromonadaceae	Pseudoalteromonas	supervised	NCBI_RefSeq
GCF_000446015.1	GCF_000446015.1_ASM44601v1_genomic	Thermofilum adornatum		Thermoproteota	Thermoprotei	Thermofilales	Thermofilaceae	Thermofilum	supervised	NCBI_RefSeq
GCF_003269425.1	GCF_003269425.1_ASM326942v1_genomic	Flagellimonas maritima		Bacteroidota	Flavobacteriia	Flavobacteriales	Flavobacteriaceae	Flagellimonas	supervised	NCBI_RefSeq
GCF_020735925.1	GCF_020735925.1_ASM2073592v1_genomic	Bordetella parapertussis		Pseudomonadota	Betaproteobacteria	Burkholderiales	Alcaligenaceae	Bordetella	supervised	NCBI_RefSeq
GCF_000091665.1	GCF_000091665.1_ASM9166v1_genomic	Methanocaldococcus jannaschii		Methanobacteriota	Methanococci	Methanococcales	Methanocaldococcaceae	Methanocaldococcus	supervised	NCBI_RefSeq
GCF_020229735.1	GCF_020229735.1_ASM2022973v1_genomic	Deinococcus taeanensis		Deinococcota	Deinococci	Deinococcales	Deinococcaceae	Deinococcus	supervised	NCBI_RefSeq
GCF_020342335.1	GCF_020342335.1_ASM2034233v1_genomic	Duffyella gerundensis		Pseudomonadota	Gammaproteobacteria	Enterobacterales	Erwiniaceae	Duffyella	supervised	NCBI_RefSeq
GCF_016724785.1	GCF_016724785.1_ASM1672478v1_genomic	Fusobacterium canifelinum		Fusobacteriota	Fusobacteriia	Fusobacteriales	Fusobacteriaceae	Fusobacterium	supervised	NCBI_RefSeq
GCF_014467055.1	GCF_014467055.1_ASM1446705v1_genomic	Caproicibacterium amylolyticum		Bacillota	Clostridia	Eubacteriales	Oscillospiraceae	Caproicibacterium	supervised	NCBI_RefSeq
GCF_034137685.1	GCF_034137685.1_ASM3413768v1_genomic	Streptococcus dentalis		Bacillota	Bacilli	Lactobacillales	Streptococcaceae	Streptococcus	supervised	NCBI_RefSeq
GCF_024453835.1	GCF_024453835.1_ASM2445383v1_genomic	Corynebacterium genitalium		Actinomycetota	Actinomycetes	Mycobacteriales	Corynebacteriaceae	Corynebacterium	supervised	NCBI_RefSeq
GCF_002370195.2	GCF_002370195.2_ASM237019v2_genomic	Ureibacillus thermosphaericus		Bacillota	Bacilli	Bacillales	Caryophanaceae	Ureibacillus	supervised	NCBI_RefSeq
GCF_964027005.1	GCF_964027005.1_iyOxyArmt1.Wolbachia_sp_1.1_genomic	Wolbachia endosymbiont (group A) of Oxytorus armatus		Pseudomonadota	Alphaproteobacteria	Rickettsiales	Anaplasmataceae	Wolbachia	supervised	NCBI_RefSeq
GCF_003201765.2	GCF_003201765.2_ASM320176v2_genomic	Acidianus sulfidivorans		Thermoproteota	Thermoprotei	Sulfolobales	Sulfolobaceae	Acidianus	supervised	NCBI_RefSeq
GCF_016495725.1	GCF_016495725.1_ASM1649572v1_genomic	Salicibibacter cibarius		Bacillota	Bacilli	Bacillales	Bacillaceae	Salicibibacter	supervised	NCBI_RefSeq
GCF_000973705.1	GCF_000973705.1_ASM97370v1_genomic	Clostridium sporogenes		Bacillota	Clostridia	Eubacteriales	Clostridiaceae	Clostridium	supervised	NCBI_RefSeq
GCF_029542785.1	GCF_029542785.1_ASM2954278v1_genomic	Malassezia japonica		Basidiomycota	Malasseziomycetes	Malasseziales	Malasseziaceae	Malassezia	supervised	NCBI_RefSeq
GCF_022655595.1	GCF_022655595.1_ASM2265559v1_genomic	Ignatzschineria rhizosphaerae		Pseudomonadota	Gammaproteobacteria	Cardiobacteriales	Ignatzschineriaceae	Ignatzschineria	supervised	NCBI_RefSeq
GCF_013003985.1	GCF_013003985.1_ASM1300398v1_genomic	Usitatibacter palustris		Pseudomonadota	Betaproteobacteria	Nitrosomonadales	Usitatibacteraceae	Usitatibacter	supervised	NCBI_RefSeq
GCF_030252325.1	GCF_030252325.1_ASM3025232v1_genomic	Candidatus Mycobacterium wuenschmannii		Actinomycetota	Actinomycetes	Mycobacteriales	Mycobacteriaceae	Mycobacterium	supervised	NCBI_RefSeq
GCF_000234805.1	GCF_000234805.1_ASM23480v1_genomic	Pyrobaculum ferrireducens		Thermoproteota	Thermoprotei	Thermoproteales	Thermoproteaceae	Pyrobaculum	supervised	NCBI_RefSeq
GCF_024498335.1	GCF_024498335.1_ASM2449833v1_genomic	Halobellus inordinatus		Methanobacteriota	Halobacteria	Halobacteriales	Haloferacaceae	Halobellus	supervised	NCBI_RefSeq
GCF_964028535.1	GCF_964028535.1_ilEnnEroa1.Wolbachia_sp_2.1_genomic	Wolbachia endosymbiont (group A) of Ennomos erosarius		Pseudomonadota	Alphaproteobacteria	Rickettsiales	Anaplasmataceae	Wolbachia	supervised	NCBI_RefSeq
GCF_000217715.1	GCF_000217715.1_ASM21771v1_genomic	Halopiger xanaduensis		Methanobacteriota	Halobacteria	Halobacteriales	Natrialbaceae	Halopiger	supervised	NCBI_RefSeq
GCF_900637105.1	GCF_900637105.1_48290_D02_genomic	Moraxella cuniculi		Pseudomonadota	Gammaproteobacteria	Moraxellales	Moraxellaceae	Moraxella	supervised	NCBI_RefSeq
GCF_001304615.2	GCF_001304615.2_ASM130461v2_genomic	Methanosarcina flavescens		Methanobacteriota	Methanomicrobia	Methanosarcinales	Methanosarcinaceae	Methanosarcina	supervised	NCBI_RefSeq
GCF_000026205.1	GCF_000026205.1_ASM2620v1_genomic	Candidatus Phytoplasma mali		Mycoplasmatota	Mollicutes	Acholeplasmatales	Acholeplasmataceae	Candidatus Phytoplasma	supervised	NCBI_RefSeq
GCF_019880385.1	GCF_019880385.1_ASM1988038v1_genomic	Nocardioides coralli		Actinomycetota	Actinomycetes	Propionibacteriales	Nocardioidaceae	Nocardioides	supervised	NCBI_RefSeq
GCF_001742185.1	GCF_001742185.1_ASM174218v1_genomic	Pectobacterium wasabiae		Pseudomonadota	Gammaproteobacteria	Enterobacterales	Pectobacteriaceae	Pectobacterium	supervised	NCBI_RefSeq
GCF_039691755.1	GCF_039691755.1_ASM3969175v1_genomic	Halomonas kashgarensis		Pseudomonadota	Gammaproteobacteria	Oceanospirillales	Halomonadaceae	Halomonas	supervised	NCBI_RefSeq
GCF_002214465.1	GCF_002214465.1_ASM221446v1_genomic	Thermococcus barossii		Methanobacteriota	Thermococci	Thermococcales	Thermococcaceae	Thermococcus	supervised	NCBI_RefSeq
GCF_003952265.1	GCF_003952265.1_ASM395226v1_genomic	Flaviflexus salsibiostraticola		Actinomycetota	Actinomycetes	Actinomycetales	Actinomycetaceae	Flaviflexus	supervised	NCBI_RefSeq
GCF_964028325.1	GCF_964028325.1_iyHedRose1.Wolbachia_sp_1.1_genomic	Wolbachia endosymbiont (group A) of Hedychridium roseum		Pseudomonadota	Alphaproteobacteria	Rickettsiales	Anaplasmataceae	Wolbachia	supervised	NCBI_RefSeq
GCF_000013645.1	GCF_000013645.1_ASM1364v1_genomic	Paraburkholderia xenovorans		Pseudomonadota	Betaproteobacteria	Burkholderiales	Burkholderiaceae	Paraburkholderia	supervised	NCBI_RefSeq
GCF_020700235.1	GCF_020700235.1_ASM2070023v1_genomic	Haladaptatus pallidirubidus		Methanobacteriota	Halobacteria	Halobacteriales	Haladaptataceae	Haladaptatus	supervised	NCBI_RefSeq
GCF_002847445.1	GCF_002847445.1_ASM284744v1_genomic	Paracoccus zhejiangensis		Pseudomonadota	Alphaproteobacteria	Rhodobacterales	Paracoccaceae	Paracoccus	supervised	NCBI_RefSeq
GCF_042847215.1	GCF_042847215.1_ASM4284721v1_genomic	Gilvimarinus japonicus		Pseudomonadota	Gammaproteobacteria	Cellvibrionales	Cellvibrionaceae	Gilvimarinus	supervised	NCBI_RefSeq
GCF_900155645.1	GCF_900155645.1_Propionibacterium_massiliense_genomic	Vaginimicrobium propionicum		Actinomycetota	Actinomycetes	Propionibacteriales	Propionibacteriaceae	Vaginimicrobium	supervised	NCBI_RefSeq
GCF_001543145.1	GCF_001543145.1_ASM154314v1_genomic	Aerococcus sanguinicola		Bacillota	Bacilli	Lactobacillales	Aerococcaceae	Aerococcus	supervised	NCBI_RefSeq
GCF_900149385.2	GCF_900149385.2_4-29b_chromosome_genomic	Chlamydia suis		Chlamydiota	Chlamydiia	Chlamydiales	Chlamydiaceae	Chlamydia	supervised	NCBI_RefSeq
GCF_014595995.2	GCF_014595995.2_ASM1459599v2_genomic	Actinomyces respiraculi		Actinomycetota	Actinomycetes	Actinomycetales	Actinomycetaceae	Actinomyces	supervised	NCBI_RefSeq
GCF_020025155.1	GCF_020025155.1_ASM2002515v1_genomic	Halopseudomonas nanhaiensis		Pseudomonadota	Gammaproteobacteria	Pseudomonadales	Pseudomonadaceae	Halopseudomonas	supervised	NCBI_RefSeq
GCF_000166415.1	GCF_000166415.1_ASM16641v1_genomic	Halanaerobium hydrogeniformans		Bacillota	Clostridia	Halanaerobiales	Halanaerobiaceae	Halanaerobium	supervised	NCBI_RefSeq
GCF_001007935.1	GCF_001007935.1_ASM100793v1_genomic	Nitrosomonas communis		Pseudomonadota	Betaproteobacteria	Nitrosomonadales	Nitrosomonadaceae	Nitrosomonas	supervised	NCBI_RefSeq
GCF_015167415.1	GCF_015167415.1_ASM1516741v1_genomic	Kosakonia pseudosacchari		Pseudomonadota	Gammaproteobacteria	Enterobacterales	Enterobacteriaceae	Kosakonia	supervised	NCBI_RefSeq
GCF_014764365.1	GCF_014764365.1_ASM1476436v1_genomic	Roseococcus microcysteis		Pseudomonadota	Alphaproteobacteria	Acetobacterales	Roseomonadaceae	Roseococcus	supervised	NCBI_RefSeq
GCF_004795975.1	GCF_004795975.1_ASM479597v1_genomic	Wolbachia endosymbiont of Drosophila mauritiana		Pseudomonadota	Alphaproteobacteria	Rickettsiales	Anaplasmataceae	Wolbachia	supervised	NCBI_RefSeq
GCF_000016385.1	GCF_000016385.1_ASM1638v1_genomic	Pyrobaculum arsenaticum		Thermoproteota	Thermoprotei	Thermoproteales	Thermoproteaceae	Pyrobaculum	supervised	NCBI_RefSeq
GCF_014623485.1	GCF_014623485.1_ASM1462348v1_genomic	Chryseobacterium manosquense		Bacteroidota	Flavobacteriia	Flavobacteriales	Weeksellaceae	Chryseobacterium	supervised	NCBI_RefSeq
GCF_030506285.1	GCF_030506285.1_ASM3050628v1_genomic	Catalinimonas niigatensis		Bacteroidota	Cytophagia	Cytophagales	Catalimonadaceae	Catalinimonas	supervised	NCBI_RefSeq
GCF_021172025.1	GCF_021172025.1_ASM2117202v1_genomic	Microbacterium resistens		Actinomycetota	Actinomycetes	Micrococcales	Microbacteriaceae	Microbacterium	supervised	NCBI_RefSeq
GCF_000008325.1	GCF_000008325.1_ASM832v1_genomic	Methylococcus capsulatus		Pseudomonadota	Gammaproteobacteria	Methylococcales	Methylococcaceae	Methylococcus	supervised	NCBI_RefSeq
GCF_001038625.1	GCF_001038625.1_ASM103862v1_genomic	Clostridium carboxidivorans		Bacillota	Clostridia	Eubacteriales	Clostridiaceae	Clostridium	supervised	NCBI_RefSeq
GCF_030622045.1	GCF_030622045.1_ASM3062204v1_genomic	Planctellipticum variicoloris		Planctomycetota	Planctomycetia	Planctomycetales	Planctomycetaceae	Planctellipticum	supervised	NCBI_RefSeq
GCF_000767685.1	GCF_000767685.1_ASM76768v1_genomic	Corynebacterium ramonii		Actinomycetota	Actinomycetes	Mycobacteriales	Corynebacteriaceae	Corynebacterium	supervised	NCBI_RefSeq
GCF_002009295.1	GCF_002009295.1_ASM200929v1_genomic	Komagataeibacter nataicola		Pseudomonadota	Alphaproteobacteria	Acetobacterales	Acetobacteraceae	Komagataeibacter	supervised	NCBI_RefSeq
GCF_002393505.1	GCF_002393505.1_ASM239350v1_genomic	Providencia alcalifaciens		Pseudomonadota	Gammaproteobacteria	Enterobacterales	Morganellaceae	Providencia	supervised	NCBI_RefSeq
GCF_001543105.1	GCF_001543105.1_ASM154310v1_genomic	Aerococcus christensenii		Bacillota	Bacilli	Lactobacillales	Aerococcaceae	Aerococcus	supervised	NCBI_RefSeq
GCF_016834455.1	GCF_016834455.1_ASM1683445v1_genomic	Shewanella litorisediminis		Pseudomonadota	Gammaproteobacteria	Alteromonadales	Shewanellaceae	Shewanella	supervised	NCBI_RefSeq
GCF_964019755.1	GCF_964019755.1_icPolCerv1.Spiroplasma_sp_1.1_genomic	Spiroplasma endosymbiont of Polydrusus cervinus		Mycoplasmatota	Mollicutes	Entomoplasmatales	Spiroplasmataceae	Spiroplasma	supervised	NCBI_RefSeq
GCF_019551435.1	GCF_019551435.1_ASM1955143v1_genomic	Lysobacter soyae		Pseudomonadota	Gammaproteobacteria	Lysobacterales	Lysobacteraceae	Lysobacter	supervised	NCBI_RefSeq
GCF_003970735.1	GCF_003970735.1_ASM397073v1_genomic	Silicimonas algicola		Pseudomonadota	Alphaproteobacteria	Rhodobacterales	Paracoccaceae	Silicimonas	supervised	NCBI_RefSeq
GCF_002104335.1	GCF_002104335.1_ASM210433v1_genomic	Campylobacter cuniculorum		Campylobacterota	Epsilonproteobacteria	Campylobacterales	Campylobacteraceae	Campylobacter	supervised	NCBI_RefSeq
GCF_900105105.1	GCF_900105105.1_IMG-taxon_2675903128_annotated_assembly_genomic	Maribacter dokdonensis		Bacteroidota	Flavobacteriia	Flavobacteriales	Flavobacteriaceae	Maribacter	supervised	NCBI_RefSeq
GCF_014764405.1	GCF_014764405.1_ASM1476440v1_genomic	Micromonospora craniellae		Actinomycetota	Actinomycetes	Micromonosporales	Micromonosporaceae	Micromonospora	supervised	NCBI_RefSeq
GCF_000300235.2	GCF_000300235.2_ASM30023v2_genomic	Thalassospira xiamenensis		Pseudomonadota	Alphaproteobacteria	Rhodospirillales	Thalassospiraceae	Thalassospira	supervised	NCBI_RefSeq
GCF_902459475.1	GCF_902459475.1_pb_189-1_HGAP3_CTR_genomic	Aquicella lusitana		Pseudomonadota	Gammaproteobacteria	Legionellales	Coxiellaceae	Aquicella	supervised	NCBI_RefSeq
GCF_000348985.1	GCF_000348985.1_ASM34898v1_genomic	Huiozyma naganishii		Ascomycota	Saccharomycetes	Saccharomycetales	Saccharomycetaceae	Huiozyma	supervised	NCBI_RefSeq
GCF_000517625.1	GCF_000517625.1_ASM51762v1_genomic	Halostagnicola larsenii		Methanobacteriota	Halobacteria	Halobacteriales	Natrialbaceae	Halostagnicola	supervised	NCBI_RefSeq
GCF_034356035.1	GCF_034356035.1_ASM3435603v1_genomic	Blautia hydrogenotrophica		Bacillota	Clostridia	Lachnospirales	Lachnospiraceae	Blautia	supervised	NCBI_RefSeq
GCF_002752675.1	GCF_002752675.1_ASM275267v1_genomic	Massilia violaceinigra		Pseudomonadota	Betaproteobacteria	Burkholderiales	Oxalobacteraceae	Massilia	supervised	NCBI_RefSeq
GCF_013307245.1	GCF_013307245.1_ASM1330724v1_genomic	Polynucleobacter antarcticus		Pseudomonadota	Betaproteobacteria	Burkholderiales	Burkholderiaceae	Polynucleobacter	supervised	NCBI_RefSeq
GCF_021609905.1	GCF_021609905.1_ASM2160990v1_genomic	Wolbachia endosymbiont of Delia radicum		Pseudomonadota	Alphaproteobacteria	Rickettsiales	Anaplasmataceae	Wolbachia	supervised	NCBI_RefSeq
GCF_002043005.1	GCF_002043005.1_ASM204300v1_genomic	Martelella mediterranea		Pseudomonadota	Alphaproteobacteria	Hyphomicrobiales	Aurantimonadaceae	Martelella	supervised	NCBI_RefSeq
GCF_000612685.1	GCF_000612685.1_scf7180000000004_genomic	Castellaniella defragrans		Pseudomonadota	Betaproteobacteria	Burkholderiales	Alcaligenaceae	Castellaniella	supervised	NCBI_RefSeq
GCF_000015805.1	GCF_000015805.1_ASM1580v1_genomic	Pyrobaculum calidifontis		Thermoproteota	Thermoprotei	Thermoproteales	Thermoproteaceae	Pyrobaculum	supervised	NCBI_RefSeq
GCF_002290085.1	GCF_002290085.1_ASM229008v1_genomic	Mesoplasma chauliocola		Mycoplasmatota	Mollicutes	Entomoplasmatales	Entomoplasmataceae	Mesoplasma	supervised	NCBI_RefSeq
GCF_008035925.1	GCF_008035925.1_ASM803592v1_genomic	Stieleria maiorica		Planctomycetota	Planctomycetia	Pirellulales	Pirellulaceae	Stieleria	supervised	NCBI_RefSeq
GCF_000328685.1	GCF_000328685.1_ASM32868v1_genomic	Natronococcus occultus		Methanobacteriota	Halobacteria	Halobacteriales	Natrialbaceae	Natronococcus	supervised	NCBI_RefSeq
GCF_021233415.1	GCF_021233415.1_ASM2123341v1_genomic	Halobacterium litoreum		Methanobacteriota	Halobacteria	Halobacteriales	Halobacteriaceae	Halobacterium	supervised	NCBI_RefSeq
GCF_000007185.1	GCF_000007185.1_ASM718v1_genomic	Methanopyrus kandleri		Methanobacteriota	Methanopyri	Methanopyrales	Methanopyraceae	Methanopyrus	supervised	NCBI_RefSeq
GCF_000182965.3	GCF_000182965.3_ASM18296v3_genomic	Candida albicans		Ascomycota	Pichiomycetes	Serinales	Debaryomycetaceae	Candida	supervised	NCBI_RefSeq
GCF_002754935.1	GCF_002754935.1_ASM275493v1_genomic	Parathermosynechococcus lividus		Cyanobacteriota	Cyanophyceae	Acaryochloridales	Thermosynechococcaceae	Parathermosynechococcus	supervised	NCBI_RefSeq
GCF_000017945.1	GCF_000017945.1_ASM1794v1_genomic	Ignicoccus hospitalis		Thermoproteota	Thermoprotei	Desulfurococcales	Desulfurococcaceae	Ignicoccus	supervised	NCBI_RefSeq
GCF_009901525.1	GCF_009901525.1_ASM990152v1_genomic	Kordia antarctica		Bacteroidota	Flavobacteriia	Flavobacteriales	Flavobacteriaceae	Kordia	supervised	NCBI_RefSeq
GCF_040450955.1	GCF_040450955.1_ASM4045095v1_genomic	Thermodesulfovibrio autotrophicus		Nitrospirota	Thermodesulfovibrionia	Thermodesulfovibrionales	Thermodesulfovibrionaceae	Thermodesulfovibrio	supervised	NCBI_RefSeq
GCF_000740895.1	GCF_000740895.1_ASM74089v1_genomic	Theileria orientalis		Apicomplexa	Aconoidasida	Piroplasmida	Theileriidae	Theileria	supervised	NCBI_RefSeq
GCF_040281505.1	GCF_040281505.1_ASM4028150v1_genomic	Pseudomonas solani		Pseudomonadota	Gammaproteobacteria	Pseudomonadales	Pseudomonadaceae	Pseudomonas	supervised	NCBI_RefSeq
GCF_019711375.1	GCF_019711375.1_ASM1971137v1_genomic	Qipengyuania aurantiaca		Pseudomonadota	Alphaproteobacteria	Sphingomonadales	Erythrobacteraceae	Qipengyuania	supervised	NCBI_RefSeq
GCF_000023945.1	GCF_000023945.1_ASM2394v1_genomic	Halorhabdus utahensis		Methanobacteriota	Halobacteria	Halobacteriales	Haloarculaceae	Halorhabdus	supervised	NCBI_RefSeq
GCF_003019675.1	GCF_003019675.1_ASM301967v1_genomic	Fusobacterium ulcerans		Fusobacteriota	Fusobacteriia	Fusobacteriales	Fusobacteriaceae	Fusobacterium	supervised	NCBI_RefSeq
GCF_043587585.1	GCF_043587585.1_ASM4358758v1_genomic	GCF_043587585.1_ASM4358758v1_genomic							supervised	NCBI_RefSeq
GCF_001856685.1	GCF_001856685.1_ASM185668v1_genomic	Boudabousia tangfeifanii		Actinomycetota	Actinomycetes	Actinomycetales	Actinomycetaceae	Boudabousia	supervised	NCBI_RefSeq
GCF_037055245.1	GCF_037055245.1_ASM3705524v1_genomic	Brevundimonas olei		Pseudomonadota	Alphaproteobacteria	Caulobacterales	Caulobacteraceae	Brevundimonas	supervised	NCBI_RefSeq
GCF_020097815.1	GCF_020097815.1_ASM2009781v1_genomic	Haloprofundus salinisoli		Methanobacteriota	Halobacteria	Halobacteriales	Haloferacaceae	Haloprofundus	supervised	NCBI_RefSeq
GCF_000185805.1	GCF_000185805.1_ASM18580v1_genomic	Thermovibrio ammonificans		Aquificota	Aquificia	Desulfurobacteriales	Desulfurobacteriaceae	Thermovibrio	supervised	NCBI_RefSeq
GCF_900637075.1	GCF_900637075.1_48128_D02_genomic	Streptococcus pseudoporcinus		Bacillota	Bacilli	Lactobacillales	Streptococcaceae	Streptococcus	supervised	NCBI_RefSeq
GCF_008824185.1	GCF_008824185.1_ASM882418v1_genomic	Paracoccus pantotrophus		Pseudomonadota	Alphaproteobacteria	Rhodobacterales	Paracoccaceae	Paracoccus	supervised	NCBI_RefSeq
GCF_000227115.2	GCF_000227115.2_ASM22711v2_genomic	Naumovozyma dairenensis		Ascomycota	Saccharomycetes	Saccharomycetales	Saccharomycetaceae	Naumovozyma	supervised	NCBI_RefSeq
GCF_032850805.1	GCF_032850805.1_ASM3285080v1_genomic	Hydrogenimonas thermophila		Campylobacterota	Epsilonproteobacteria	Campylobacterales	Hydrogenimonadaceae	Hydrogenimonas	supervised	NCBI_RefSeq
GCF_000021325.1	GCF_000021325.1_ASM2132v1_genomic	Gluconacetobacter diazotrophicus		Pseudomonadota	Alphaproteobacteria	Acetobacterales	Acetobacteraceae	Gluconacetobacter	supervised	NCBI_RefSeq
GCF_030687395.1	GCF_030687395.1_ASM3068739v1_genomic	Pseudomonas wuhanensis		Pseudomonadota	Gammaproteobacteria	Pseudomonadales	Pseudomonadaceae	Pseudomonas	supervised	NCBI_RefSeq
GCF_000017685.1	GCF_000017685.1_ASM1768v1_genomic	Leptospira biflexa		Spirochaetota	Spirochaetia	Leptospirales	Leptospiraceae	Leptospira	supervised	NCBI_RefSeq
GCF_001983935.1	GCF_001983935.1_ASM198393v1_genomic	Fuerstiella marisgermanici		Planctomycetota	Planctomycetia	Planctomycetales	Planctomycetaceae	Fuerstiella	supervised	NCBI_RefSeq
GCF_003851555.1	GCF_003851555.1_ASM385155v1_genomic	Pseudomonas synxantha		Pseudomonadota	Gammaproteobacteria	Pseudomonadales	Pseudomonadaceae	Pseudomonas	supervised	NCBI_RefSeq
GCF_014896945.1	GCF_014896945.1_ASM1489694v1_genomic	Candidatus Bodocaedibacter vickermanii		Pseudomonadota	Alphaproteobacteria	Holosporales	Candidatus Paracaedibacteraceae	Candidatus Bodocaedibacter	supervised	NCBI_RefSeq
GCF_036323395.1	GCF_036323395.1_ASM3632339v1_genomic	Pyrodictium abyssi		Thermoproteota	Thermoprotei	Desulfurococcales	Pyrodictiaceae	Pyrodictium	supervised	NCBI_RefSeq
GCF_041154675.1	GCF_041154675.1_ASM4115467v1_genomic	Sulfurisphaera javensis		Thermoproteota	Thermoprotei	Sulfolobales	Sulfolobaceae	Sulfurisphaera	supervised	NCBI_RefSeq
GCF_024752535.1	GCF_024752535.1_ASM2475253v1_genomic	Streptomyces albus		Actinomycetota	Actinomycetes	Kitasatosporales	Streptomycetaceae	Streptomyces	supervised	NCBI_RefSeq
GCF_001999245.1	GCF_001999245.1_ASM199924v1_genomic	Roseibium algicola		Pseudomonadota	Alphaproteobacteria	Hyphomicrobiales	Stappiaceae	Roseibium	supervised	NCBI_RefSeq
GCF_016458825.1	GCF_016458825.1_ASM1645882v1_genomic	Miniphocaeibacter halophilus		Bacillota	Tissierellia	Tissierellales	Peptoniphilaceae	Miniphocaeibacter	supervised	NCBI_RefSeq
GCF_036251935.1	GCF_036251935.1_ASM3625193v1_genomic	Orbus wheelerorum		Pseudomonadota	Gammaproteobacteria	Orbales	Orbaceae	Orbus	supervised	NCBI_RefSeq
GCF_900103625.1	GCF_900103625.1_IMG-taxon_2634166344_annotated_assembly_genomic	Corynebacterium mycetoides		Actinomycetota	Actinomycetes	Mycobacteriales	Corynebacteriaceae	Corynebacterium	supervised	NCBI_RefSeq
GCF_000091545.1	GCF_000091545.1_ASM9154v1_genomic	Thermus thermophilus		Deinococcota	Deinococci	Thermales	Thermaceae	Thermus	supervised	NCBI_RefSeq
GCF_014268375.2	GCF_014268375.2_ASM1426837v2_genomic	Pseudomonas salmasensis		Pseudomonadota	Gammaproteobacteria	Pseudomonadales	Pseudomonadaceae	Pseudomonas	supervised	NCBI_RefSeq
GCF_000214175.1	GCF_000214175.1_ASM21417v1_genomic	Hoyosella subflava		Actinomycetota	Actinomycetes	Mycobacteriales	Hoyosellaceae	Hoyosella	supervised	NCBI_RefSeq
GCF_000012865.1	GCF_000012865.1_ASM1286v1_genomic	Carboxydothermus hydrogenoformans		Bacillota	Clostridia	Thermoanaerobacterales	Thermoanaerobacteraceae	Carboxydothermus	supervised	NCBI_RefSeq
GCF_001702115.1	GCF_001702115.1_ASM170211v1_genomic	Fructilactobacillus lindneri		Bacillota	Bacilli	Lactobacillales	Lactobacillaceae	Fructilactobacillus	supervised	NCBI_RefSeq
GCF_003860585.1	GCF_003860585.1_ASM386058v1_genomic	Kaistella carnis		Bacteroidota	Flavobacteriia	Flavobacteriales	Weeksellaceae	Kaistella	supervised	NCBI_RefSeq
GCF_949794035.1	GCF_949794035.1_EBP3064_genome_genomic	Serratia proteamaculans		Pseudomonadota	Gammaproteobacteria	Enterobacterales	Yersiniaceae	Serratia	supervised	NCBI_RefSeq
GCF_000190735.1	GCF_000190735.1_ASM19073v2_genomic	Pseudopedobacter saltans		Bacteroidota	Sphingobacteriia	Sphingobacteriales	Sphingobacteriaceae	Pseudopedobacter	supervised	NCBI_RefSeq
GCF_000022265.1	GCF_000022265.1_ASM2226v1_genomic	Geotalea daltonii		Thermodesulfobacteriota	Desulfuromonadia	Geobacterales	Geobacteraceae	Geotalea	supervised	NCBI_RefSeq
GCF_031326225.1	GCF_031326225.1_ASM3132622v1_genomic	Undibacterium cyanobacteriorum		Pseudomonadota	Betaproteobacteria	Burkholderiales	Oxalobacteraceae	Undibacterium	supervised	NCBI_RefSeq
GCF_009193295.2	GCF_009193295.2_ASM919329v2_genomic	Bacteroides luhongzhouii		Bacteroidota	Bacteroidia	Bacteroidales	Bacteroidaceae	Bacteroides	supervised	NCBI_RefSeq
GCF_900186965.1	GCF_900186965.1_50592_C01_genomic	Legionella spiritensis		Pseudomonadota	Gammaproteobacteria	Legionellales	Legionellaceae	Legionella	supervised	NCBI_RefSeq
GCF_042140045.1	GCF_042140045.1_ASM4214004v1_genomic	Streptococcus nidrosiense		Bacillota	Bacilli	Lactobacillales	Streptococcaceae	Streptococcus	supervised	NCBI_RefSeq
GCF_024362485.1	GCF_024362485.1_ASM2436248v1_genomic	Natronobeatus ordinarius		Methanobacteriota	Halobacteria	Halobacteriales	Natrialbaceae	Natronobeatus	supervised	NCBI_RefSeq
GCF_000017805.1	GCF_000017805.1_ASM1780v1_genomic	Roseiflexus castenholzii		Chloroflexota	Chloroflexia	Chloroflexales	Roseiflexaceae	Roseiflexus	supervised	NCBI_RefSeq
GCF_003966655.1	GCF_003966655.1_ASM396665v1_genomic	Acidithiobacillus ferridurans		Pseudomonadota	Acidithiobacillia	Acidithiobacillales	Acidithiobacillaceae	Acidithiobacillus	supervised	NCBI_RefSeq
GCF_015277775.1	GCF_015277775.1_ASM1527777v1_genomic	Paludibaculum fermentans		Acidobacteriota	Terriglobia	Bryobacterales	Bryobacteraceae	Paludibaculum	supervised	NCBI_RefSeq
GCF_000092305.1	GCF_000092305.1_ASM9230v1_genomic	Methanocaldococcus infernus		Methanobacteriota	Methanococci	Methanococcales	Methanocaldococcaceae	Methanocaldococcus	supervised	NCBI_RefSeq
GCF_001641005.1	GCF_001641005.1_ASM164100v1_genomic	Rathayibacter tritici		Actinomycetota	Actinomycetes	Micrococcales	Microbacteriaceae	Rathayibacter	supervised	NCBI_RefSeq
GCF_000014265.1	GCF_000014265.1_ASM1426v1_genomic	Trichodesmium erythraeum		Cyanobacteriota	Cyanophyceae	Oscillatoriales	Microcoleaceae	Trichodesmium	supervised	NCBI_RefSeq
GCF_000760075.1	GCF_000760075.1_ASM76007v1_genomic	Prochlorococcus marinus		Cyanobacteriota	Cyanophyceae	Synechococcales	Prochlorococcaceae	Prochlorococcus	supervised	NCBI_RefSeq
GCF_031583475.1	GCF_031583475.1_ASM3158347v1_genomic	Thermosynechococcus sp. JY1331		Cyanobacteriota	Cyanophyceae	Acaryochloridales	Thermosynechococcaceae	Thermosynechococcus	supervised	NCBI_RefSeq
GCF_034531015.2	GCF_034531015.2_ASM3453101v2_genomic	Nostoc sp. DedQUE03		Cyanobacteriota	Cyanophyceae	Nostocales	Nostocaceae	Nostoc	supervised	NCBI_RefSeq
GCF_028330905.1	GCF_028330905.1_ASM2833090v1_genomic	Microcystis aeruginosa		Cyanobacteriota	Cyanophyceae	Chroococcales	Microcystaceae	Microcystis	supervised	NCBI_RefSeq
GCF_014304795.1	GCF_014304795.1_ASM1430479v1_genomic	Synechococcus sp. WH 8101		Cyanobacteriota	Cyanophyceae	Synechococcales	Synechococcaceae	Synechococcus	supervised	NCBI_RefSeq
GCF_019104765.1	GCF_019104765.1_ASM1910476v1_genomic	Synechococcus sp. HK05		Cyanobacteriota	Cyanophyceae	Synechococcales	Synechococcaceae	Synechococcus	supervised	NCBI_RefSeq
GCF_963920855.1	GCF_963920855.1_CCY0012_genomic	Nostoc sp. CCY0012		Cyanobacteriota	Cyanophyceae	Nostocales	Nostocaceae	Nostoc	supervised	NCBI_RefSeq
GCF_014904695.1	GCF_014904695.1_ASM1490469v1_genomic	Nostoc sp. MG11		Cyanobacteriota	Cyanophyceae	Nostocales	Nostocaceae	Nostoc	supervised	NCBI_RefSeq
GCF_014279615.1	GCF_014279615.1_ASM1427961v1_genomic	Synechococcus sp. RS9907		Cyanobacteriota	Cyanophyceae	Synechococcales	Synechococcaceae	Synechococcus	supervised	NCBI_RefSeq
GCF_031583395.1	GCF_031583395.1_ASM3158339v1_genomic	Thermosynechococcus sp. GLH187		Cyanobacteriota	Cyanophyceae	Acaryochloridales	Thermosynechococcaceae	Thermosynechococcus	supervised	NCBI_RefSeq
GCF_020089045.1	GCF_020089045.1_ASM2008904v1_genomic	Leuconostoc gasicomitatum		Bacillota	Bacilli	Lactobacillales	Lactobacillaceae	Leuconostoc	supervised	NCBI_RefSeq
GCF_900474085.1	GCF_900474085.1_UW86_genomic	Synechococcus sp. UW86		Cyanobacteriota	Cyanophyceae	Synechococcales	Synechococcaceae	Synechococcus	supervised	NCBI_RefSeq
GCF_019927185.1	GCF_019927185.1_ASM1992718v1_genomic	Leuconostoc mesenteroides		Bacillota	Bacilli	Lactobacillales	Lactobacillaceae	Leuconostoc	supervised	NCBI_RefSeq
GCF_047304515.1	GCF_047304515.1_ASM4730451v1_genomic	Prochlorococcus sp. MIT 1306		Cyanobacteriota	Cyanophyceae	Synechococcales	Prochlorococcaceae	Prochlorococcus	supervised	NCBI_RefSeq
GCF_028618985.1	GCF_028618985.1_ASM2861898v1_genomic	Leuconostoc mesenteroides		Bacillota	Bacilli	Lactobacillales	Lactobacillaceae	Leuconostoc	supervised	NCBI_RefSeq
GCF_020244705.1	GCF_020244705.1_ASM2024470v1_genomic	Microcystis sp. M55BS1		Cyanobacteriota	Cyanophyceae	Chroococcales	Microcystaceae	Microcystis	supervised	NCBI_RefSeq
GCF_014698895.1	GCF_014698895.1_ASM1469889v1_genomic	Synechococcus elongatus		Cyanobacteriota	Cyanophyceae	Synechococcales	Synechococcaceae	Synechococcus	supervised	NCBI_RefSeq
GCF_008689715.1	GCF_008689715.1_ASM868971v1_genomic	Leuconostoc mesenteroides		Bacillota	Bacilli	Lactobacillales	Lactobacillaceae	Leuconostoc	supervised	NCBI_RefSeq
GCF_000756355.1	GCF_000756355.1_ASM75635v1_genomic	Leuconostoc mesenteroides		Bacillota	Bacilli	Lactobacillales	Lactobacillaceae	Leuconostoc	supervised	NCBI_RefSeq
GCF_030161455.1	GCF_030161455.1_ASM3016145v1_genomic	Leuconostoc gasicomitatum		Bacillota	Bacilli	Lactobacillales	Lactobacillaceae	Leuconostoc	supervised	NCBI_RefSeq
GCF_014280095.1	GCF_014280095.1_ASM1428009v1_genomic	Synechococcus sp. A15-60		Cyanobacteriota	Cyanophyceae	Synechococcales	Synechococcaceae	Synechococcus	supervised	NCBI_RefSeq
GCF_000014585.1	GCF_000014585.1_ASM1458v1_genomic	Synechococcus sp. CC9311		Cyanobacteriota	Cyanophyceae	Synechococcales	Synechococcaceae	Synechococcus	supervised	NCBI_RefSeq
GCF_020245415.1	GCF_020245415.1_ASM2024541v1_genomic	Microcystis sp. M18BS1		Cyanobacteriota	Cyanophyceae	Chroococcales	Microcystaceae	Microcystis	supervised	NCBI_RefSeq
GCF_036919855.1	GCF_036919855.1_ASM3691985v1_genomic	Nostoc sp.		Cyanobacteriota	Cyanophyceae	Nostocales	Nostocaceae	Nostoc	supervised	NCBI_RefSeq
GCF_034530775.1	GCF_034530775.1_ASM3453077v1_genomic	Nostoc sp. DedSLP04		Cyanobacteriota	Cyanophyceae	Nostocales	Nostocaceae	Nostoc	supervised	NCBI_RefSeq
GCF_002095565.1	GCF_002095565.1_ASM209556v1_genomic	Leuconostoc sp. BM2		Bacillota	Bacilli	Lactobacillales	Lactobacillaceae	Leuconostoc	supervised	NCBI_RefSeq
GCF_002018015.1	GCF_002018015.1_ASM201801v1_genomic	Candidatus Synechococcus spongiarum		Cyanobacteriota	Cyanophyceae	Synechococcales	Synechococcaceae	Synechococcus	supervised	NCBI_RefSeq
GCF_019655935.1	GCF_019655935.1_ASM1965593v1_genomic	Leuconostoc gelidum		Bacillota	Bacilli	Lactobacillales	Lactobacillaceae	Leuconostoc	supervised	NCBI_RefSeq
GCF_036918245.1	GCF_036918245.1_ASM3691824v1_genomic	Nostoc sp.		Cyanobacteriota	Cyanophyceae	Nostocales	Nostocaceae	Nostoc	supervised	NCBI_RefSeq
GCF_030017195.1	GCF_030017195.1_ASM3001719v1_genomic	Leuconostoc suionicum		Bacillota	Bacilli	Lactobacillales	Lactobacillaceae	Leuconostoc	supervised	NCBI_RefSeq
GCF_002813575.1	GCF_002813575.1_ASM281357v1_genomic	Nostoc flagelliforme		Cyanobacteriota	Cyanophyceae	Nostocales	Nostocaceae	Nostoc	supervised	NCBI_RefSeq
GCF_007954625.1	GCF_007954625.1_ASM795462v1_genomic	Leuconostoc lactis		Bacillota	Bacilli	Lactobacillales	Lactobacillaceae	Leuconostoc	supervised	NCBI_RefSeq
GCF_900474295.1	GCF_900474295.1_UW140_genomic	Synechococcus sp. UW140		Cyanobacteriota	Cyanophyceae	Synechococcales	Synechococcaceae	Synechococcus	supervised	NCBI_RefSeq
GCF_017355725.1	GCF_017355725.1_ASM1735572v1_genomic	Anabaena sp. 54		Cyanobacteriota	Cyanophyceae	Nostocales	Nostocaceae	Anabaena	supervised	NCBI_RefSeq
GCF_047302975.1	GCF_047302975.1_ASM4730297v1_genomic	Prochlorococcus sp. SS52		Cyanobacteriota	Cyanophyceae	Synechococcales	Prochlorococcaceae	Prochlorococcus	supervised	NCBI_RefSeq
GCF_047304175.1	GCF_047304175.1_ASM4730417v1_genomic	Synechococcus sp. MIT S9503		Cyanobacteriota	Cyanophyceae	Synechococcales	Synechococcaceae	Synechococcus	supervised	NCBI_RefSeq
GCF_000219785.1	GCF_000219785.1_ASM21978v1_genomic	Leuconostoc sp. C2		Bacillota	Bacilli	Lactobacillales	Lactobacillaceae	Leuconostoc	supervised	NCBI_RefSeq
GCF_900177825.1	GCF_900177825.1_IMG-taxon_2708742468_annotated_assembly_genomic	Synechococcus sp. 7002		Cyanobacteriota	Cyanophyceae	Synechococcales	Synechococcaceae	Synechococcus	supervised	NCBI_RefSeq
GCF_020089225.1	GCF_020089225.1_ASM2008922v1_genomic	Leuconostoc gelidum		Bacillota	Bacilli	Lactobacillales	Lactobacillaceae	Leuconostoc	supervised	NCBI_RefSeq
GCF_025128255.1	GCF_025128255.1_ASM2512825v1_genomic	Synechococcus sp. CS-205		Cyanobacteriota	Cyanophyceae	Synechococcales	Synechococcaceae	Synechococcus	supervised	NCBI_RefSeq
GCF_034093315.1	GCF_034093315.1_ASM3409331v1_genomic	Prochlorococcus sp. MIT 1314		Cyanobacteriota	Cyanophyceae	Synechococcales	Prochlorococcaceae	Prochlorococcus	supervised	NCBI_RefSeq
GCF_019038535.1	GCF_019038535.1_ASM1903853v1_genomic	Synechococcus sp. CCAP 1479/9		Cyanobacteriota	Cyanophyceae	Synechococcales	Synechococcaceae	Synechococcus	supervised	NCBI_RefSeq
GCF_020246725.1	GCF_020246725.1_ASM2024672v1_genomic	Microcystis sp. M038S1		Cyanobacteriota	Cyanophyceae	Chroococcales	Microcystaceae	Microcystis	supervised	NCBI_RefSeq
GCF_047461595.1	GCF_047461595.1_ASM4746159v1_genomic	Synechococcus sp. W60.2		Cyanobacteriota	Cyanophyceae	Synechococcales	Synechococcaceae	Synechococcus	supervised	NCBI_RefSeq
GCF_023744295.1	GCF_023744295.1_ASM2374429v1_genomic	Leuconostoc mesenteroides		Bacillota	Bacilli	Lactobacillales	Lactobacillaceae	Leuconostoc	supervised	NCBI_RefSeq
GCF_003208065.1	GCF_003208065.1_ASM320806v1_genomic	Prochlorococcus marinus		Cyanobacteriota	Cyanophyceae	Synechococcales	Prochlorococcaceae	Prochlorococcus	supervised	NCBI_RefSeq
GCF_963920475.1	GCF_963920475.1_KAC_105_genomic	Synechococcus sp. CBW1107		Cyanobacteriota	Cyanophyceae	Synechococcales	Synechococcaceae	Synechococcus	supervised	NCBI_RefSeq
GCF_023205265.1	GCF_023205265.1_ASM2320526v1_genomic	Leuconostoc sp. MTCC 10508		Bacillota	Bacilli	Lactobacillales	Lactobacillaceae	Leuconostoc	supervised	NCBI_RefSeq
GCF_000153825.1	GCF_000153825.1_ASM15382v1_genomic	Synechococcus sp. RS9916		Cyanobacteriota	Cyanophyceae	Synechococcales	Synechococcaceae	Synechococcus	supervised	NCBI_RefSeq
GCF_048657145.1	GCF_048657145.1_ASM4865714v1_genomic	Leuconostoc citreum		Bacillota	Bacilli	Lactobacillales	Lactobacillaceae	Leuconostoc	supervised	NCBI_RefSeq
GCF_047461615.1	GCF_047461615.1_ASM4746161v1_genomic	Synechococcus sp. W65.1		Cyanobacteriota	Cyanophyceae	Synechococcales	Synechococcaceae	Synechococcus	supervised	NCBI_RefSeq
GCF_963899605.1	GCF_963899605.1_ena-yuan-GCF_022984075.1_genomic	Synechococcus sp. C9		Cyanobacteriota	Cyanophyceae	Synechococcales	Synechococcaceae	Synechococcus	supervised	NCBI_RefSeq
GCF_036918035.1	GCF_036918035.1_ASM3691803v1_genomic	Nostoc sp.		Cyanobacteriota	Cyanophyceae	Nostocales	Nostocaceae	Nostoc	supervised	NCBI_RefSeq
GCF_002386555.1	GCF_002386555.1_ASM238655v1_genomic	Leuconostoc lactis		Bacillota	Bacilli	Lactobacillales	Lactobacillaceae	Leuconostoc	supervised	NCBI_RefSeq
GCF_020246735.1	GCF_020246735.1_ASM2024673v1_genomic	Microcystis sp. M039S1		Cyanobacteriota	Cyanophyceae	Chroococcales	Microcystaceae	Microcystis	supervised	NCBI_RefSeq
GCF_020088825.1	GCF_020088825.1_ASM2008882v1_genomic	Leuconostoc gasicomitatum		Bacillota	Bacilli	Lactobacillales	Lactobacillaceae	Leuconostoc	supervised	NCBI_RefSeq
GCF_014698795.1	GCF_014698795.1_ASM1469879v1_genomic	Nostoc sp. FACHB-892		Cyanobacteriota	Cyanophyceae	Nostocales	Nostocaceae	Nostoc	supervised	NCBI_RefSeq
GCF_028620105.1	GCF_028620105.1_ASM2862010v1_genomic	Leuconostoc mesenteroides		Bacillota	Bacilli	Lactobacillales	Lactobacillaceae	Leuconostoc	supervised	NCBI_RefSeq
GCF_045527805.1	GCF_045527805.1_ASM4552780v1_genomic	Leuconostoc mesenteroides		Bacillota	Bacilli	Lactobacillales	Lactobacillaceae	Leuconostoc	supervised	NCBI_RefSeq
GCF_034530995.1	GCF_034530995.1_ASM3453099v1_genomic	Nostoc sp. DedQUE04		Cyanobacteriota	Cyanophyceae	Nostocales	Nostocaceae	Nostoc	supervised	NCBI_RefSeq
GCF_024345795.1	GCF_024345795.1_ASM2434579v1_genomic	Synechococcus sp. J7-Johnson		Cyanobacteriota	Cyanophyceae	Synechococcales	Synechococcaceae	Synechococcus	supervised	NCBI_RefSeq
GCF_964237385.1	GCF_964237385.1_private_X5_metawrap_bin.1_genomic	uncultured Nostoc sp.		Cyanobacteriota	Cyanophyceae	Nostocales	Nostocaceae	Nostoc	supervised	NCBI_RefSeq
GCF_028620295.1	GCF_028620295.1_ASM2862029v1_genomic	Leuconostoc mesenteroides		Bacillota	Bacilli	Lactobacillales	Lactobacillaceae	Leuconostoc	supervised	NCBI_RefSeq
GCF_023921265.1	GCF_023921265.1_ASM2392126v1_genomic	Leuconostoc gelidum		Bacillota	Bacilli	Lactobacillales	Lactobacillaceae	Leuconostoc	supervised	NCBI_RefSeq
GCF_030017215.1	GCF_030017215.1_ASM3001721v1_genomic	Leuconostoc lactis		Bacillota	Bacilli	Lactobacillales	Lactobacillaceae	Leuconostoc	supervised	NCBI_RefSeq
GCF_017114995.1	GCF_017114995.1_ASM1711499v1_genomic	Nostoc sp. NMS9		Cyanobacteriota	Cyanophyceae	Nostocales	Nostocaceae	Nostoc	supervised	NCBI_RefSeq
GCF_002760395.1	GCF_002760395.1_ASM276039v1_genomic	Synechococcus sp. 63AY4M1		Cyanobacteriota	Cyanophyceae	Synechococcales	Synechococcaceae	Synechococcus	supervised	NCBI_RefSeq
GCF_000020025.1	GCF_000020025.1_ASM2002v1_genomic	Nostoc punctiforme		Cyanobacteriota	Cyanophyceae	Nostocales	Nostocaceae	Nostoc	supervised	NCBI_RefSeq
GCF_002608135.1	GCF_002608135.1_ASM260813v1_genomic	Nostoc linckia		Cyanobacteriota	Cyanophyceae	Nostocales	Nostocaceae	Nostoc	supervised	NCBI_RefSeq
GCF_002092335.1	GCF_002092335.1_ASM209233v1_genomic	Leuconostoc mesenteroides		Bacillota	Bacilli	Lactobacillales	Lactobacillaceae	Leuconostoc	supervised	NCBI_RefSeq
GCF_027359355.1	GCF_027359355.1_ASM2735935v1_genomic	Prochlorococcus marinus		Cyanobacteriota	Cyanophyceae	Synechococcales	Prochlorococcaceae	Prochlorococcus	supervised	NCBI_RefSeq
GCF_036919535.1	GCF_036919535.1_ASM3691953v1_genomic	Nostoc sp.		Cyanobacteriota	Cyanophyceae	Nostocales	Nostocaceae	Nostoc	supervised	NCBI_RefSeq
GCF_025122315.1	GCF_025122315.1_ASM2512231v1_genomic	Leuconostoc citreum		Bacillota	Bacilli	Lactobacillales	Lactobacillaceae	Leuconostoc	supervised	NCBI_RefSeq
GCF_020246125.1	GCF_020246125.1_ASM2024612v1_genomic	Microcystis sp. M136S2		Cyanobacteriota	Cyanophyceae	Chroococcales	Microcystaceae	Microcystis	supervised	NCBI_RefSeq
GCF_019656095.1	GCF_019656095.1_ASM1965609v1_genomic	Leuconostoc rapi		Bacillota	Bacilli	Lactobacillales	Lactobacillaceae	Leuconostoc	supervised	NCBI_RefSeq
GCF_047303495.1	GCF_047303495.1_ASM4730349v1_genomic	Prochlorococcus sp. MIT 0701		Cyanobacteriota	Cyanophyceae	Synechococcales	Prochlorococcaceae	Prochlorococcus	supervised	NCBI_RefSeq
GCF_002092775.1	GCF_002092775.1_ASM209277v1_genomic	Leuconostoc mesenteroides		Bacillota	Bacilli	Lactobacillales	Lactobacillaceae	Leuconostoc	supervised	NCBI_RefSeq
GCF_047302785.1	GCF_047302785.1_ASM4730278v1_genomic	Synechococcus sp. WH 8017		Cyanobacteriota	Cyanophyceae	Synechococcales	Synechococcaceae	Synechococcus	supervised	NCBI_RefSeq
GCF_008690985.1	GCF_008690985.1_ASM869098v1_genomic	Leuconostoc carnosum		Bacillota	Bacilli	Lactobacillales	Lactobacillaceae	Leuconostoc	supervised	NCBI_RefSeq
GCF_020245885.1	GCF_020245885.1_ASM2024588v1_genomic	Microcystis sp. M165S2		Cyanobacteriota	Cyanophyceae	Chroococcales	Microcystaceae	Microcystis	supervised	NCBI_RefSeq
GCF_022063185.1	GCF_022063185.1_ASM2206318v1_genomic	Nostoc sp. UHCC 0870		Cyanobacteriota	Cyanophyceae	Nostocales	Nostocaceae	Nostoc	supervised	NCBI_RefSeq
GCF_020514355.1	GCF_020514355.1_ASM2051435v1_genomic	Synechococcus sp. HB1133		Cyanobacteriota	Cyanophyceae	Synechococcales	Synechococcaceae	Synechococcus	supervised	NCBI_RefSeq
GCF_009498015.1	GCF_009498015.1_ASM949801v1_genomic	Anabaena sp. YBS01		Cyanobacteriota	Cyanophyceae	Nostocales	Nostocaceae	Anabaena	supervised	NCBI_RefSeq
GCF_000760175.1	GCF_000760175.1_ASM76017v1_genomic	Prochlorococcus sp. MIT 0601		Cyanobacteriota	Cyanophyceae	Synechococcales	Prochlorococcaceae	Prochlorococcus	supervised	NCBI_RefSeq
GCF_036917355.1	GCF_036917355.1_ASM3691735v1_genomic	Nostoc sp.		Cyanobacteriota	Cyanophyceae	Nostocales	Nostocaceae	Nostoc	supervised	NCBI_RefSeq
GCF_045528385.1	GCF_045528385.1_ASM4552838v1_genomic	Leuconostoc mesenteroides		Bacillota	Bacilli	Lactobacillales	Lactobacillaceae	Leuconostoc	supervised	NCBI_RefSeq
GCF_003555505.1	GCF_003555505.1_ASM355550v2_genomic	Thermosynechococcus sichuanensis		Cyanobacteriota	Cyanophyceae	Acaryochloridales	Thermosynechococcaceae	Thermosynechococcus	supervised	NCBI_RefSeq
GCF_028619605.1	GCF_028619605.1_ASM2861960v1_genomic	Leuconostoc mesenteroides		Bacillota	Bacilli	Lactobacillales	Lactobacillaceae	Leuconostoc	supervised	NCBI_RefSeq
GCF_047462155.1	GCF_047462155.1_ASM4746215v1_genomic	Synechococcus sp. OH2		Cyanobacteriota	Cyanophyceae	Synechococcales	Synechococcaceae	Synechococcus	supervised	NCBI_RefSeq
GCF_020246345.1	GCF_020246345.1_ASM2024634v1_genomic	Microcystis sp. M088S1		Cyanobacteriota	Cyanophyceae	Chroococcales	Microcystaceae	Microcystis	supervised	NCBI_RefSeq
GCF_002252625.1	GCF_002252625.1_ASM225262v1_genomic	Synechococcus sp. 1G10		Cyanobacteriota	Cyanophyceae	Synechococcales	Synechococcaceae	Synechococcus	supervised	NCBI_RefSeq
GCF_963530155.1	GCF_963530155.1_ERR9969137_bin.10_MetaWRAP_v1.3_MAG_genomic	Leuconostoc lactis		Bacillota	Bacilli	Lactobacillales	Lactobacillaceae	Leuconostoc	supervised	NCBI_RefSeq
GCF_024345895.1	GCF_024345895.1_ASM2434589v1_genomic	Synechococcus sp. Edmonson 11F2		Cyanobacteriota	Cyanophyceae	Synechococcales	Synechococcaceae	Synechococcus	supervised	NCBI_RefSeq
GCF_000759865.1	GCF_000759865.1_ASM75986v1_genomic	Prochlorococcus marinus		Cyanobacteriota	Cyanophyceae	Synechococcales	Prochlorococcaceae	Prochlorococcus	supervised	NCBI_RefSeq
GCF_036916955.1	GCF_036916955.1_ASM3691695v1_genomic	Nostoc sp.		Cyanobacteriota	Cyanophyceae	Nostocales	Nostocaceae	Nostoc	supervised	NCBI_RefSeq
GCF_046292485.1	GCF_046292485.1_ASM4629248v1_genomic	Thermosynechococcus sp.		Cyanobacteriota	Cyanophyceae	Acaryochloridales	Thermosynechococcaceae	Thermosynechococcus	supervised	NCBI_RefSeq
GCF_036919755.1	GCF_036919755.1_ASM3691975v1_genomic	Nostoc sp.		Cyanobacteriota	Cyanophyceae	Nostocales	Nostocaceae	Nostoc	supervised	NCBI_RefSeq
GCF_047304505.1	GCF_047304505.1_ASM4730450v1_genomic	Prochlorococcus sp. MIT 1318		Cyanobacteriota	Cyanophyceae	Synechococcales	Prochlorococcaceae	Prochlorococcus	supervised	NCBI_RefSeq
GCF_036917775.1	GCF_036917775.1_ASM3691777v1_genomic	Nostoc sp.		Cyanobacteriota	Cyanophyceae	Nostocales	Nostocaceae	Nostoc	supervised	NCBI_RefSeq
GCF_024345875.1	GCF_024345875.1_ASM2434587v1_genomic	Synechococcus sp. EJ6-Ellesmere		Cyanobacteriota	Cyanophyceae	Synechococcales	Synechococcaceae	Synechococcus	supervised	NCBI_RefSeq
GCF_943372785.1	GCF_943372785.1_JJ-MO761-104-1-mx-bin698_genomic	Synechococcus sp. UW140		Cyanobacteriota	Cyanophyceae	Synechococcales	Synechococcaceae	Synechococcus	supervised	NCBI_RefSeq
GCF_020244585.1	GCF_020244585.1_ASM2024458v1_genomic	Microcystis sp. M59BS1		Cyanobacteriota	Cyanophyceae	Chroococcales	Microcystaceae	Microcystis	supervised	NCBI_RefSeq
GCF_048320265.1	GCF_048320265.1_ASM4832026v1_genomic	Leuconostoc mesenteroides		Bacillota	Bacilli	Lactobacillales	Lactobacillaceae	Leuconostoc	supervised	NCBI_RefSeq
GCF_029910235.1	GCF_029910235.1_ASM2991023v1_genomic	Pseudanabaena galeata		Cyanobacteriota	Cyanophyceae	Pseudanabaenales	Pseudanabaenaceae	Pseudanabaena	supervised	NCBI_RefSeq
GCF_024345935.1	GCF_024345935.1_ASM2434593v1_genomic	Synechococcus sp. Cruz-9C9		Cyanobacteriota	Cyanophyceae	Synechococcales	Synechococcaceae	Synechococcus	supervised	NCBI_RefSeq
GCF_015840915.1	GCF_015840915.1_ASM1584091v1_genomic	Synechococcus sp. CBW1002		Cyanobacteriota	Cyanophyceae	Synechococcales	Synechococcaceae	Synechococcus	supervised	NCBI_RefSeq
GCF_009707485.1	GCF_009707485.1_ASM970748v1_genomic	Nostocoides sp. HKS02		Actinomycetota	Actinomycetes	Micrococcales	Intrasporangiaceae	Nostocoides	supervised	NCBI_RefSeq
GCF_000018585.1	GCF_000018585.1_ASM1858v1_genomic	Prochlorococcus marinus		Cyanobacteriota	Cyanophyceae	Synechococcales	Prochlorococcaceae	Prochlorococcus	supervised	NCBI_RefSeq
GCF_040399555.1	GCF_040399555.1_ASM4039955v1_genomic	Synechococcus lacustris		Cyanobacteriota	Cyanophyceae	Synechococcales	Synechococcaceae	Synechococcus	supervised	NCBI_RefSeq
GCF_002246015.1	GCF_002246015.1_ASM224601v1_genomic	Nostoc sp. 'Peltigera membranacea cyanobiont' 210A		Cyanobacteriota	Cyanophyceae	Nostocales	Nostocaceae	Nostoc	supervised	NCBI_RefSeq
GCF_001184255.1	GCF_001184255.1_ASM118425v1_genomic	Leuconostoc mesenteroides		Bacillota	Bacilli	Lactobacillales	Lactobacillaceae	Leuconostoc	supervised	NCBI_RefSeq
GCF_025128215.1	GCF_025128215.1_ASM2512821v1_genomic	Synechococcus sp. CS-197		Cyanobacteriota	Cyanophyceae	Synechococcales	Synechococcaceae	Synechococcus	supervised	NCBI_RefSeq
GCF_047462575.1	GCF_047462575.1_ASM4746257v1_genomic	Synechococcus sp. 'PEA 65AY6A-5F PE A'		Cyanobacteriota	Cyanophyceae	Synechococcales	Synechococcaceae	Synechococcus	supervised	NCBI_RefSeq
GCF_036918195.1	GCF_036918195.1_ASM3691819v1_genomic	Nostoc sp.		Cyanobacteriota	Cyanophyceae	Nostocales	Nostocaceae	Nostoc	supervised	NCBI_RefSeq
GCF_000010625.1	GCF_000010625.1_ASM1062v1_genomic	Microcystis aeruginosa		Cyanobacteriota	Cyanophyceae	Chroococcales	Microcystaceae	Microcystis	supervised	NCBI_RefSeq
GCF_002092595.1	GCF_002092595.1_ASM209259v1_genomic	Leuconostoc lactis		Bacillota	Bacilli	Lactobacillales	Lactobacillaceae	Leuconostoc	supervised	NCBI_RefSeq
GCF_020088985.1	GCF_020088985.1_ASM2008898v1_genomic	Leuconostoc gasicomitatum		Bacillota	Bacilli	Lactobacillales	Lactobacillaceae	Leuconostoc	supervised	NCBI_RefSeq
GCF_046306615.1	GCF_046306615.1_ASM4630661v1_genomic	Microcystis sp.		Cyanobacteriota	Cyanophyceae	Chroococcales	Microcystaceae	Microcystis	supervised	NCBI_RefSeq
GCF_036917455.1	GCF_036917455.1_ASM3691745v1_genomic	Nostoc sp.		Cyanobacteriota	Cyanophyceae	Nostocales	Nostocaceae	Nostoc	supervised	NCBI_RefSeq
GCF_019927025.1	GCF_019927025.1_ASM1992702v1_genomic	Leuconostoc mesenteroides		Bacillota	Bacilli	Lactobacillales	Lactobacillaceae	Leuconostoc	supervised	NCBI_RefSeq
GCF_013432155.1	GCF_013432155.1_ASM1343215v1_genomic	Leuconostoc citreum		Bacillota	Bacilli	Lactobacillales	Lactobacillaceae	Leuconostoc	supervised	NCBI_RefSeq
GCF_964186995.1	GCF_964186995.1_AMBP-0221_genomic	Leuconostoc suionicum		Bacillota	Bacilli	Lactobacillales	Lactobacillaceae	Leuconostoc	supervised	NCBI_RefSeq
GCF_020514255.1	GCF_020514255.1_ASM2051425v1_genomic	Synechococcus sp. MU1611		Cyanobacteriota	Cyanophyceae	Synechococcales	Synechococcaceae	Synechococcus	supervised	NCBI_RefSeq
GCF_047462295.1	GCF_047462295.1_ASM4746229v1_genomic	Synechococcus sp. H60.3		Cyanobacteriota	Cyanophyceae	Synechococcales	Synechococcaceae	Synechococcus	supervised	NCBI_RefSeq
GCF_047461955.1	GCF_047461955.1_ASM4746195v1_genomic	Synechococcus sp. R55.7		Cyanobacteriota	Cyanophyceae	Synechococcales	Synechococcaceae	Synechococcus	supervised	NCBI_RefSeq
GCF_000179875.1	GCF_000179875.1_ASM17987v1_genomic	Leuconostoc lactis		Bacillota	Bacilli	Lactobacillales	Lactobacillaceae	Leuconostoc	supervised	NCBI_RefSeq
GCF_964203435.1	GCF_964203435.1_ZE-13nov19-LR-15_genomic	Synechococcus sp.		Cyanobacteriota	Cyanophyceae	Synechococcales	Synechococcaceae	Synechococcus	supervised	NCBI_RefSeq
GCF_024346095.1	GCF_024346095.1_ASM2434609v1_genomic	Synechococcus lacustris		Cyanobacteriota	Cyanophyceae	Synechococcales	Synechococcaceae	Synechococcus	supervised	NCBI_RefSeq
GCF_030017315.1	GCF_030017315.1_ASM3001731v1_genomic	Leuconostoc suionicum		Bacillota	Bacilli	Lactobacillales	Lactobacillaceae	Leuconostoc	supervised	NCBI_RefSeq
GCF_036917515.1	GCF_036917515.1_ASM3691751v1_genomic	Nostoc sp.		Cyanobacteriota	Cyanophyceae	Nostocales	Nostocaceae	Nostoc	supervised	NCBI_RefSeq
GCF_019927245.1	GCF_019927245.1_ASM1992724v1_genomic	Leuconostoc mesenteroides		Bacillota	Bacilli	Lactobacillales	Lactobacillaceae	Leuconostoc	supervised	NCBI_RefSeq
GCF_028619435.1	GCF_028619435.1_ASM2861943v1_genomic	Leuconostoc mesenteroides		Bacillota	Bacilli	Lactobacillales	Lactobacillaceae	Leuconostoc	supervised	NCBI_RefSeq
GCF_902595615.1	GCF_902595615.1_AG-915-O02_genomic	uncultured Prochlorococcus sp.		Cyanobacteriota	Cyanophyceae	Synechococcales	Prochlorococcaceae	Prochlorococcus	supervised	NCBI_RefSeq
GCF_028402095.1	GCF_028402095.1_ASM2840209v1_genomic	Leuconostoc suionicum		Bacillota	Bacilli	Lactobacillales	Lactobacillaceae	Leuconostoc	supervised	NCBI_RefSeq
GCF_000316625.1	GCF_000316625.1_ASM31662v1_genomic	Nostoc sp. PCC 7107		Cyanobacteriota	Cyanophyceae	Nostocales	Nostocaceae	Nostoc	supervised	NCBI_RefSeq
GCF_048593405.1	GCF_048593405.1_ASM4859340v1_genomic	Microcystis aeruginosa		Cyanobacteriota	Cyanophyceae	Chroococcales	Microcystaceae	Microcystis	supervised	NCBI_RefSeq
GCF_028619105.1	GCF_028619105.1_ASM2861910v1_genomic	Leuconostoc mesenteroides		Bacillota	Bacilli	Lactobacillales	Lactobacillaceae	Leuconostoc	supervised	NCBI_RefSeq
GCF_000485815.1	GCF_000485815.1_ASM48581v1_genomic	Picosynechococcus sp. NKBG15041c		Cyanobacteriota	Cyanophyceae	Chroococcales	Geminocystaceae	Picosynechococcus	supervised	NCBI_RefSeq
GCF_900290145.1	GCF_900290145.1_Le_suionicum_CECT_9216_Spades_Prokka_genomic	Leuconostoc suionicum		Bacillota	Bacilli	Lactobacillales	Lactobacillaceae	Leuconostoc	supervised	NCBI_RefSeq
GCF_902521235.1	GCF_902521235.1_AG-894-N05_genomic	uncultured Prochlorococcus sp.		Cyanobacteriota	Cyanophyceae	Synechococcales	Prochlorococcaceae	Prochlorococcus	supervised	NCBI_RefSeq
GCF_963920465.1	GCF_963920465.1_KAC_114_genomic	Synechococcus sp. CBW1107		Cyanobacteriota	Cyanophyceae	Synechococcales	Synechococcaceae	Synechococcus	supervised	NCBI_RefSeq
GCF_046305755.1	GCF_046305755.1_ASM4630575v1_genomic	Microcystis sp.		Cyanobacteriota	Cyanophyceae	Chroococcales	Microcystaceae	Microcystis	supervised	NCBI_RefSeq
GCF_001632125.1	GCF_001632125.1_ASM163212v1_genomic	Prochlorococcus marinus		Cyanobacteriota	Cyanophyceae	Synechococcales	Prochlorococcaceae	Prochlorococcus	supervised	NCBI_RefSeq
GCF_028619655.1	GCF_028619655.1_ASM2861965v1_genomic	Leuconostoc mesenteroides		Bacillota	Bacilli	Lactobacillales	Lactobacillaceae	Leuconostoc	supervised	NCBI_RefSeq
GCF_020246505.1	GCF_020246505.1_ASM2024650v1_genomic	Microcystis sp. M076S1		Cyanobacteriota	Cyanophyceae	Chroococcales	Microcystaceae	Microcystis	supervised	NCBI_RefSeq
GCF_015206895.1	GCF_015206895.1_ASM1520689v1_genomic	Nostoc sp. LEGE 12450		Cyanobacteriota	Cyanophyceae	Nostocales	Nostocaceae	Nostoc	supervised	NCBI_RefSeq
GCF_034530675.2	GCF_034530675.2_ASM3453067v2_genomic	Nostoc sp. DedVER02		Cyanobacteriota	Cyanophyceae	Nostocales	Nostocaceae	Nostoc	supervised	NCBI_RefSeq
GCF_047305235.1	GCF_047305235.1_ASM4730523v1_genomic	Prochlorococcus sp. MIT 1011		Cyanobacteriota	Cyanophyceae	Synechococcales	Prochlorococcaceae	Prochlorococcus	supervised	NCBI_RefSeq
GCF_047304555.1	GCF_047304555.1_ASM4730455v1_genomic	Synechococcus sp. WH 6501		Cyanobacteriota	Cyanophyceae	Synechococcales	Synechococcaceae	Synechococcus	supervised	NCBI_RefSeq
GCF_030017255.1	GCF_030017255.1_ASM3001725v1_genomic	Leuconostoc suionicum		Bacillota	Bacilli	Lactobacillales	Lactobacillaceae	Leuconostoc	supervised	NCBI_RefSeq
GCF_964245575.1	GCF_964245575.1_public_SRR14722145_metawrap_bin.2_genomic	uncultured Nostoc sp.		Cyanobacteriota	Cyanophyceae	Nostocales	Nostocaceae	Nostoc	supervised	NCBI_RefSeq
GCF_034530735.2	GCF_034530735.2_ASM3453073v2_genomic	Nostoc sp. EfeVER01		Cyanobacteriota	Cyanophyceae	Nostocales	Nostocaceae	Nostoc	supervised	NCBI_RefSeq
GCF_028619575.1	GCF_028619575.1_ASM2861957v1_genomic	Leuconostoc mesenteroides		Bacillota	Bacilli	Lactobacillales	Lactobacillaceae	Leuconostoc	supervised	NCBI_RefSeq
GCF_036917095.1	GCF_036917095.1_ASM3691709v1_genomic	Nostoc sp.		Cyanobacteriota	Cyanophyceae	Nostocales	Nostocaceae	Nostoc	supervised	NCBI_RefSeq
GCF_020245035.1	GCF_020245035.1_ASM2024503v1_genomic	Microcystis sp. M40BS1		Cyanobacteriota	Cyanophyceae	Chroococcales	Microcystaceae	Microcystis	supervised	NCBI_RefSeq
GCF_004551615.1	GCF_004551615.1_ASM455161v1_genomic	Leuconostoc kimchii		Bacillota	Bacilli	Lactobacillales	Lactobacillaceae	Leuconostoc	supervised	NCBI_RefSeq
GCF_009811855.1	GCF_009811855.1_ASM981185v1_genomic	Microcystis aeruginosa		Cyanobacteriota	Cyanophyceae	Chroococcales	Microcystaceae	Microcystis	supervised	NCBI_RefSeq
GCF_002608145.1	GCF_002608145.1_ASM260814v1_genomic	Nostoc linckia		Cyanobacteriota	Cyanophyceae	Nostocales	Nostocaceae	Nostoc	supervised	NCBI_RefSeq
GCF_001046875.1	GCF_001046875.1_ASM104687v1_genomic	Nostocoides jenkinsii		Actinomycetota	Actinomycetes	Micrococcales	Intrasporangiaceae	Nostocoides	supervised	NCBI_RefSeq
GCF_029582805.1	GCF_029582805.1_ASM2958280v1_genomic	Candidatus Synechococcus calcipolaris		Cyanobacteriota	Cyanophyceae	Synechococcales	Synechococcaceae	Synechococcus	supervised	NCBI_RefSeq
GCF_046318935.1	GCF_046318935.1_ASM4631893v1_genomic	Microcystis sp.		Cyanobacteriota	Cyanophyceae	Chroococcales	Microcystaceae	Microcystis	supervised	NCBI_RefSeq
GCF_028620275.1	GCF_028620275.1_ASM2862027v1_genomic	Leuconostoc mesenteroides		Bacillota	Bacilli	Lactobacillales	Lactobacillaceae	Leuconostoc	supervised	NCBI_RefSeq
GCF_028619045.1	GCF_028619045.1_ASM2861904v1_genomic	Leuconostoc mesenteroides		Bacillota	Bacilli	Lactobacillales	Lactobacillaceae	Leuconostoc	supervised	NCBI_RefSeq
GCF_014698635.1	GCF_014698635.1_ASM1469863v1_genomic	Nostoc sp. FACHB-857		Cyanobacteriota	Cyanophyceae	Nostocales	Nostocaceae	Nostoc	supervised	NCBI_RefSeq
GCF_047502615.1	GCF_047502615.1_ASM4750261v1_genomic	Synechococcus sp. W60.3		Cyanobacteriota	Cyanophyceae	Synechococcales	Synechococcaceae	Synechococcus	supervised	NCBI_RefSeq
GCF_000981785.2	GCF_000981785.2_ASM98178v2_genomic	Microcystis aeruginosa		Cyanobacteriota	Cyanophyceae	Chroococcales	Microcystaceae	Microcystis	supervised	NCBI_RefSeq
GCF_047461715.1	GCF_047461715.1_ASM4746171v1_genomic	Synechococcus sp. R8-2		Cyanobacteriota	Cyanophyceae	Synechococcales	Synechococcaceae	Synechococcus	supervised	NCBI_RefSeq
GCF_020246865.1	GCF_020246865.1_ASM2024686v1_genomic	Microcystis sp. M017S1		Cyanobacteriota	Cyanophyceae	Chroococcales	Microcystaceae	Microcystis	supervised	NCBI_RefSeq
GCF_014634725.1	GCF_014634725.1_ASM1463472v1_genomic	Leuconostoc pseudomesenteroides		Bacillota	Bacilli	Lactobacillales	Lactobacillaceae	Leuconostoc	supervised	NCBI_RefSeq
GCF_025128075.1	GCF_025128075.1_ASM2512807v1_genomic	Synechococcus sp. CS-1327		Cyanobacteriota	Cyanophyceae	Synechococcales	Synechococcaceae	Synechococcus	supervised	NCBI_RefSeq
GCF_034530895.1	GCF_034530895.1_ASM3453089v1_genomic	Nostoc sp. DedQUE08		Cyanobacteriota	Cyanophyceae	Nostocales	Nostocaceae	Nostoc	supervised	NCBI_RefSeq
GCF_023734775.1	GCF_023734775.1_ASM2373477v1_genomic	Nostoc commune		Cyanobacteriota	Cyanophyceae	Nostocales	Nostocaceae	Nostoc	supervised	NCBI_RefSeq
GCF_018991785.1	GCF_018991785.1_ASM1899178v1_genomic	Leuconostoc mesenteroides		Bacillota	Bacilli	Lactobacillales	Lactobacillaceae	Leuconostoc	supervised	NCBI_RefSeq
GCF_002092515.1	GCF_002092515.1_ASM209251v1_genomic	Leuconostoc mesenteroides		Bacillota	Bacilli	Lactobacillales	Lactobacillaceae	Leuconostoc	supervised	NCBI_RefSeq
GCF_047302865.1	GCF_047302865.1_ASM4730286v1_genomic	Prochlorococcus sp. MIT 0702		Cyanobacteriota	Cyanophyceae	Synechococcales	Prochlorococcaceae	Prochlorococcus	supervised	NCBI_RefSeq
GCF_037619055.1	GCF_037619055.1_ASM3761905v1_genomic	Nostoc punctiforme		Cyanobacteriota	Cyanophyceae	Nostocales	Nostocaceae	Nostoc	supervised	NCBI_RefSeq
GCF_008689765.1	GCF_008689765.1_ASM868976v1_genomic	Leuconostoc carnosum		Bacillota	Bacilli	Lactobacillales	Lactobacillaceae	Leuconostoc	supervised	NCBI_RefSeq
GCF_034931685.1	GCF_034931685.1_ASM3493168v1_genomic	Synechococcus sp. CCY9202		Cyanobacteriota	Cyanophyceae	Synechococcales	Synechococcaceae	Synechococcus	supervised	NCBI_RefSeq
GCF_937995695.1	GCF_937995695.1_H1_Bin_Bin_48_1_genomic	uncultured Thermosynechococcus sp.		Cyanobacteriota	Cyanophyceae	Acaryochloridales	Thermosynechococcaceae	Thermosynechococcus	supervised	NCBI_RefSeq
GCF_025395235.1	GCF_025395235.1_ASM2539523v1_genomic	Leuconostoc holzapfelii		Bacillota	Bacilli	Lactobacillales	Lactobacillaceae	Leuconostoc	supervised	NCBI_RefSeq
GCF_002092705.1	GCF_002092705.1_ASM209270v1_genomic	Leuconostoc mesenteroides		Bacillota	Bacilli	Lactobacillales	Lactobacillaceae	Leuconostoc	supervised	NCBI_RefSeq
GCF_938002295.1	GCF_938002295.1_L1_Bin_METABAT_121_1_genomic	uncultured Thermosynechococcus sp.		Cyanobacteriota	Cyanophyceae	Acaryochloridales	Thermosynechococcaceae	Thermosynechococcus	supervised	NCBI_RefSeq
GCF_031583495.1	GCF_031583495.1_ASM3158349v1_genomic	Thermosynechococcus sp. TG218		Cyanobacteriota	Cyanophyceae	Acaryochloridales	Thermosynechococcaceae	Thermosynechococcus	supervised	NCBI_RefSeq
GCF_000160595.1	GCF_000160595.1_ASM16059v1_genomic	Leuconostoc mesenteroides		Bacillota	Bacilli	Lactobacillales	Lactobacillaceae	Leuconostoc	supervised	NCBI_RefSeq
GCF_036919495.1	GCF_036919495.1_ASM3691949v1_genomic	Nostoc sp.		Cyanobacteriota	Cyanophyceae	Nostocales	Nostocaceae	Nostoc	supervised	NCBI_RefSeq
GCF_047461655.1	GCF_047461655.1_ASM4746165v1_genomic	Synechococcus sp. W55.1		Cyanobacteriota	Cyanophyceae	Synechococcales	Synechococcaceae	Synechococcus	supervised	NCBI_RefSeq
GCF_047718495.1	GCF_047718495.1_ASM4771849v1_genomic	Leuconostoc pseudomesenteroides		Bacillota	Bacilli	Lactobacillales	Lactobacillaceae	Leuconostoc	supervised	NCBI_RefSeq
GCF_047724235.1	GCF_047724235.1_ASM4772423v1_genomic	Leuconostoc suionicum		Bacillota	Bacilli	Lactobacillales	Lactobacillaceae	Leuconostoc	supervised	NCBI_RefSeq
GCF_008689695.1	GCF_008689695.1_ASM868969v1_genomic	Leuconostoc carnosum		Bacillota	Bacilli	Lactobacillales	Lactobacillaceae	Leuconostoc	supervised	NCBI_RefSeq
GCF_000759975.1	GCF_000759975.1_ASM75997v1_genomic	Prochlorococcus marinus		Cyanobacteriota	Cyanophyceae	Synechococcales	Prochlorococcaceae	Prochlorococcus	supervised	NCBI_RefSeq
GCF_045111315.1	GCF_045111315.1_ASM4511131v1_genomic	Leuconostoc mesenteroides		Bacillota	Bacilli	Lactobacillales	Lactobacillaceae	Leuconostoc	supervised	NCBI_RefSeq
GCF_047304065.1	GCF_047304065.1_ASM4730406v1_genomic	Synechococcus sp. MIT S9510		Cyanobacteriota	Cyanophyceae	Synechococcales	Synechococcaceae	Synechococcus	supervised	NCBI_RefSeq
GCF_036916595.1	GCF_036916595.1_ASM3691659v1_genomic	Nostoc sp.		Cyanobacteriota	Cyanophyceae	Nostocales	Nostocaceae	Nostoc	supervised	NCBI_RefSeq
GCF_017695955.1	GCF_017695955.1_ASM1769595v1_genomic	Prochlorococcus marinus		Cyanobacteriota	Cyanophyceae	Synechococcales	Prochlorococcaceae	Prochlorococcus	supervised	NCBI_RefSeq
GCF_014222285.1	GCF_014222285.1_ASM1422228v1_genomic	Nostoc sp. UCD121		Cyanobacteriota	Cyanophyceae	Nostocales	Nostocaceae	Nostoc	supervised	NCBI_RefSeq
GCF_963897035.1	GCF_963897035.1_ena-yuan-GCF_021596505.1_genomic	Nostoc sp. CMAA1605		Cyanobacteriota	Cyanophyceae	Nostocales	Nostocaceae	Nostoc	supervised	NCBI_RefSeq
GCF_020246085.1	GCF_020246085.1_ASM2024608v1_genomic	Microcystis sp. M137S2		Cyanobacteriota	Cyanophyceae	Chroococcales	Microcystaceae	Microcystis	supervised	NCBI_RefSeq
GCF_009792235.1	GCF_009792235.1_ASM979223v1_genomic	Microcystis aeruginosa		Cyanobacteriota	Cyanophyceae	Chroococcales	Microcystaceae	Microcystis	supervised	NCBI_RefSeq
GCF_032919725.1	GCF_032919725.1_ASM3291972v1_genomic	Leuconostoc mesenteroides		Bacillota	Bacilli	Lactobacillales	Lactobacillaceae	Leuconostoc	supervised	NCBI_RefSeq
GCF_020244605.1	GCF_020244605.1_ASM2024460v1_genomic	Microcystis sp. M60BS1		Cyanobacteriota	Cyanophyceae	Chroococcales	Microcystaceae	Microcystis	supervised	NCBI_RefSeq
GCF_902622435.1	GCF_902622435.1_AG-893-K05_genomic	uncultured Prochlorococcus sp.		Cyanobacteriota	Cyanophyceae	Synechococcales	Prochlorococcaceae	Prochlorococcus	supervised	NCBI_RefSeq
GCF_014698505.1	GCF_014698505.1_ASM1469850v1_genomic	Nostoc foliaceum		Cyanobacteriota	Cyanophyceae	Nostocales	Nostocaceae	Nostoc	supervised	NCBI_RefSeq
GCF_047302985.1	GCF_047302985.1_ASM4730298v1_genomic	Prochlorococcus sp. MIT 0707		Cyanobacteriota	Cyanophyceae	Synechococcales	Prochlorococcaceae	Prochlorococcus	supervised	NCBI_RefSeq
GCF_028620005.1	GCF_028620005.1_ASM2862000v1_genomic	Leuconostoc mesenteroides		Bacillota	Bacilli	Lactobacillales	Lactobacillaceae	Leuconostoc	supervised	NCBI_RefSeq
GCF_020245305.1	GCF_020245305.1_ASM2024530v1_genomic	Microcystis sp. M20BS1		Cyanobacteriota	Cyanophyceae	Chroococcales	Microcystaceae	Microcystis	supervised	NCBI_RefSeq
GCF_016624925.1	GCF_016624925.1_S50_genomic	Leuconostoc sp. S50		Bacillota	Bacilli	Lactobacillales	Lactobacillaceae	Leuconostoc	supervised	NCBI_RefSeq
GCF_009811835.1	GCF_009811835.1_ASM981183v1_genomic	Microcystis aeruginosa		Cyanobacteriota	Cyanophyceae	Chroococcales	Microcystaceae	Microcystis	supervised	NCBI_RefSeq
GCF_000015965.1	GCF_000015965.1_ASM1596v1_genomic	Prochlorococcus marinus		Cyanobacteriota	Cyanophyceae	Synechococcales	Prochlorococcaceae	Prochlorococcus	supervised	NCBI_RefSeq
GCF_030553035.1	GCF_030553035.1_ASM3055303v1_genomic	Microcystis aeruginosa		Cyanobacteriota	Cyanophyceae	Chroococcales	Microcystaceae	Microcystis	supervised	NCBI_RefSeq
GCF_014279815.1	GCF_014279815.1_ASM1427981v1_genomic	Synechococcus sp. NOUM97013		Cyanobacteriota	Cyanophyceae	Synechococcales	Synechococcaceae	Synechococcus	supervised	NCBI_RefSeq
GCF_000012525.1	GCF_000012525.1_ASM1252v1_genomic	Synechococcus elongatus		Cyanobacteriota	Cyanophyceae	Synechococcales	Synechococcaceae	Synechococcus	supervised	NCBI_RefSeq
GCF_020245985.1	GCF_020245985.1_ASM2024598v1_genomic	Microcystis sp. M152S2		Cyanobacteriota	Cyanophyceae	Chroococcales	Microcystaceae	Microcystis	supervised	NCBI_RefSeq
GCF_046299635.1	GCF_046299635.1_ASM4629963v1_genomic	Thermosynechococcus sp.		Cyanobacteriota	Cyanophyceae	Acaryochloridales	Thermosynechococcaceae	Thermosynechococcus	supervised	NCBI_RefSeq
GCF_033174725.1	GCF_033174725.1_ASM3317472v1_genomic	Leuconostoc mesenteroides		Bacillota	Bacilli	Lactobacillales	Lactobacillaceae	Leuconostoc	supervised	NCBI_RefSeq
GCF_001521855.1	GCF_001521855.1_ASM152185v1_genomic	Picosynechococcus sp. PCC 73109		Cyanobacteriota	Cyanophyceae	Chroococcales	Geminocystaceae	Picosynechococcus	supervised	NCBI_RefSeq
GCF_000013225.1	GCF_000013225.1_ASM1322v1_genomic	Synechococcus sp. JA-2-3B'a(2-13)		Cyanobacteriota	Cyanophyceae	Synechococcales	Synechococcaceae	Synechococcus	supervised	NCBI_RefSeq
GCF_019048965.1	GCF_019048965.1_ASM1904896v1_genomic	Leuconostoc mesenteroides		Bacillota	Bacilli	Lactobacillales	Lactobacillaceae	Leuconostoc	supervised	NCBI_RefSeq
GCF_036670205.1	GCF_036670205.1_ASM3667020v1_genomic	GCF_036670205.1_ASM3667020v1_genomic							supervised	NCBI_RefSeq
GCF_027530405.1	GCF_027530405.1_ASM2753040v1_genomic	Microcystis sp. LE19-41.2A		Cyanobacteriota	Cyanophyceae	Chroococcales	Microcystaceae	Microcystis	supervised	NCBI_RefSeq
GCF_015840525.1	GCF_015840525.1_ASM1584052v1_genomic	Synechococcus sp. CBW1006		Cyanobacteriota	Cyanophyceae	Synechococcales	Synechococcaceae	Synechococcus	supervised	NCBI_RefSeq
GCF_002949795.1	GCF_002949795.1_ASM294979v1_genomic	Nostoc sp. 'Lobaria pulmonaria (5183) cyanobiont'		Cyanobacteriota	Cyanophyceae	Nostocales	Nostocaceae	Nostoc	supervised	NCBI_RefSeq
GCF_047723515.1	GCF_047723515.1_ASM4772351v1_genomic	Leuconostoc suionicum		Bacillota	Bacilli	Lactobacillales	Lactobacillaceae	Leuconostoc	supervised	NCBI_RefSeq
GCF_019927085.1	GCF_019927085.1_ASM1992708v1_genomic	Leuconostoc mesenteroides		Bacillota	Bacilli	Lactobacillales	Lactobacillaceae	Leuconostoc	supervised	NCBI_RefSeq
GCF_036919655.1	GCF_036919655.1_ASM3691965v1_genomic	Nostoc sp.		Cyanobacteriota	Cyanophyceae	Nostocales	Nostocaceae	Nostoc	supervised	NCBI_RefSeq
GCF_047302875.1	GCF_047302875.1_ASM4730287v1_genomic	Prochlorococcus marinus		Cyanobacteriota	Cyanophyceae	Synechococcales	Prochlorococcaceae	Prochlorococcus	supervised	NCBI_RefSeq
GCF_000239915.1	GCF_000239915.1_ASM23991v2_genomic	Leuconostoc citreum		Bacillota	Bacilli	Lactobacillales	Lactobacillaceae	Leuconostoc	supervised	NCBI_RefSeq
GCF_964186925.1	GCF_964186925.1_AMBV-1431_genomic	Leuconostoc mesenteroides		Bacillota	Bacilli	Lactobacillales	Lactobacillaceae	Leuconostoc	supervised	NCBI_RefSeq
GCF_020244905.1	GCF_020244905.1_ASM2024490v1_genomic	Microcystis sp. M42BS1		Cyanobacteriota	Cyanophyceae	Chroococcales	Microcystaceae	Microcystis	supervised	NCBI_RefSeq
GCF_027676125.1	GCF_027676125.1_ASM2767612v1_genomic	Leuconostoc citreum		Bacillota	Bacilli	Lactobacillales	Lactobacillaceae	Leuconostoc	supervised	NCBI_RefSeq
GCF_031583295.1	GCF_031583295.1_ASM3158329v1_genomic	Thermosynechococcus sp. PKX95		Cyanobacteriota	Cyanophyceae	Acaryochloridales	Thermosynechococcaceae	Thermosynechococcus	supervised	NCBI_RefSeq
GCF_017696055.1	GCF_017696055.1_ASM1769605v1_genomic	Prochlorococcus marinus		Cyanobacteriota	Cyanophyceae	Synechococcales	Prochlorococcaceae	Prochlorococcus	supervised	NCBI_RefSeq
GCF_020246685.1	GCF_020246685.1_ASM2024668v1_genomic	Microcystis sp. M043S1		Cyanobacteriota	Cyanophyceae	Chroococcales	Microcystaceae	Microcystis	supervised	NCBI_RefSeq
GCF_047304545.1	GCF_047304545.1_ASM4730454v1_genomic	Synechococcus sp. MIT S9501		Cyanobacteriota	Cyanophyceae	Synechococcales	Synechococcaceae	Synechococcus	supervised	NCBI_RefSeq
GCF_024345995.1	GCF_024345995.1_ASM2434599v1_genomic	Synechococcus sp. Cruz-7E5		Cyanobacteriota	Cyanophyceae	Synechococcales	Synechococcaceae	Synechococcus	supervised	NCBI_RefSeq
GCF_005049065.1	GCF_005049065.1_ASM504906v1_genomic	Leuconostoc mesenteroides		Bacillota	Bacilli	Lactobacillales	Lactobacillaceae	Leuconostoc	supervised	NCBI_RefSeq
GCF_964187065.1	GCF_964187065.1_AMBP-0236_genomic	Leuconostoc suionicum		Bacillota	Bacilli	Lactobacillales	Lactobacillaceae	Leuconostoc	supervised	NCBI_RefSeq
GCF_023743975.1	GCF_023743975.1_ASM2374397v1_genomic	Leuconostoc mesenteroides		Bacillota	Bacilli	Lactobacillales	Lactobacillaceae	Leuconostoc	supervised	NCBI_RefSeq
GCF_001040845.1	GCF_001040845.1_ASM104084v1_genomic	Synechococcus sp. WH 8020		Cyanobacteriota	Cyanophyceae	Synechococcales	Synechococcaceae	Synechococcus	supervised	NCBI_RefSeq
GCF_047723095.1	GCF_047723095.1_ASM4772309v1_genomic	Leuconostoc pseudomesenteroides		Bacillota	Bacilli	Lactobacillales	Lactobacillaceae	Leuconostoc	supervised	NCBI_RefSeq
GCF_047303465.1	GCF_047303465.1_ASM4730346v1_genomic	Prochlorococcus sp. MIT 0703		Cyanobacteriota	Cyanophyceae	Synechococcales	Prochlorococcaceae	Prochlorococcus	supervised	NCBI_RefSeq
GCF_964187075.1	GCF_964187075.1_AMBF-0166_genomic	Leuconostoc mesenteroides		Bacillota	Bacilli	Lactobacillales	Lactobacillaceae	Leuconostoc	supervised	NCBI_RefSeq
GCF_045063855.1	GCF_045063855.1_ASM4506385v1_genomic	Leuconostoc mesenteroides		Bacillota	Bacilli	Lactobacillales	Lactobacillaceae	Leuconostoc	supervised	NCBI_RefSeq
GCF_002760445.1	GCF_002760445.1_ASM276044v1_genomic	Synechococcus sp. 65AY640		Cyanobacteriota	Cyanophyceae	Synechococcales	Synechococcaceae	Synechococcus	supervised	NCBI_RefSeq
GCF_025188725.1	GCF_025188725.1_ASM2518872v1_genomic	Leuconostoc citreum		Bacillota	Bacilli	Lactobacillales	Lactobacillaceae	Leuconostoc	supervised	NCBI_RefSeq
GCF_017114965.1	GCF_017114965.1_ASM1711496v1_genomic	Nostoc sp. JL31		Cyanobacteriota	Cyanophyceae	Nostocales	Nostocaceae	Nostoc	supervised	NCBI_RefSeq
GCF_019324835.1	GCF_019324835.1_ASM1932483v1_genomic	Prochlorococcus marinus		Cyanobacteriota	Cyanophyceae	Synechococcales	Prochlorococcaceae	Prochlorococcus	supervised	NCBI_RefSeq
GCF_030518735.1	GCF_030518735.1_ASM3051873v1_genomic	Thermosynechococcus sp. JY1339		Cyanobacteriota	Cyanophyceae	Acaryochloridales	Thermosynechococcaceae	Thermosynechococcus	supervised	NCBI_RefSeq
GCF_036916855.1	GCF_036916855.1_ASM3691685v1_genomic	Nostoc sp.		Cyanobacteriota	Cyanophyceae	Nostocales	Nostocaceae	Nostoc	supervised	NCBI_RefSeq
GCF_039871445.1	GCF_039871445.1_ASM3987144v1_genomic	Leuconostoc falkenbergense		Bacillota	Bacilli	Lactobacillales	Lactobacillaceae	Leuconostoc	supervised	NCBI_RefSeq
GCF_025189045.1	GCF_025189045.1_ASM2518904v1_genomic	Leuconostoc lactis		Bacillota	Bacilli	Lactobacillales	Lactobacillaceae	Leuconostoc	supervised	NCBI_RefSeq
GCF_047228265.1	GCF_047228265.1_ASM4722826v1_genomic	Nostoc sp. UIC 10607		Cyanobacteriota	Cyanophyceae	Nostocales	Nostocaceae	Nostoc	supervised	NCBI_RefSeq
GCF_020829645.1	GCF_020829645.1_ASM2082964v1_genomic	Nostoc mirabile		Cyanobacteriota	Cyanophyceae	Nostocales	Nostocaceae	Nostoc	supervised	NCBI_RefSeq
GCF_024345695.1	GCF_024345695.1_ASM2434569v1_genomic	Synechococcus sp. L2F		Cyanobacteriota	Cyanophyceae	Synechococcales	Synechococcaceae	Synechococcus	supervised	NCBI_RefSeq
GCF_031460915.1	GCF_031460915.1_ASM3146091v1_genomic	Thermosynechococcus sp. TG252		Cyanobacteriota	Cyanophyceae	Acaryochloridales	Thermosynechococcaceae	Thermosynechococcus	supervised	NCBI_RefSeq
GCF_020089325.1	GCF_020089325.1_ASM2008932v1_genomic	Leuconostoc gelidum		Bacillota	Bacilli	Lactobacillales	Lactobacillaceae	Leuconostoc	supervised	NCBI_RefSeq
GCF_002897135.1	GCF_002897135.1_NcycadaeWK-1_v1_genomic	Nostoc cycadae		Cyanobacteriota	Cyanophyceae	Nostocales	Nostocaceae	Nostoc	supervised	NCBI_RefSeq
GCF_009712085.1	GCF_009712085.1_ASM971208v1_genomic	Anabaena sp. UHCC 0253		Cyanobacteriota	Cyanophyceae	Nostocales	Nostocaceae	Anabaena	supervised	NCBI_RefSeq
GCF_009372195.1	GCF_009372195.1_ASM937219v1_genomic	Nostoc sphaeroides		Cyanobacteriota	Cyanophyceae	Nostocales	Nostocaceae	Nostoc	supervised	NCBI_RefSeq
GCF_001632145.1	GCF_001632145.1_ASM163214v1_genomic	Prochlorococcus marinus		Cyanobacteriota	Cyanophyceae	Synechococcales	Prochlorococcaceae	Prochlorococcus	supervised	NCBI_RefSeq
GCF_024346035.1	GCF_024346035.1_ASM2434603v1_genomic	Synechococcus sp. Cruz CV-v-12		Cyanobacteriota	Cyanophyceae	Synechococcales	Synechococcaceae	Synechococcus	supervised	NCBI_RefSeq
GCF_034530835.1	GCF_034530835.1_ASM3453083v1_genomic	Nostoc sp. DedQUE12b		Cyanobacteriota	Cyanophyceae	Nostocales	Nostocaceae	Nostoc	supervised	NCBI_RefSeq
GCF_025188545.1	GCF_025188545.1_ASM2518854v1_genomic	Leuconostoc citreum		Bacillota	Bacilli	Lactobacillales	Lactobacillaceae	Leuconostoc	supervised	NCBI_RefSeq
GCF_020246245.1	GCF_020246245.1_ASM2024624v1_genomic	Microcystis sp. M114S2		Cyanobacteriota	Cyanophyceae	Chroococcales	Microcystaceae	Microcystis	supervised	NCBI_RefSeq
GCF_019325055.1	GCF_019325055.1_ASM1932505v1_genomic	Prochlorococcus marinus		Cyanobacteriota	Cyanophyceae	Synechococcales	Prochlorococcaceae	Prochlorococcus	supervised	NCBI_RefSeq
GCF_046297055.1	GCF_046297055.1_ASM4629705v1_genomic	Microcystis sp.		Cyanobacteriota	Cyanophyceae	Chroococcales	Microcystaceae	Microcystis	supervised	NCBI_RefSeq
GCF_002252635.1	GCF_002252635.1_ASM225263v1_genomic	Synechococcus sp. MW101C3		Cyanobacteriota	Cyanophyceae	Synechococcales	Synechococcaceae	Synechococcus	supervised	NCBI_RefSeq
GCF_036917035.1	GCF_036917035.1_ASM3691703v1_genomic	Nostoc sp.		Cyanobacteriota	Cyanophyceae	Nostocales	Nostocaceae	Nostoc	supervised	NCBI_RefSeq
GCF_017115105.1	GCF_017115105.1_ASM1711510v1_genomic	Nostoc sp. NMS2		Cyanobacteriota	Cyanophyceae	Nostocales	Nostocaceae	Nostoc	supervised	NCBI_RefSeq
GCF_003113895.1	GCF_003113895.1_ASM311389v1_genomic	Nostoc commune		Cyanobacteriota	Cyanophyceae	Nostocales	Nostocaceae	Nostoc	supervised	NCBI_RefSeq
GCF_020245685.1	GCF_020245685.1_ASM2024568v1_genomic	Microcystis sp. M043S2		Cyanobacteriota	Cyanophyceae	Chroococcales	Microcystaceae	Microcystis	supervised	NCBI_RefSeq
GCF_028331205.1	GCF_028331205.1_ASM2833120v1_genomic	Microcystis aeruginosa		Cyanobacteriota	Cyanophyceae	Chroococcales	Microcystaceae	Microcystis	supervised	NCBI_RefSeq
GCF_021253825.1	GCF_021253825.1_ASM2125382v1_genomic	Leuconostoc mesenteroides		Bacillota	Bacilli	Lactobacillales	Lactobacillaceae	Leuconostoc	supervised	NCBI_RefSeq
GCF_013393925.1	GCF_013393925.1_ASM1339392v1_genomic	Nostoc sp. C057		Cyanobacteriota	Cyanophyceae	Nostocales	Nostocaceae	Nostoc	supervised	NCBI_RefSeq
GCF_000775285.1	GCF_000775285.1_ASM77528v1_genomic	Neosynechococcus sphagnicola		Cyanobacteriota	Cyanophyceae	Neosynechococcales	Neosynechococcaceae	Neosynechococcus	supervised	NCBI_RefSeq
GCF_039871315.1	GCF_039871315.1_ASM3987131v1_genomic	Leuconostoc mesenteroides		Bacillota	Bacilli	Lactobacillales	Lactobacillaceae	Leuconostoc	supervised	NCBI_RefSeq
GCF_034531035.1	GCF_034531035.1_ASM3453103v2_genomic	Nostoc sp. DedQUE02		Cyanobacteriota	Cyanophyceae	Nostocales	Nostocaceae	Nostoc	supervised	NCBI_RefSeq
GCF_007095495.1	GCF_007095495.1_ASM709549v1_genomic	Microcystis sp. M_QC_C_20170808_M9Col		Cyanobacteriota	Cyanophyceae	Chroococcales	Microcystaceae	Microcystis	supervised	NCBI_RefSeq
GCF_029335995.1	GCF_029335995.1_ASM2933599v2_genomic	Thermosynechococcus sp. Uc		Cyanobacteriota	Cyanophyceae	Acaryochloridales	Thermosynechococcaceae	Thermosynechococcus	supervised	NCBI_RefSeq
GCF_047462055.1	GCF_047462055.1_ASM4746205v1_genomic	Synechococcus sp. R5-16		Cyanobacteriota	Cyanophyceae	Synechococcales	Synechococcaceae	Synechococcus	supervised	NCBI_RefSeq
GCF_020246025.1	GCF_020246025.1_ASM2024602v1_genomic	Microcystis sp. M155S2		Cyanobacteriota	Cyanophyceae	Chroococcales	Microcystaceae	Microcystis	supervised	NCBI_RefSeq
GCF_004194375.1	GCF_004194375.1_ASM419437v1_genomic	Leuconostoc mesenteroides		Bacillota	Bacilli	Lactobacillales	Lactobacillaceae	Leuconostoc	supervised	NCBI_RefSeq
GCF_047462235.1	GCF_047462235.1_ASM4746223v1_genomic	Synechococcus sp. H65.1		Cyanobacteriota	Cyanophyceae	Synechococcales	Synechococcaceae	Synechococcus	supervised	NCBI_RefSeq
GCF_028619805.1	GCF_028619805.1_ASM2861980v1_genomic	Leuconostoc mesenteroides		Bacillota	Bacilli	Lactobacillales	Lactobacillaceae	Leuconostoc	supervised	NCBI_RefSeq
GCF_000759855.1	GCF_000759855.1_ASM75985v1_genomic	Prochlorococcus marinus		Cyanobacteriota	Cyanophyceae	Synechococcales	Prochlorococcaceae	Prochlorococcus	supervised	NCBI_RefSeq
GCF_036670195.1	GCF_036670195.1_ASM3667019v1_genomic	Leuconostoc falkenbergense		Bacillota	Bacilli	Lactobacillales	Lactobacillaceae	Leuconostoc	supervised	NCBI_RefSeq
GCF_036916755.1	GCF_036916755.1_ASM3691675v1_genomic	Nostoc sp.		Cyanobacteriota	Cyanophyceae	Nostocales	Nostocaceae	Nostoc	supervised	NCBI_RefSeq
GCF_045527905.1	GCF_045527905.1_ASM4552790v1_genomic	Leuconostoc mesenteroides		Bacillota	Bacilli	Lactobacillales	Lactobacillaceae	Leuconostoc	supervised	NCBI_RefSeq
GCF_046308555.1	GCF_046308555.1_ASM4630855v1_genomic	Microcystis sp.		Cyanobacteriota	Cyanophyceae	Chroococcales	Microcystaceae	Microcystis	supervised	NCBI_RefSeq
GCF_007990165.1	GCF_007990165.1_ASM799016v1_genomic	Leuconostoc mesenteroides		Bacillota	Bacilli	Lactobacillales	Lactobacillaceae	Leuconostoc	supervised	NCBI_RefSeq
GCF_001515385.1	GCF_001515385.1_ASM151538v1_genomic	Leuconostoc mesenteroides		Bacillota	Bacilli	Lactobacillales	Lactobacillaceae	Leuconostoc	supervised	NCBI_RefSeq
GCF_031583435.1	GCF_031583435.1_ASM3158343v1_genomic	Thermosynechococcus sp. GLH87		Cyanobacteriota	Cyanophyceae	Acaryochloridales	Thermosynechococcaceae	Thermosynechococcus	supervised	NCBI_RefSeq
GCF_036917255.1	GCF_036917255.1_ASM3691725v1_genomic	Nostoc sp.		Cyanobacteriota	Cyanophyceae	Nostocales	Nostocaceae	Nostoc	supervised	NCBI_RefSeq
GCF_027531105.1	GCF_027531105.1_ASM2753110v1_genomic	Microcystis sp. LE18-22.4A		Cyanobacteriota	Cyanophyceae	Chroococcales	Microcystaceae	Microcystis	supervised	NCBI_RefSeq
GCF_014280195.1	GCF_014280195.1_ASM1428019v1_genomic	Synechococcus sp. A15-24		Cyanobacteriota	Cyanophyceae	Synechococcales	Synechococcaceae	Synechococcus	supervised	NCBI_RefSeq
GCF_014696715.1	GCF_014696715.1_ASM1469671v1_genomic	Pseudanabaena sp. FACHB-2040		Cyanobacteriota	Cyanophyceae	Pseudanabaenales	Pseudanabaenaceae	Pseudanabaena	supervised	NCBI_RefSeq
GCF_963920505.1	GCF_963920505.1_KAC_106_genomic	Synechococcus sp. CBW1107		Cyanobacteriota	Cyanophyceae	Synechococcales	Synechococcaceae	Synechococcus	supervised	NCBI_RefSeq
GCF_020088925.1	GCF_020088925.1_ASM2008892v1_genomic	Leuconostoc gasicomitatum		Bacillota	Bacilli	Lactobacillales	Lactobacillaceae	Leuconostoc	supervised	NCBI_RefSeq
GCF_014224335.1	GCF_014224335.1_ASM1422433v1_genomic	Synechococcus sp. BSF8S		Cyanobacteriota	Cyanophyceae	Synechococcales	Synechococcaceae	Synechococcus	supervised	NCBI_RefSeq
GCA_037935595.1	GCA_037935595.1	[Candida] boidinii		Ascomycota	Pichiomycetes	Pichiales	Pichiaceae	Ogataea	unsupervised	NCBI_GenBank
GCF_036417295.1	GCF_036417295.1	Cryptococcus decagattii		Basidiomycota	Tremellomycetes	Tremellales	Cryptococcaceae	Cryptococcus	unsupervised	NCBI_RefSeq
GCA_014826065.1	GCA_014826065.1	Anthracocystis panici-leucophaei		Basidiomycota	Ustilaginomycetes	Ustilaginales	Ustilaginaceae	Anthracocystis	unsupervised	NCBI_GenBank
GCF_000185945.1	GCF_000185945.1	Cryptococcus gattii		Basidiomycota	Tremellomycetes	Tremellales	Cryptococcaceae	Cryptococcus	unsupervised	NCBI_RefSeq
GCF_002954075.1	GCF_002954075.1	Cryptococcus deuterogattii		Basidiomycota	Tremellomycetes	Tremellales	Cryptococcaceae	Cryptococcus	unsupervised	NCBI_RefSeq
GCF_020829465.1	GCF_020829465.1_ASM2082946v1_genomic	Nostoc sphaeroides		Cyanobacteriota	Cyanophyceae	Nostocales	Nostocaceae	Nostoc	supervised	NCBI_RefSeq
GCF_019325015.1	GCF_019325015.1_ASM1932501v1_genomic	Prochlorococcus marinus		Cyanobacteriota	Cyanophyceae	Synechococcales	Prochlorococcaceae	Prochlorococcus	supervised	NCBI_RefSeq
GCF_900474015.1	GCF_900474015.1_UW106_genomic	Synechococcus sp. UW106		Cyanobacteriota	Cyanophyceae	Synechococcales	Synechococcaceae	Synechococcus	supervised	NCBI_RefSeq
GCF_017696275.1	GCF_017696275.1_ASM1769627v1_genomic	Prochlorococcus marinus		Cyanobacteriota	Cyanophyceae	Synechococcales	Prochlorococcaceae	Prochlorococcus	supervised	NCBI_RefSeq
GCF_041747015.1	GCF_041747015.1_ASM4174701v1_genomic	Nostoc sp.		Cyanobacteriota	Cyanophyceae	Nostocales	Nostocaceae	Nostoc	supervised	NCBI_RefSeq
GCF_028618935.1	GCF_028618935.1_ASM2861893v1_genomic	Leuconostoc mesenteroides		Bacillota	Bacilli	Lactobacillales	Lactobacillaceae	Leuconostoc	supervised	NCBI_RefSeq
GCF_020089105.1	GCF_020089105.1_ASM2008910v1_genomic	Leuconostoc gasicomitatum		Bacillota	Bacilli	Lactobacillales	Lactobacillaceae	Leuconostoc	supervised	NCBI_RefSeq
GCF_005577135.1	GCF_005577135.1_ASM557713v1_genomic	Picosynechococcus sp. PCC 11901		Cyanobacteriota	Cyanophyceae	Chroococcales	Geminocystaceae	Picosynechococcus	supervised	NCBI_RefSeq
GCF_001298445.1	GCF_001298445.1_ASM129844v1_genomic	Nostoc piscinale		Cyanobacteriota	Cyanophyceae	Nostocales	Nostocaceae	Nostoc	supervised	NCBI_RefSeq
GCF_000239895.1	GCF_000239895.1_ASM23989v2_genomic	Leuconostoc citreum		Bacillota	Bacilli	Lactobacillales	Lactobacillaceae	Leuconostoc	supervised	NCBI_RefSeq
GCF_033142025.1	GCF_033142025.1_ASM3314202v1_genomic	Leuconostoc suionicum		Bacillota	Bacilli	Lactobacillales	Lactobacillaceae	Leuconostoc	supervised	NCBI_RefSeq
GCF_003712105.1	GCF_003712105.1_ASM371210v1_genomic	Winogradskyella sp.		Bacteroidota	Flavobacteriia	Flavobacteriales	Flavobacteriaceae	Winogradskyella	supervised	NCBI_RefSeq
GCF_000316685.1	GCF_000316685.1_ASM31668v1_genomic	Synechococcus sp. PCC 6312		Cyanobacteriota	Cyanophyceae	Synechococcales	Synechococcaceae	Synechococcus	supervised	NCBI_RefSeq
GCF_014697625.1	GCF_014697625.1_ASM1469762v1_genomic	Anabaena azotica		Cyanobacteriota	Cyanophyceae	Nostocales	Nostocaceae	Anabaena	supervised	NCBI_RefSeq
GCF_036918175.1	GCF_036918175.1_ASM3691817v1_genomic	Nostoc sp.		Cyanobacteriota	Cyanophyceae	Nostocales	Nostocaceae	Nostoc	supervised	NCBI_RefSeq
GCF_034530635.1	GCF_034530635.1_ASM3453063v1_genomic	Nostoc sp. EspVER01		Cyanobacteriota	Cyanophyceae	Nostocales	Nostocaceae	Nostoc	supervised	NCBI_RefSeq
GCF_001632025.1	GCF_001632025.1_ASM163202v1_genomic	Prochlorococcus marinus		Cyanobacteriota	Cyanophyceae	Synechococcales	Prochlorococcaceae	Prochlorococcus	supervised	NCBI_RefSeq
GCF_000312245.1	GCF_000312245.1_ASM31224v1_genomic	Microcystis aeruginosa		Cyanobacteriota	Cyanophyceae	Chroococcales	Microcystaceae	Microcystis	supervised	NCBI_RefSeq
GCF_009792915.1	GCF_009792915.1_ASM979291v1_genomic	Leuconostoc citreum		Bacillota	Bacilli	Lactobacillales	Lactobacillaceae	Leuconostoc	supervised	NCBI_RefSeq
GCF_036916715.1	GCF_036916715.1_ASM3691671v1_genomic	Nostoc sp.		Cyanobacteriota	Cyanophyceae	Nostocales	Nostocaceae	Nostoc	supervised	NCBI_RefSeq
GCF_030017125.1	GCF_030017125.1_ASM3001712v1_genomic	Leuconostoc suionicum		Bacillota	Bacilli	Lactobacillales	Lactobacillaceae	Leuconostoc	supervised	NCBI_RefSeq
GCF_008690785.1	GCF_008690785.1_ASM869078v1_genomic	Leuconostoc carnosum		Bacillota	Bacilli	Lactobacillales	Lactobacillaceae	Leuconostoc	supervised	NCBI_RefSeq
GCF_002092565.1	GCF_002092565.1_ASM209256v1_genomic	Leuconostoc mesenteroides		Bacillota	Bacilli	Lactobacillales	Lactobacillaceae	Leuconostoc	supervised	NCBI_RefSeq
GCF_925293145.1	GCF_925293145.1_IM1329_genomic	Leuconostoc citreum		Bacillota	Bacilli	Lactobacillales	Lactobacillaceae	Leuconostoc	supervised	NCBI_RefSeq
GCF_014279855.1	GCF_014279855.1_ASM1427985v1_genomic	Synechococcus sp. Minos11		Cyanobacteriota	Cyanophyceae	Synechococcales	Synechococcaceae	Synechococcus	supervised	NCBI_RefSeq
GCF_047302735.1	GCF_047302735.1_ASM4730273v1_genomic	Synechococcus sp. Cu2B8-bc1011		Cyanobacteriota	Cyanophyceae	Synechococcales	Synechococcaceae	Synechococcus	supervised	NCBI_RefSeq
GCF_036919615.1	GCF_036919615.1_ASM3691961v1_genomic	Nostoc sp.		Cyanobacteriota	Cyanophyceae	Nostocales	Nostocaceae	Nostoc	supervised	NCBI_RefSeq
GCF_000179235.2	GCF_000179235.2_ASM17923v2_genomic	Synechococcus sp. CB0101		Cyanobacteriota	Cyanophyceae	Synechococcales	Synechococcaceae	Synechococcus	supervised	NCBI_RefSeq
GCF_937871055.1	GCF_937871055.1_SRR6158308_bin.49_CONCOCT_v1.1_MAG_genomic	uncultured Synechococcus sp.		Cyanobacteriota	Cyanophyceae	Synechococcales	Synechococcaceae	Synechococcus	supervised	NCBI_RefSeq
GCF_019038475.1	GCF_019038475.1_ASM1903847v1_genomic	Synechococcus sp. CCAP 1479/13		Cyanobacteriota	Cyanophyceae	Synechococcales	Synechococcaceae	Synechococcus	supervised	NCBI_RefSeq
GCF_025188625.1	GCF_025188625.1_ASM2518862v1_genomic	Leuconostoc citreum		Bacillota	Bacilli	Lactobacillales	Lactobacillaceae	Leuconostoc	supervised	NCBI_RefSeq
GCF_034092395.1	GCF_034092395.1_ASM3409239v1_genomic	Prochlorococcus sp. MIT 1307		Cyanobacteriota	Cyanophyceae	Synechococcales	Prochlorococcaceae	Prochlorococcus	supervised	NCBI_RefSeq
GCF_009497095.1	GCF_009497095.1_ASM949709v1_genomic	Leuconostoc mesenteroides		Bacillota	Bacilli	Lactobacillales	Lactobacillaceae	Leuconostoc	supervised	NCBI_RefSeq
GCF_020245555.1	GCF_020245555.1_ASM2024555v1_genomic	Microcystis sp. M064S2		Cyanobacteriota	Cyanophyceae	Chroococcales	Microcystaceae	Microcystis	supervised	NCBI_RefSeq
GCF_047462335.1	GCF_047462335.1_ASM4746233v1_genomic	Synechococcus sp. H60.1		Cyanobacteriota	Cyanophyceae	Synechococcales	Synechococcaceae	Synechococcus	supervised	NCBI_RefSeq
GCF_020246065.1	GCF_020246065.1_ASM2024606v1_genomic	Microcystis sp. M144S2		Cyanobacteriota	Cyanophyceae	Chroococcales	Microcystaceae	Microcystis	supervised	NCBI_RefSeq
GCF_002092145.1	GCF_002092145.1_ASM209214v1_genomic	Leuconostoc mesenteroides		Bacillota	Bacilli	Lactobacillales	Lactobacillaceae	Leuconostoc	supervised	NCBI_RefSeq
GCF_964186785.1	GCF_964186785.1_AMBC-0001-G11_genomic	Leuconostoc mesenteroides		Bacillota	Bacilli	Lactobacillales	Lactobacillaceae	Leuconostoc	supervised	NCBI_RefSeq
GCF_020708975.1	GCF_020708975.1_ASM2070897v1_genomic	Leuconostoc lactis		Bacillota	Bacilli	Lactobacillales	Lactobacillaceae	Leuconostoc	supervised	NCBI_RefSeq
GCF_000760375.1	GCF_000760375.1_ASM76037v1_genomic	Prochlorococcus sp. SS52		Cyanobacteriota	Cyanophyceae	Synechococcales	Prochlorococcaceae	Prochlorococcus	supervised	NCBI_RefSeq
GCF_047727265.1	GCF_047727265.1_ASM4772726v1_genomic	Leuconostoc pseudomesenteroides		Bacillota	Bacilli	Lactobacillales	Lactobacillaceae	Leuconostoc	supervised	NCBI_RefSeq
GCF_047462015.1	GCF_047462015.1_ASM4746201v1_genomic	Synechococcus sp. R5-13		Cyanobacteriota	Cyanophyceae	Synechococcales	Synechococcaceae	Synechococcus	supervised	NCBI_RefSeq
GCF_938046525.1	GCF_938046525.1_ERR2198617_bin.63_CONCOCT_v1.1_MAG_genomic	uncultured Leuconostoc sp.		Bacillota	Bacilli	Lactobacillales	Lactobacillaceae	Leuconostoc	supervised	NCBI_RefSeq
GCF_036916815.1	GCF_036916815.1_ASM3691681v1_genomic	Nostoc sp.		Cyanobacteriota	Cyanophyceae	Nostocales	Nostocaceae	Nostoc	supervised	NCBI_RefSeq
GCF_000787675.1	GCF_000787675.1_ASM78767v1_genomic	Microcystis aeruginosa		Cyanobacteriota	Cyanophyceae	Chroococcales	Microcystaceae	Microcystis	supervised	NCBI_RefSeq
GCF_015207005.2	GCF_015207005.2_ASM1520700v2_genomic	Desmonostoc muscorum		Cyanobacteriota	Cyanophyceae	Nostocales	Nostocaceae	Desmonostoc	supervised	NCBI_RefSeq
GCF_015295825.1	GCF_015295825.1_ASM1529582v1_genomic	Thermosynechococcus sp. M98_K2018_005		Cyanobacteriota	Cyanophyceae	Acaryochloridales	Thermosynechococcaceae	Thermosynechococcus	supervised	NCBI_RefSeq
GCF_002245975.1	GCF_002245975.1_ASM224597v1_genomic	Nostoc sp. 'Peltigera membranacea cyanobiont' 213		Cyanobacteriota	Cyanophyceae	Nostocales	Nostocaceae	Nostoc	supervised	NCBI_RefSeq
GCF_028619465.1	GCF_028619465.1_ASM2861946v1_genomic	Leuconostoc mesenteroides		Bacillota	Bacilli	Lactobacillales	Lactobacillaceae	Leuconostoc	supervised	NCBI_RefSeq
GCF_037201945.1	GCF_037201945.1_ASM3720194v1_genomic	Leuconostoc mesenteroides		Bacillota	Bacilli	Lactobacillales	Lactobacillaceae	Leuconostoc	supervised	NCBI_RefSeq
GCF_036917215.1	GCF_036917215.1_ASM3691721v1_genomic	Nostoc sp.		Cyanobacteriota	Cyanophyceae	Nostocales	Nostocaceae	Nostoc	supervised	NCBI_RefSeq
GCF_025122255.1	GCF_025122255.1_ASM2512225v1_genomic	Leuconostoc citreum		Bacillota	Bacilli	Lactobacillales	Lactobacillaceae	Leuconostoc	supervised	NCBI_RefSeq
GCF_964244145.1	GCF_964244145.1_public_SRR11456918_metawrap_bin.3_genomic	uncultured Nostoc sp.		Cyanobacteriota	Cyanophyceae	Nostocales	Nostocaceae	Nostoc	supervised	NCBI_RefSeq
GCF_028619595.1	GCF_028619595.1_ASM2861959v1_genomic	Leuconostoc mesenteroides		Bacillota	Bacilli	Lactobacillales	Lactobacillaceae	Leuconostoc	supervised	NCBI_RefSeq
GCF_020244565.1	GCF_020244565.1_ASM2024456v1_genomic	Microcystis sp. M62BS1		Cyanobacteriota	Cyanophyceae	Chroococcales	Microcystaceae	Microcystis	supervised	NCBI_RefSeq
GCF_031433065.1	GCF_031433065.1_ASM3143306v1_genomic	Leuconostoc mesenteroides		Bacillota	Bacilli	Lactobacillales	Lactobacillaceae	Leuconostoc	supervised	NCBI_RefSeq
GCF_014696755.1	GCF_014696755.1_ASM1469675v1_genomic	Anabaena sp. FACHB-1391		Cyanobacteriota	Cyanophyceae	Nostocales	Nostocaceae	Anabaena	supervised	NCBI_RefSeq
GCF_002092495.1	GCF_002092495.1_ASM209249v1_genomic	Leuconostoc mesenteroides		Bacillota	Bacilli	Lactobacillales	Lactobacillaceae	Leuconostoc	supervised	NCBI_RefSeq
GCF_002282935.1	GCF_002282935.1_ASM228293v1_genomic	Microcystis sp. LSC13-02		Cyanobacteriota	Cyanophyceae	Chroococcales	Microcystaceae	Microcystis	supervised	NCBI_RefSeq
GCF_000332215.1	GCF_000332215.1_ASM33221v1_genomic	Pseudanabaena biceps		Cyanobacteriota	Cyanophyceae	Pseudanabaenales	Pseudanabaenaceae	Pseudanabaena	supervised	NCBI_RefSeq
GCF_025127975.1	GCF_025127975.1_ASM2512797v1_genomic	Synechococcus sp. CS-1331		Cyanobacteriota	Cyanophyceae	Synechococcales	Synechococcaceae	Synechococcus	supervised	NCBI_RefSeq
GCF_036916575.1	GCF_036916575.1_ASM3691657v1_genomic	Nostoc sp.		Cyanobacteriota	Cyanophyceae	Nostocales	Nostocaceae	Nostoc	supervised	NCBI_RefSeq
GCF_024346215.1	GCF_024346215.1_ASM2434621v1_genomic	Synechococcus lacustris		Cyanobacteriota	Cyanophyceae	Synechococcales	Synechococcaceae	Synechococcus	supervised	NCBI_RefSeq
GCF_019704275.1	GCF_019704275.1_ASM1970427v1_genomic	Microcystis aeruginosa		Cyanobacteriota	Cyanophyceae	Chroococcales	Microcystaceae	Microcystis	supervised	NCBI_RefSeq
GCF_014279535.1	GCF_014279535.1_ASM1427953v1_genomic	Synechococcus sp. TAK9802		Cyanobacteriota	Cyanophyceae	Synechococcales	Synechococcaceae	Synechococcus	supervised	NCBI_RefSeq
GCF_047305145.1	GCF_047305145.1_ASM4730514v1_genomic	Prochlorococcus sp. MIT 9321		Cyanobacteriota	Cyanophyceae	Synechococcales	Prochlorococcaceae	Prochlorococcus	supervised	NCBI_RefSeq
GCF_001631935.1	GCF_001631935.1_ASM163193v1_genomic	Synechococcus sp. MIT S9509		Cyanobacteriota	Cyanophyceae	Synechococcales	Synechococcaceae	Synechococcus	supervised	NCBI_RefSeq
GCF_047304625.1	GCF_047304625.1_ASM4730462v1_genomic	Prochlorococcus sp. MIT 0601		Cyanobacteriota	Cyanophyceae	Synechococcales	Prochlorococcaceae	Prochlorococcus	supervised	NCBI_RefSeq
GCF_019324985.1	GCF_019324985.1_ASM1932498v1_genomic	Prochlorococcus marinus		Cyanobacteriota	Cyanophyceae	Synechococcales	Prochlorococcaceae	Prochlorococcus	supervised	NCBI_RefSeq
GCF_003346165.1	GCF_003346165.1_ASM334616v1_genomic	Leuconostoc mesenteroides		Bacillota	Bacilli	Lactobacillales	Lactobacillaceae	Leuconostoc	supervised	NCBI_RefSeq
GCF_020089485.1	GCF_020089485.1_ASM2008948v1_genomic	Leuconostoc gelidum		Bacillota	Bacilli	Lactobacillales	Lactobacillaceae	Leuconostoc	supervised	NCBI_RefSeq
GCF_028619905.1	GCF_028619905.1_ASM2861990v1_genomic	Leuconostoc mesenteroides		Bacillota	Bacilli	Lactobacillales	Lactobacillaceae	Leuconostoc	supervised	NCBI_RefSeq
GCF_020245785.1	GCF_020245785.1_ASM2024578v1_genomic	Microcystis sp. M025S2		Cyanobacteriota	Cyanophyceae	Chroococcales	Microcystaceae	Microcystis	supervised	NCBI_RefSeq
GCF_007989545.1	GCF_007989545.1_ASM798954v1_genomic	Leuconostoc citreum		Bacillota	Bacilli	Lactobacillales	Lactobacillaceae	Leuconostoc	supervised	NCBI_RefSeq
GCF_000332585.1	GCF_000332585.1_MicAerD1.0_genomic	Microcystis aeruginosa		Cyanobacteriota	Cyanophyceae	Chroococcales	Microcystaceae	Microcystis	supervised	NCBI_RefSeq
GCF_036916655.1	GCF_036916655.1_ASM3691665v1_genomic	Nostoc sp.		Cyanobacteriota	Cyanophyceae	Nostocales	Nostocaceae	Nostoc	supervised	NCBI_RefSeq
GCF_036917795.1	GCF_036917795.1_ASM3691779v1_genomic	Nostoc sp.		Cyanobacteriota	Cyanophyceae	Nostocales	Nostocaceae	Nostoc	supervised	NCBI_RefSeq
GCF_001672255.1	GCF_001672255.1_ASM167225v1_genomic	Anabaena sp. AL09		Cyanobacteriota	Cyanophyceae	Nostocales	Nostocaceae	Anabaena	supervised	NCBI_RefSeq
GCF_028619335.1	GCF_028619335.1_ASM2861933v1_genomic	Leuconostoc mesenteroides		Bacillota	Bacilli	Lactobacillales	Lactobacillaceae	Leuconostoc	supervised	NCBI_RefSeq
GCF_902626525.1	GCF_902626525.1_AH-321-C14_genomic	uncultured Prochlorococcus sp.		Cyanobacteriota	Cyanophyceae	Synechococcales	Prochlorococcaceae	Prochlorococcus	supervised	NCBI_RefSeq
GCF_015206985.1	GCF_015206985.1_ASM1520698v1_genomic	Nostoc sp. LEGE 12447		Cyanobacteriota	Cyanophyceae	Nostocales	Nostocaceae	Nostoc	supervised	NCBI_RefSeq
GCF_001891125.1	GCF_001891125.1_ASM189112v1_genomic	Leuconostoc suionicum		Bacillota	Bacilli	Lactobacillales	Lactobacillaceae	Leuconostoc	supervised	NCBI_RefSeq
GCF_913031015.1	GCF_913031015.1_ERR599153_bin.15_MetaBAT_v2.12.1_MAG_genomic	uncultured Prochlorococcus sp.		Cyanobacteriota	Cyanophyceae	Synechococcales	Prochlorococcaceae	Prochlorococcus	supervised	NCBI_RefSeq
GCF_025128095.1	GCF_025128095.1_ASM2512809v1_genomic	Synechococcus sp. CS-1328		Cyanobacteriota	Cyanophyceae	Synechococcales	Synechococcaceae	Synechococcus	supervised	NCBI_RefSeq
GCF_000015685.1	GCF_000015685.1_ASM1568v1_genomic	Prochlorococcus marinus		Cyanobacteriota	Cyanophyceae	Synechococcales	Prochlorococcaceae	Prochlorococcus	supervised	NCBI_RefSeq
GCF_034531155.1	GCF_034531155.1_ASM3453115v1_genomic	Nostoc sp. ChiVER01		Cyanobacteriota	Cyanophyceae	Nostocales	Nostocaceae	Nostoc	supervised	NCBI_RefSeq
GCF_042954245.1	GCF_042954245.1_ASM4295424v1_genomic	Parasynechococcus sp.		Cyanobacteriota	Cyanophyceae	Synechococcales	Prochlorococcaceae	Parasynechococcus	supervised	NCBI_RefSeq
GCF_036917895.1	GCF_036917895.1_ASM3691789v1_genomic	Nostoc sp.		Cyanobacteriota	Cyanophyceae	Nostocales	Nostocaceae	Nostoc	supervised	NCBI_RefSeq
GCF_047462275.1	GCF_047462275.1_ASM4746227v1_genomic	Synechococcus sp. H70.2		Cyanobacteriota	Cyanophyceae	Synechococcales	Synechococcaceae	Synechococcus	supervised	NCBI_RefSeq
GCF_005864365.1	GCF_005864365.1_ASM586436v1_genomic	Leuconostoc mesenteroides		Bacillota	Bacilli	Lactobacillales	Lactobacillaceae	Leuconostoc	supervised	NCBI_RefSeq
GCF_009296125.1	GCF_009296125.1_ASM929612v1_genomic	Leuconostoc gasicomitatum		Bacillota	Bacilli	Lactobacillales	Lactobacillaceae	Leuconostoc	supervised	NCBI_RefSeq
GCF_036829415.1	GCF_036829415.1_ASM3682941v1_genomic	Leuconostoc lactis		Bacillota	Bacilli	Lactobacillales	Lactobacillaceae	Leuconostoc	supervised	NCBI_RefSeq
GCF_032003385.1	GCF_032003385.1_ASM3200338v1_genomic	Leuconostoc lactis		Bacillota	Bacilli	Lactobacillales	Lactobacillaceae	Leuconostoc	supervised	NCBI_RefSeq
GCF_000230675.1	GCF_000230675.1_ASM23067v1_genomic	Synechococcus sp. WH 8016		Cyanobacteriota	Cyanophyceae	Synechococcales	Synechococcaceae	Synechococcus	supervised	NCBI_RefSeq
GCF_002721235.1	GCF_002721235.1_ASM272123v1_genomic	Synechococcus sp. BDU 130192		Cyanobacteriota	Cyanophyceae	Synechococcales	Synechococcaceae	Synechococcus	supervised	NCBI_RefSeq
GCF_005869855.1	GCF_005869855.1_ASM586985v1_genomic	Nostoc sp. PA-18-2419		Cyanobacteriota	Cyanophyceae	Nostocales	Nostocaceae	Nostoc	supervised	NCBI_RefSeq
GCF_036917135.1	GCF_036917135.1_ASM3691713v1_genomic	Nostoc sp.		Cyanobacteriota	Cyanophyceae	Nostocales	Nostocaceae	Nostoc	supervised	NCBI_RefSeq
GCF_964186845.1	GCF_964186845.1_AMBV-1424_genomic	Leuconostoc mesenteroides		Bacillota	Bacilli	Lactobacillales	Lactobacillaceae	Leuconostoc	supervised	NCBI_RefSeq
GCF_002092415.1	GCF_002092415.1_ASM209241v1_genomic	Leuconostoc mesenteroides		Bacillota	Bacilli	Lactobacillales	Lactobacillaceae	Leuconostoc	supervised	NCBI_RefSeq
GCF_000155595.1	GCF_000155595.1_ASM15559v1_genomic	Synechococcus sp. PCC 7335		Cyanobacteriota	Cyanophyceae	Synechococcales	Synechococcaceae	Synechococcus	supervised	NCBI_RefSeq
GCF_000759955.1	GCF_000759955.1_ASM75995v1_genomic	Prochlorococcus marinus		Cyanobacteriota	Cyanophyceae	Synechococcales	Prochlorococcaceae	Prochlorococcus	supervised	NCBI_RefSeq
GCF_036918075.1	GCF_036918075.1_ASM3691807v1_genomic	Nostoc sp.		Cyanobacteriota	Cyanophyceae	Nostocales	Nostocaceae	Nostoc	supervised	NCBI_RefSeq
GCF_045527745.1	GCF_045527745.1_ASM4552774v1_genomic	Leuconostoc mesenteroides		Bacillota	Bacilli	Lactobacillales	Lactobacillaceae	Leuconostoc	supervised	NCBI_RefSeq
GCF_034120155.1	GCF_034120155.1_ASM3412015v1_genomic	Leuconostoc falkenbergense		Bacillota	Bacilli	Lactobacillales	Lactobacillaceae	Leuconostoc	supervised	NCBI_RefSeq
GCF_014279955.1	GCF_014279955.1_ASM1427995v1_genomic	Synechococcus sp. BMK-MC-1		Cyanobacteriota	Cyanophyceae	Synechococcales	Synechococcaceae	Synechococcus	supervised	NCBI_RefSeq
GCF_014696225.1	GCF_014696225.1_ASM1469622v1_genomic	Anabaena sp. FACHB-1237		Cyanobacteriota	Cyanophyceae	Nostocales	Nostocaceae	Anabaena	supervised	NCBI_RefSeq
GCF_963896835.1	GCF_963896835.1_ena-yuan-GCF_022063185.1_genomic	Nostoc sp. UHCC 0870		Cyanobacteriota	Cyanophyceae	Nostocales	Nostocaceae	Nostoc	supervised	NCBI_RefSeq
GCF_018257095.1	GCF_018257095.1_ASM1825709v1_genomic	Leuconostoc pseudomesenteroides		Bacillota	Bacilli	Lactobacillales	Lactobacillaceae	Leuconostoc	supervised	NCBI_RefSeq
GCF_014279655.1	GCF_014279655.1_ASM1427965v1_genomic	Synechococcus sp. ROS8604		Cyanobacteriota	Cyanophyceae	Synechococcales	Synechococcaceae	Synechococcus	supervised	NCBI_RefSeq
GCF_031583225.1	GCF_031583225.1_ASM3158322v1_genomic	Thermosynechococcus sp. PP555		Cyanobacteriota	Cyanophyceae	Acaryochloridales	Thermosynechococcaceae	Thermosynechococcus	supervised	NCBI_RefSeq
GCF_020829495.1	GCF_020829495.1_ASM2082949v1_genomic	Nostoc favosum		Cyanobacteriota	Cyanophyceae	Nostocales	Nostocaceae	Nostoc	supervised	NCBI_RefSeq
GCF_014050705.1	GCF_014050705.1_ASM1405070v1_genomic	Leuconostoc lactis		Bacillota	Bacilli	Lactobacillales	Lactobacillaceae	Leuconostoc	supervised	NCBI_RefSeq
GCF_019324885.1	GCF_019324885.1_ASM1932488v1_genomic	Prochlorococcus marinus		Cyanobacteriota	Cyanophyceae	Synechococcales	Prochlorococcaceae	Prochlorococcus	supervised	NCBI_RefSeq
GCF_017115045.1	GCF_017115045.1_ASM1711504v1_genomic	Nostoc sp. NMS8		Cyanobacteriota	Cyanophyceae	Nostocales	Nostocaceae	Nostoc	supervised	NCBI_RefSeq
GCF_028618835.1	GCF_028618835.1_ASM2861883v1_genomic	Leuconostoc mesenteroides		Bacillota	Bacilli	Lactobacillales	Lactobacillaceae	Leuconostoc	supervised	NCBI_RefSeq
GCF_014218745.1	GCF_014218745.1_ASM1421874v1_genomic	Microcystis aeruginosa		Cyanobacteriota	Cyanophyceae	Chroococcales	Microcystaceae	Microcystis	supervised	NCBI_RefSeq
GCF_945903815.1	GCF_945903815.1_TrE-03may19-172_genomic	Synechococcus sp. UW140		Cyanobacteriota	Cyanophyceae	Synechococcales	Synechococcaceae	Synechococcus	supervised	NCBI_RefSeq
GCF_036917995.1	GCF_036917995.1_ASM3691799v1_genomic	Nostoc sp.		Cyanobacteriota	Cyanophyceae	Nostocales	Nostocaceae	Nostoc	supervised	NCBI_RefSeq
GCF_001039265.1	GCF_001039265.1_ASM103926v1_genomic	Synechococcus sp. GFB01		Cyanobacteriota	Cyanophyceae	Synechococcales	Synechococcaceae	Synechococcus	supervised	NCBI_RefSeq
GCF_014634785.1	GCF_014634785.1_ASM1463478v1_genomic	Leuconostoc falkenbergense		Bacillota	Bacilli	Lactobacillales	Lactobacillaceae	Leuconostoc	supervised	NCBI_RefSeq
GCF_009184895.1	GCF_009184895.1_ASM918489v1_genomic	Nostocoides sp. F2B08		Actinomycetota	Actinomycetes	Micrococcales	Intrasporangiaceae	Nostocoides	supervised	NCBI_RefSeq
GCF_030017025.1	GCF_030017025.1_ASM3001702v1_genomic	Leuconostoc suionicum		Bacillota	Bacilli	Lactobacillales	Lactobacillaceae	Leuconostoc	supervised	NCBI_RefSeq
GCF_046344115.1	GCF_046344115.1_ASM4634411v1_genomic	Microcystis sp.		Cyanobacteriota	Cyanophyceae	Chroococcales	Microcystaceae	Microcystis	supervised	NCBI_RefSeq
GCF_964244915.1	GCF_964244915.1_public_SRR11456923_metawrap_bin.7_genomic	uncultured Nostoc sp.		Cyanobacteriota	Cyanophyceae	Nostocales	Nostocaceae	Nostoc	supervised	NCBI_RefSeq
GCF_028619235.1	GCF_028619235.1_ASM2861923v1_genomic	Leuconostoc mesenteroides		Bacillota	Bacilli	Lactobacillales	Lactobacillaceae	Leuconostoc	supervised	NCBI_RefSeq
GCF_032911705.1	GCF_032911705.1_ASM3291170v1_genomic	Leuconostoc falkenbergense		Bacillota	Bacilli	Lactobacillales	Lactobacillaceae	Leuconostoc	supervised	NCBI_RefSeq
GCF_000153285.1	GCF_000153285.1_ASM15328v1_genomic	Synechococcus sp. WH 7805		Cyanobacteriota	Cyanophyceae	Synechococcales	Synechococcaceae	Synechococcus	supervised	NCBI_RefSeq
GCF_965136925.1	GCF_965136925.1_CIP110927_genomic	Leuconostoc gasicomitatum		Bacillota	Bacilli	Lactobacillales	Lactobacillaceae	Leuconostoc	supervised	NCBI_RefSeq
GCF_963999815.1	GCF_963999815.1_ERR599140_maxbin2_1_genomic	uncultured Prochlorococcus sp.		Cyanobacteriota	Cyanophyceae	Synechococcales	Prochlorococcaceae	Prochlorococcus	supervised	NCBI_RefSeq
GCF_020089005.1	GCF_020089005.1_ASM2008900v1_genomic	Leuconostoc gasicomitatum		Bacillota	Bacilli	Lactobacillales	Lactobacillaceae	Leuconostoc	supervised	NCBI_RefSeq
GCF_047305225.1	GCF_047305225.1_ASM4730522v1_genomic	Prochlorococcus marinus		Cyanobacteriota	Cyanophyceae	Synechococcales	Prochlorococcaceae	Prochlorococcus	supervised	NCBI_RefSeq
GCF_002009375.1	GCF_002009375.1_ASM200937v1_genomic	Leuconostoc mesenteroides		Bacillota	Bacilli	Lactobacillales	Lactobacillaceae	Leuconostoc	supervised	NCBI_RefSeq
GCF_030455105.1	GCF_030455105.1_ASM3045510v1_genomic	Leuconostoc sp.		Bacillota	Bacilli	Lactobacillales	Lactobacillaceae	Leuconostoc	supervised	NCBI_RefSeq
GCF_047303155.1	GCF_047303155.1_ASM4730315v1_genomic	Prochlorococcus sp. MIT 1313		Cyanobacteriota	Cyanophyceae	Synechococcales	Prochlorococcaceae	Prochlorococcus	supervised	NCBI_RefSeq
GCF_014651235.1	GCF_014651235.1_ASM1465123v1_genomic	Leuconostoc lactis		Bacillota	Bacilli	Lactobacillales	Lactobacillaceae	Leuconostoc	supervised	NCBI_RefSeq
GCF_036919575.1	GCF_036919575.1_ASM3691957v1_genomic	Nostoc sp.		Cyanobacteriota	Cyanophyceae	Nostocales	Nostocaceae	Nostoc	supervised	NCBI_RefSeq
GCF_036919815.1	GCF_036919815.1_ASM3691981v1_genomic	Nostoc sp.		Cyanobacteriota	Cyanophyceae	Nostocales	Nostocaceae	Nostoc	supervised	NCBI_RefSeq
GCF_020089265.1	GCF_020089265.1_ASM2008926v1_genomic	Leuconostoc gasicomitatum		Bacillota	Bacilli	Lactobacillales	Lactobacillaceae	Leuconostoc	supervised	NCBI_RefSeq
GCF_000007925.1	GCF_000007925.1_ASM792v1_genomic	Prochlorococcus marinus		Cyanobacteriota	Cyanophyceae	Synechococcales	Prochlorococcaceae	Prochlorococcus	supervised	NCBI_RefSeq
GCF_047723455.1	GCF_047723455.1_ASM4772345v1_genomic	Leuconostoc falkenbergense		Bacillota	Bacilli	Lactobacillales	Lactobacillaceae	Leuconostoc	supervised	NCBI_RefSeq
GCF_020246985.1	GCF_020246985.1_ASM2024698v1_genomic	Microcystis sp. M010S1		Cyanobacteriota	Cyanophyceae	Chroococcales	Microcystaceae	Microcystis	supervised	NCBI_RefSeq
GCF_000412595.1	GCF_000412595.1_spc777-v1_genomic	Microcystis aeruginosa		Cyanobacteriota	Cyanophyceae	Chroococcales	Microcystaceae	Microcystis	supervised	NCBI_RefSeq
GCF_015277835.1	GCF_015277835.1_ASM1527783v1_genomic	Leuconostoc citreum		Bacillota	Bacilli	Lactobacillales	Lactobacillaceae	Leuconostoc	supervised	NCBI_RefSeq
GCF_036917175.1	GCF_036917175.1_ASM3691717v1_genomic	Nostoc sp.		Cyanobacteriota	Cyanophyceae	Nostocales	Nostocaceae	Nostoc	supervised	NCBI_RefSeq
GCF_020245635.1	GCF_020245635.1_ASM2024563v1_genomic	Microcystis sp. M046S2		Cyanobacteriota	Cyanophyceae	Chroococcales	Microcystaceae	Microcystis	supervised	NCBI_RefSeq
GCF_008690865.1	GCF_008690865.1_ASM869086v1_genomic	Leuconostoc carnosum		Bacillota	Bacilli	Lactobacillales	Lactobacillaceae	Leuconostoc	supervised	NCBI_RefSeq
GCF_015207705.1	GCF_015207705.1_ASM1520770v1_genomic	Nostoc sp. LEGE 06077		Cyanobacteriota	Cyanophyceae	Nostocales	Nostocaceae	Nostoc	supervised	NCBI_RefSeq
GCF_925298225.1	GCF_925298225.1_IM1476_genomic	Leuconostoc mesenteroides		Bacillota	Bacilli	Lactobacillales	Lactobacillaceae	Leuconostoc	supervised	NCBI_RefSeq
GCF_014696655.1	GCF_014696655.1_ASM1469665v1_genomic	Nostoc sp. FACHB-888		Cyanobacteriota	Cyanophyceae	Nostocales	Nostocaceae	Nostoc	supervised	NCBI_RefSeq
GCF_943912725.1	GCF_943912725.1_QR5mtZoVqg_bin.13.MAG_genomic	Leuconostoc lactis		Bacillota	Bacilli	Lactobacillales	Lactobacillaceae	Leuconostoc	supervised	NCBI_RefSeq
GCF_000817325.1	GCF_000817325.1_ASM81732v1_genomic	Synechococcus elongatus		Cyanobacteriota	Cyanophyceae	Synechococcales	Synechococcaceae	Synechococcus	supervised	NCBI_RefSeq
GCF_000709265.1	GCF_000709265.1_CLCbio_CLC_Genomics_Workbench_6.5_of_Leuconostoc_lactis_genome_genomic	Leuconostoc lactis		Bacillota	Bacilli	Lactobacillales	Lactobacillaceae	Leuconostoc	supervised	NCBI_RefSeq
GCF_964186955.1	GCF_964186955.1_AMBV-1371_genomic	Leuconostoc mesenteroides		Bacillota	Bacilli	Lactobacillales	Lactobacillaceae	Leuconostoc	supervised	NCBI_RefSeq
GCF_047462375.1	GCF_047462375.1_ASM4746237v1_genomic	Synechococcus sp. H55.8		Cyanobacteriota	Cyanophyceae	Synechococcales	Synechococcaceae	Synechococcus	supervised	NCBI_RefSeq
GCF_047462115.1	GCF_047462115.1_ASM4746211v1_genomic	Synechococcus sp. R50.1		Cyanobacteriota	Cyanophyceae	Synechococcales	Synechococcaceae	Synechococcus	supervised	NCBI_RefSeq
GCF_047502605.1	GCF_047502605.1_ASM4750260v1_genomic	Synechococcus sp. RC10A2		Cyanobacteriota	Cyanophyceae	Synechococcales	Synechococcaceae	Synechococcus	supervised	NCBI_RefSeq
GCF_008257445.1	GCF_008257445.1_ASM825744v1_genomic	Microcystis aeruginosa		Cyanobacteriota	Cyanophyceae	Chroococcales	Microcystaceae	Microcystis	supervised	NCBI_RefSeq
GCF_047719795.1	GCF_047719795.1_ASM4771979v1_genomic	Leuconostoc pseudomesenteroides		Bacillota	Bacilli	Lactobacillales	Lactobacillaceae	Leuconostoc	supervised	NCBI_RefSeq
GCF_020245245.1	GCF_020245245.1_ASM2024524v1_genomic	Microcystis sp. M25BS1		Cyanobacteriota	Cyanophyceae	Chroococcales	Microcystaceae	Microcystis	supervised	NCBI_RefSeq
GCF_044129385.1	GCF_044129385.1_ASM4412938v1_genomic	Leuconostoc mesenteroides		Bacillota	Bacilli	Lactobacillales	Lactobacillaceae	Leuconostoc	supervised	NCBI_RefSeq
GCF_015207115.1	GCF_015207115.1_ASM1520711v1_genomic	Microcystis aeruginosa		Cyanobacteriota	Cyanophyceae	Chroococcales	Microcystaceae	Microcystis	supervised	NCBI_RefSeq
GCF_045801155.1	GCF_045801155.1_ASM4580115v1_genomic	Leuconostoc falkenbergense		Bacillota	Bacilli	Lactobacillales	Lactobacillaceae	Leuconostoc	supervised	NCBI_RefSeq
GCF_964187055.1	GCF_964187055.1_AMBP-0220_genomic	Leuconostoc suionicum		Bacillota	Bacilli	Lactobacillales	Lactobacillaceae	Leuconostoc	supervised	NCBI_RefSeq
GCF_036917315.1	GCF_036917315.1_ASM3691731v1_genomic	Nostoc sp.		Cyanobacteriota	Cyanophyceae	Nostocales	Nostocaceae	Nostoc	supervised	NCBI_RefSeq
GCF_008689675.1	GCF_008689675.1_ASM868967v1_genomic	Leuconostoc carnosum		Bacillota	Bacilli	Lactobacillales	Lactobacillaceae	Leuconostoc	supervised	NCBI_RefSeq
GCF_025211395.1	GCF_025211395.1_ASM2521139v1_genomic	Leuconostoc pseudomesenteroides		Bacillota	Bacilli	Lactobacillales	Lactobacillaceae	Leuconostoc	supervised	NCBI_RefSeq
GCF_023701635.1	GCF_023701635.1_ASM2370163v1_genomic	Anabaena sp. PCC 7938		Cyanobacteriota	Cyanophyceae	Nostocales	Nostocaceae	Anabaena	supervised	NCBI_RefSeq
GCF_033881405.1	GCF_033881405.1_ASM3388140v1_genomic	Leuconostoc mesenteroides		Bacillota	Bacilli	Lactobacillales	Lactobacillaceae	Leuconostoc	supervised	NCBI_RefSeq
GCF_002812945.1	GCF_002812945.1_ASM281294v1_genomic	Prochlorococcus marinus		Cyanobacteriota	Cyanophyceae	Synechococcales	Prochlorococcaceae	Prochlorococcus	supervised	NCBI_RefSeq
GCF_030065455.1	GCF_030065455.1_ASM3006545v1_genomic	Microcystis sp. M53602_WE12		Cyanobacteriota	Cyanophyceae	Chroococcales	Microcystaceae	Microcystis	supervised	NCBI_RefSeq
GCF_015840335.1	GCF_015840335.1_ASM1584033v1_genomic	Synechococcus sp. CBW1108		Cyanobacteriota	Cyanophyceae	Synechococcales	Synechococcaceae	Synechococcus	supervised	NCBI_RefSeq
GCF_036918215.1	GCF_036918215.1_ASM3691821v1_genomic	Nostoc sp.		Cyanobacteriota	Cyanophyceae	Nostocales	Nostocaceae	Nostoc	supervised	NCBI_RefSeq
GCF_007828135.1	GCF_007828135.1_ASM782813v1_genomic	Synechococcus sp. Ace-Pa		Cyanobacteriota	Cyanophyceae	Synechococcales	Synechococcaceae	Synechococcus	supervised	NCBI_RefSeq
GCF_020246165.1	GCF_020246165.1_ASM2024616v1_genomic	Microcystis sp. M122S2		Cyanobacteriota	Cyanophyceae	Chroococcales	Microcystaceae	Microcystis	supervised	NCBI_RefSeq
GCF_047304725.1	GCF_047304725.1_ASM4730472v1_genomic	Synechococcus sp. MIT S9451		Cyanobacteriota	Cyanophyceae	Synechococcales	Synechococcaceae	Synechococcus	supervised	NCBI_RefSeq
GCF_036916915.1	GCF_036916915.1_ASM3691691v1_genomic	Nostoc sp.		Cyanobacteriota	Cyanophyceae	Nostocales	Nostocaceae	Nostoc	supervised	NCBI_RefSeq
GCF_015206885.1	GCF_015206885.1_ASM1520688v1_genomic	Microcystis aeruginosa		Cyanobacteriota	Cyanophyceae	Chroococcales	Microcystaceae	Microcystis	supervised	NCBI_RefSeq
GCF_032053965.1	GCF_032053965.1_ASM3205396v1_genomic	Leuconostoc pseudomesenteroides		Bacillota	Bacilli	Lactobacillales	Lactobacillaceae	Leuconostoc	supervised	NCBI_RefSeq
GCF_048320275.1	GCF_048320275.1_ASM4832027v1_genomic	Leuconostoc mesenteroides		Bacillota	Bacilli	Lactobacillales	Lactobacillaceae	Leuconostoc	supervised	NCBI_RefSeq
GCF_028330645.1	GCF_028330645.1_ASM2833064v1_genomic	Microcystis aeruginosa		Cyanobacteriota	Cyanophyceae	Chroococcales	Microcystaceae	Microcystis	supervised	NCBI_RefSeq
GCF_028618735.1	GCF_028618735.1_ASM2861873v1_genomic	Leuconostoc mesenteroides		Bacillota	Bacilli	Lactobacillales	Lactobacillaceae	Leuconostoc	supervised	NCBI_RefSeq
GCF_002092155.1	GCF_002092155.1_ASM209215v1_genomic	Leuconostoc mesenteroides		Bacillota	Bacilli	Lactobacillales	Lactobacillaceae	Leuconostoc	supervised	NCBI_RefSeq
GCF_048656965.1	GCF_048656965.1_ASM4865696v1_genomic	Leuconostoc pseudomesenteroides		Bacillota	Bacilli	Lactobacillales	Lactobacillaceae	Leuconostoc	supervised	NCBI_RefSeq
GCF_004359915.1	GCF_004359915.1_ASM435991v1_genomic	Leuconostoc citreum		Bacillota	Bacilli	Lactobacillales	Lactobacillaceae	Leuconostoc	supervised	NCBI_RefSeq
GCF_047462495.1	GCF_047462495.1_ASM4746249v1_genomic	Synechococcus sp. H55.2		Cyanobacteriota	Cyanophyceae	Synechococcales	Synechococcaceae	Synechococcus	supervised	NCBI_RefSeq
GCF_020514095.1	GCF_020514095.1_ASM2051409v1_genomic	Synechococcus sp. MU1643		Cyanobacteriota	Cyanophyceae	Synechococcales	Synechococcaceae	Synechococcus	supervised	NCBI_RefSeq
GCF_003990585.1	GCF_003990585.1_ASM399058v1_genomic	Nostoc sp. PCC 7120 = FACHB-418		Cyanobacteriota	Cyanophyceae	Nostocales	Nostocaceae	Nostoc	supervised	NCBI_RefSeq
GCF_007095565.1	GCF_007095565.1_ASM709556v1_genomic	Microcystis sp. M_OC_Ca_00000000_S217Cul		Cyanobacteriota	Cyanophyceae	Chroococcales	Microcystaceae	Microcystis	supervised	NCBI_RefSeq
GCF_019325115.1	GCF_019325115.1_ASM1932511v1_genomic	Prochlorococcus marinus		Cyanobacteriota	Cyanophyceae	Synechococcales	Prochlorococcaceae	Prochlorococcus	supervised	NCBI_RefSeq
GCF_036452945.1	GCF_036452945.1_ASM3645294v1_genomic	Leuconostoc gelidum		Bacillota	Bacilli	Lactobacillales	Lactobacillaceae	Leuconostoc	supervised	NCBI_RefSeq
GCF_025128195.1	GCF_025128195.1_ASM2512819v1_genomic	Synechococcus sp. CS-603		Cyanobacteriota	Cyanophyceae	Synechococcales	Synechococcaceae	Synechococcus	supervised	NCBI_RefSeq
GCF_004209775.1	GCF_004209775.1_ASM420977v1_genomic	Synechococcus sp. WH 8101		Cyanobacteriota	Cyanophyceae	Synechococcales	Synechococcaceae	Synechococcus	supervised	NCBI_RefSeq
GCF_030361075.1	GCF_030361075.1_ASM3036107v1_genomic	Leuconostoc citreum		Bacillota	Bacilli	Lactobacillales	Lactobacillaceae	Leuconostoc	supervised	NCBI_RefSeq
GCF_006770305.1	GCF_006770305.1_ASM677030v1_genomic	Leuconostoc gelidum		Bacillota	Bacilli	Lactobacillales	Lactobacillaceae	Leuconostoc	supervised	NCBI_RefSeq
GCF_036917695.1	GCF_036917695.1_ASM3691769v1_genomic	Nostoc sp.		Cyanobacteriota	Cyanophyceae	Nostocales	Nostocaceae	Nostoc	supervised	NCBI_RefSeq
GCF_019655975.1	GCF_019655975.1_ASM1965597v1_genomic	Leuconostoc gelidum		Bacillota	Bacilli	Lactobacillales	Lactobacillaceae	Leuconostoc	supervised	NCBI_RefSeq
GCF_036916615.1	GCF_036916615.1_ASM3691661v1_genomic	Nostoc sp.		Cyanobacteriota	Cyanophyceae	Nostocales	Nostocaceae	Nostoc	supervised	NCBI_RefSeq
GCF_036919715.1	GCF_036919715.1_ASM3691971v1_genomic	Nostoc sp.		Cyanobacteriota	Cyanophyceae	Nostocales	Nostocaceae	Nostoc	supervised	NCBI_RefSeq
GCF_002092695.1	GCF_002092695.1_ASM209269v1_genomic	Leuconostoc lactis		Bacillota	Bacilli	Lactobacillales	Lactobacillaceae	Leuconostoc	supervised	NCBI_RefSeq
